pair_id,source_template_category,true_label,record_A_mat_code,record_B_mat_code,reason
56b497f5-368e-4d9a-a2e5-44fc45c3b00e,CAT-BRG,EXACT_DUPLICATE,CPI-SYN-266067,CPI-SYN-820182,Identical MPN and specs
ed0ad39c-d48e-48e8-ad41-f810174feb86,CAT-BRG,EXACT_DUPLICATE,AHM-SYN-730241,AHM-SYN-277037,Identical MPN and specs
dc4b0d4a-67e3-433d-ada4-8e3a34bdd51c,CAT-PMP,EXACT_DUPLICATE,CPI-SYN-308370,GME-SYN-712299,Identical MPN and specs
1291a2fe-a985-4534-85d2-acfcee8708ca,CAT-CBL,EXACT_DUPLICATE,CPI-SYN-333915,AHM-SYN-468466,Identical MPN and specs
4bd67144-7504-4966-a524-521214cad1da,CAT-MTR,EXACT_DUPLICATE,AHM-SYN-663101,AHM-SYN-344076,Identical MPN and specs
a5d89ac6-9084-4d21-b8a0-ccaa2d1156d6,CAT-BRG,EXACT_DUPLICATE,GME-SYN-226370,NEC-SYN-226209,Identical MPN and specs
073fd74d-7c5b-4118-9b88-af70c7ee690c,CAT-LUB,EXACT_DUPLICATE,AHM-SYN-780672,AHM-SYN-794539,Identical MPN and specs
b4023e88-4b5e-420c-9d80-97ef679930a3,CAT-GSK,EXACT_DUPLICATE,GME-SYN-729833,BUS-SYN-655943,Identical MPN and specs
4b42157f-cb93-44a5-83c7-f29432b583a1,CAT-MTR,EXACT_DUPLICATE,BUS-SYN-277135,NEC-SYN-218390,Identical MPN and specs
80143908-5199-4873-9553-a024d25d2f7e,CAT-FLG,EXACT_DUPLICATE,BUS-SYN-701212,AHM-SYN-124887,Identical MPN and specs
620915f7-d5ff-4ed8-bac6-9e7605208a42,CAT-VLV,EXACT_DUPLICATE,CPI-SYN-264107,NEC-SYN-613283,Identical MPN and specs
643d6fac-24bf-4c7c-8c82-1d169782484e,CAT-MTR,EXACT_DUPLICATE,GME-SYN-827156,GME-SYN-181763,Identical MPN and specs
546d1182-6219-4e77-b78b-6ceb340cf867,CAT-FLG,EXACT_DUPLICATE,AHM-SYN-418413,NEC-SYN-430569,Identical MPN and specs
79dcdbce-eef8-423a-8fc9-9f1869d18130,CAT-PIP,EXACT_DUPLICATE,AHM-SYN-774701,BUS-SYN-721743,Identical MPN and specs
b821263d-a589-44bb-b33f-53684bc03513,CAT-PPE,EXACT_DUPLICATE,AHM-SYN-626052,BUS-SYN-620293,Identical MPN and specs
42bf0587-17f3-448a-a577-944e52fc937d,CAT-PPE,EXACT_DUPLICATE,GME-SYN-637488,BUS-SYN-897137,Identical MPN and specs
9163fda8-720f-4430-ae08-88e34518bccd,CAT-PMP,EXACT_DUPLICATE,CPI-SYN-905778,NEC-SYN-130105,Identical MPN and specs
d057fb9c-9f74-483f-b114-360b8684a686,CAT-FST,EXACT_DUPLICATE,GME-SYN-554826,NEC-SYN-957409,Identical MPN and specs
61f55fd3-39b3-4b34-8c3a-18863c9f364b,CAT-CBL,EXACT_DUPLICATE,GME-SYN-641811,GME-SYN-121305,Identical MPN and specs
e4fc002c-ca3c-4927-b7e9-73fb30ba19e0,CAT-LUB,EXACT_DUPLICATE,NEC-SYN-225900,AHM-SYN-810478,Identical MPN and specs
230b6063-559b-44f6-a340-ca38e7542043,CAT-MTR,EXACT_DUPLICATE,NEC-SYN-125839,GME-SYN-531462,Identical MPN and specs
d2c2a120-70b8-4d6c-aa3e-6d7fce4858c4,CAT-PMP,EXACT_DUPLICATE,BUS-SYN-413361,GME-SYN-582403,Identical MPN and specs
77b4138b-8b5b-4bfc-a672-ea5199c837e6,CAT-FLG,EXACT_DUPLICATE,NEC-SYN-956045,AHM-SYN-419565,Identical MPN and specs
34206ae0-275e-4211-a8bd-aa7696ca96d3,CAT-BRG,EXACT_DUPLICATE,GME-SYN-496915,AHM-SYN-602758,Identical MPN and specs
234cece9-f119-4aab-ab74-cbd4a4c88065,CAT-FST,EXACT_DUPLICATE,GME-SYN-911138,CPI-SYN-722000,Identical MPN and specs
2fa5a821-1085-4792-b73a-d970cbd3fc9e,CAT-GSK,EXACT_DUPLICATE,BUS-SYN-121950,AHM-SYN-323126,Identical MPN and specs
1c8dca9b-e68d-43d2-b719-1e6e32150abb,CAT-FST,EXACT_DUPLICATE,NEC-SYN-734553,NEC-SYN-959700,Identical MPN and specs
24412527-393f-4fa3-a2e6-21961830cf72,CAT-FST,EXACT_DUPLICATE,GME-SYN-481636,NEC-SYN-361983,Identical MPN and specs
0620caf5-043f-4c21-a83d-664408cf77f3,CAT-MTR,EXACT_DUPLICATE,AHM-SYN-783760,BUS-SYN-146372,Identical MPN and specs
c8d28a8c-03cb-4ee3-a9de-69f25e8481b1,CAT-PPE,EXACT_DUPLICATE,BUS-SYN-516981,NEC-SYN-300758,Identical MPN and specs
86e203d3-c7b2-4f2f-85ca-7570e844d36c,CAT-GSK,EXACT_DUPLICATE,AHM-SYN-776014,AHM-SYN-959393,Identical MPN and specs
1695c341-f8e4-47fb-bcd5-1f86efb67dfb,CAT-MTR,EXACT_DUPLICATE,CPI-SYN-512694,BUS-SYN-472158,Identical MPN and specs
eacb3a48-ba90-4215-91f8-9336ed25d8e2,CAT-CBL,EXACT_DUPLICATE,GME-SYN-819290,GME-SYN-659364,Identical MPN and specs
48400594-a971-4bde-beea-ff352e0c840b,CAT-VLV,EXACT_DUPLICATE,CPI-SYN-823377,BUS-SYN-819326,Identical MPN and specs
e0062e9e-35cf-4b23-bf5a-d5984a6c2225,CAT-INS,EXACT_DUPLICATE,NEC-SYN-147804,GME-SYN-201095,Identical MPN and specs
006dc5f5-eae2-421a-a444-3dfba2d4aefc,CAT-MTR,EXACT_DUPLICATE,AHM-SYN-293303,AHM-SYN-170447,Identical MPN and specs
d90ba72a-c7a9-4db7-a057-bb6ab622074e,CAT-PMP,EXACT_DUPLICATE,GME-SYN-559894,CPI-SYN-195595,Identical MPN and specs
0e1262aa-9504-4ce6-9c9d-8978dfcdf65f,CAT-VLV,EXACT_DUPLICATE,NEC-SYN-201412,AHM-SYN-963291,Identical MPN and specs
cba30c42-21ff-4790-8b0f-dac726f2ccd4,CAT-PMP,EXACT_DUPLICATE,GME-SYN-304619,GME-SYN-307181,Identical MPN and specs
46b91840-f69a-423c-911b-8cabb6c42a0e,CAT-LUB,EXACT_DUPLICATE,AHM-SYN-818008,CPI-SYN-207989,Identical MPN and specs
aca302ae-9a3d-43c6-bc68-574934594672,CAT-MTR,EXACT_DUPLICATE,AHM-SYN-343523,AHM-SYN-489601,Identical MPN and specs
6c3b0b32-da96-4bbe-8890-b6cb9e03521d,CAT-ELC,EXACT_DUPLICATE,NEC-SYN-534391,AHM-SYN-360048,Identical MPN and specs
4eda2126-f8fb-404b-8456-20d82af646e3,CAT-ELC,EXACT_DUPLICATE,NEC-SYN-280542,BUS-SYN-520067,Identical MPN and specs
78ccdc0a-8b8a-48ff-8725-ff68e5ea71dc,CAT-BRG,EXACT_DUPLICATE,AHM-SYN-411209,NEC-SYN-504899,Identical MPN and specs
0bd51f36-3177-423f-9c64-05a0295fa414,CAT-FST,EXACT_DUPLICATE,BUS-SYN-693551,AHM-SYN-140601,Identical MPN and specs
86b2c549-22fc-4f0f-9ae1-0fc1ed67305a,CAT-GSK,EXACT_DUPLICATE,AHM-SYN-524301,NEC-SYN-745371,Identical MPN and specs
b60d868f-19a1-4e2d-b1d7-580916fec152,CAT-VLV,EXACT_DUPLICATE,CPI-SYN-254406,GME-SYN-146685,Identical MPN and specs
bf204d4a-b141-4c9f-9699-a2ce8a31fd8d,CAT-ELC,EXACT_DUPLICATE,AHM-SYN-599792,AHM-SYN-850707,Identical MPN and specs
07536ea6-a515-42b0-b3f9-da336b3b015f,CAT-VLV,EXACT_DUPLICATE,AHM-SYN-935991,GME-SYN-824208,Identical MPN and specs
e87a9449-7105-4749-8ae2-99d27ddff5a3,CAT-CBL,EXACT_DUPLICATE,GME-SYN-163846,CPI-SYN-751629,Identical MPN and specs
cfb12c69-2b54-4b60-8afd-5dd9d1f209d8,CAT-PPE,EXACT_DUPLICATE,GME-SYN-504957,NEC-SYN-569534,Identical MPN and specs
dd423f80-f8e8-44ca-81b1-68c973163d64,CAT-PMP,EXACT_DUPLICATE,NEC-SYN-946811,GME-SYN-630071,Identical MPN and specs
5cd1256e-b01c-4f2a-b3f7-16fc3ce3937f,CAT-LUB,EXACT_DUPLICATE,AHM-SYN-810095,CPI-SYN-136116,Identical MPN and specs
53e4cedb-a6bd-473d-8883-e3a51d2fdd2e,CAT-VLV,EXACT_DUPLICATE,GME-SYN-999973,GME-SYN-158821,Identical MPN and specs
859343ff-6af2-4659-b37a-5effbe2e0bb9,CAT-CBL,EXACT_DUPLICATE,BUS-SYN-489482,NEC-SYN-608435,Identical MPN and specs
42333748-15c3-4868-a788-93e065d1960c,CAT-INS,EXACT_DUPLICATE,NEC-SYN-867020,AHM-SYN-353819,Identical MPN and specs
c0e24115-5e06-488f-a476-27351e3ebd10,CAT-VLV,EXACT_DUPLICATE,AHM-SYN-575704,CPI-SYN-760909,Identical MPN and specs
4b487f98-6492-435c-b25c-23d1db768e1d,CAT-GSK,EXACT_DUPLICATE,AHM-SYN-403131,NEC-SYN-213561,Identical MPN and specs
d697203d-8136-44be-a9f6-c852714e9efb,CAT-PIP,EXACT_DUPLICATE,NEC-SYN-898958,NEC-SYN-109894,Identical MPN and specs
64867c4e-8592-4c9a-8f11-fda266aa8930,CAT-FST,EXACT_DUPLICATE,BUS-SYN-801742,CPI-SYN-152597,Identical MPN and specs
e7d33170-b905-495a-97f5-bdf07ec261df,CAT-ELC,EXACT_DUPLICATE,AHM-SYN-126507,NEC-SYN-842717,Identical MPN and specs
c3685392-75d4-4c07-a190-e6e2dca486e6,CAT-PMP,EXACT_DUPLICATE,AHM-SYN-287552,NEC-SYN-223743,Identical MPN and specs
91d92fe0-93ce-4c4b-bcf9-06829b782281,CAT-PIP,EXACT_DUPLICATE,AHM-SYN-292682,BUS-SYN-227841,Identical MPN and specs
a1b2cda9-1358-46ae-9238-09234d5315be,CAT-CBL,EXACT_DUPLICATE,CPI-SYN-689073,BUS-SYN-214004,Identical MPN and specs
ee642d5e-20d4-4870-b723-77b228694d6e,CAT-FST,EXACT_DUPLICATE,BUS-SYN-699593,NEC-SYN-894149,Identical MPN and specs
f686108b-636a-4390-8666-8009488f3912,CAT-INS,EXACT_DUPLICATE,NEC-SYN-921257,BUS-SYN-965697,Identical MPN and specs
42b58d34-b00c-4dd7-b459-2204afeb16ff,CAT-LUB,EXACT_DUPLICATE,AHM-SYN-753752,GME-SYN-397057,Identical MPN and specs
7481f065-e448-4893-afb6-1484fa4a5ffa,CAT-PMP,EXACT_DUPLICATE,CPI-SYN-184898,CPI-SYN-237400,Identical MPN and specs
78a3c6dc-6c4e-4e35-a826-7a247a6496b9,CAT-MTR,EXACT_DUPLICATE,AHM-SYN-870048,CPI-SYN-307897,Identical MPN and specs
6706a6c8-3fb0-495d-a631-d360db79a0da,CAT-PPE,EXACT_DUPLICATE,CPI-SYN-275328,CPI-SYN-557723,Identical MPN and specs
e1889a17-f7aa-493a-b382-96377a83e5a3,CAT-INS,EXACT_DUPLICATE,NEC-SYN-680380,GME-SYN-883207,Identical MPN and specs
f7a350d2-b170-44fe-a480-53f9b7f41706,CAT-LUB,EXACT_DUPLICATE,AHM-SYN-230098,AHM-SYN-343874,Identical MPN and specs
c594870c-b6b8-4718-881c-eeb1a431763c,CAT-FST,EXACT_DUPLICATE,BUS-SYN-588013,NEC-SYN-660673,Identical MPN and specs
6f1e3214-ea4a-468b-87bd-cee35c8c265c,CAT-PPE,EXACT_DUPLICATE,NEC-SYN-286093,CPI-SYN-197180,Identical MPN and specs
7d5704e8-b268-4363-9cd4-0d40de220931,CAT-MTR,EXACT_DUPLICATE,CPI-SYN-396840,NEC-SYN-662483,Identical MPN and specs
17b43fc3-0065-4a00-9c3c-c26cedb4c546,CAT-PPE,EXACT_DUPLICATE,AHM-SYN-675565,BUS-SYN-660522,Identical MPN and specs
83076d4e-f596-49fc-9bd6-24392eb64ed2,CAT-PPE,EXACT_DUPLICATE,AHM-SYN-448441,NEC-SYN-656765,Identical MPN and specs
757781cf-4851-48b5-ab2f-9080ea79bc83,CAT-PIP,EXACT_DUPLICATE,NEC-SYN-134759,GME-SYN-512256,Identical MPN and specs
b3929437-a045-403a-8074-89f12c0d9ebd,CAT-VLV,EXACT_DUPLICATE,BUS-SYN-118983,GME-SYN-589223,Identical MPN and specs
8f6a5a94-90e3-43e4-b9f9-31d36cda9399,CAT-BRG,EXACT_DUPLICATE,BUS-SYN-358199,BUS-SYN-925482,Identical MPN and specs
3afa5ad6-ace2-4f89-b5e3-9650bb88aa2d,CAT-PMP,EXACT_DUPLICATE,GME-SYN-119915,AHM-SYN-262848,Identical MPN and specs
791663ab-6e7d-490a-9ee0-67f1db9bc675,CAT-VLV,EXACT_DUPLICATE,CPI-SYN-285317,NEC-SYN-141566,Identical MPN and specs
1e2b5e23-497f-429a-9812-00daa69f481a,CAT-ELC,EXACT_DUPLICATE,BUS-SYN-673370,NEC-SYN-248436,Identical MPN and specs
5fc18299-3813-4946-b32f-6329c4d496dd,CAT-LUB,EXACT_DUPLICATE,GME-SYN-128962,CPI-SYN-265351,Identical MPN and specs
7888b68a-4f54-443c-b56a-09bf9a68c4df,CAT-CBL,EXACT_DUPLICATE,CPI-SYN-926182,BUS-SYN-848540,Identical MPN and specs
eec7b6a7-45c2-4218-8e2a-49c275bda460,CAT-LUB,EXACT_DUPLICATE,GME-SYN-919355,NEC-SYN-437158,Identical MPN and specs
b3a16117-3c62-475c-9fc4-7c45ee5cd22c,CAT-PPE,EXACT_DUPLICATE,GME-SYN-460819,GME-SYN-846524,Identical MPN and specs
85906a96-3bc5-41f5-bd2d-93178b9108ba,CAT-PMP,EXACT_DUPLICATE,NEC-SYN-322645,NEC-SYN-217622,Identical MPN and specs
7d7e0f75-e441-4cf5-b8fa-e11d9d3b0f1f,CAT-CBL,EXACT_DUPLICATE,GME-SYN-506677,BUS-SYN-262895,Identical MPN and specs
4f9b5c7b-4096-4bc8-81a8-a95b8fae2b59,CAT-VLV,EXACT_DUPLICATE,AHM-SYN-747629,BUS-SYN-726808,Identical MPN and specs
4ea9dada-d5b0-4fa9-96aa-c7b7cd8f3612,CAT-LUB,EXACT_DUPLICATE,GME-SYN-386846,NEC-SYN-562445,Identical MPN and specs
b7e8c7d4-84fd-4665-aed8-803f59618ab8,CAT-ELC,EXACT_DUPLICATE,NEC-SYN-393908,AHM-SYN-328719,Identical MPN and specs
bc34ead3-a970-46a1-a108-d7350c16ba5c,CAT-ELC,EXACT_DUPLICATE,AHM-SYN-898829,CPI-SYN-763390,Identical MPN and specs
cdf7ba4a-6a1b-481b-aafe-93a3d03240bf,CAT-LUB,EXACT_DUPLICATE,BUS-SYN-546618,AHM-SYN-500994,Identical MPN and specs
22fffa0d-3b45-470c-8026-5b477025c2cf,CAT-FLG,EXACT_DUPLICATE,BUS-SYN-939156,GME-SYN-412316,Identical MPN and specs
e45c6bfe-30a9-4350-83db-373c12c8f6e2,CAT-VLV,EXACT_DUPLICATE,GME-SYN-590138,BUS-SYN-578293,Identical MPN and specs
09293236-5a08-4619-97ff-8f854ee1b1c2,CAT-ELC,EXACT_DUPLICATE,AHM-SYN-637377,BUS-SYN-661095,Identical MPN and specs
1b14610f-3c24-4e2e-b0b2-e67946eae7ff,CAT-PMP,EXACT_DUPLICATE,NEC-SYN-822648,GME-SYN-375856,Identical MPN and specs
a34419b4-08ae-4bd5-a596-6fbd23b6847c,CAT-GSK,EXACT_DUPLICATE,AHM-SYN-567901,BUS-SYN-562029,Identical MPN and specs
bdb02f50-ddfe-4780-8f55-9bf8b16e6f9f,CAT-ELC,EXACT_DUPLICATE,CPI-SYN-798824,NEC-SYN-352944,Identical MPN and specs
d7783fce-f2bf-4446-b990-fd1088e4efbc,CAT-MTR,EXACT_DUPLICATE,NEC-SYN-938568,BUS-SYN-409637,Identical MPN and specs
50433692-b26d-4f55-908f-df5189877f53,CAT-FST,EXACT_DUPLICATE,CPI-SYN-528709,BUS-SYN-907678,Identical MPN and specs
3fd9a38e-bd6e-4c14-add8-0808411ad22f,CAT-VLV,EXACT_DUPLICATE,BUS-SYN-453559,GME-SYN-653392,Identical MPN and specs
7617307e-d9b2-4558-ad39-3003ba921123,CAT-GSK,EXACT_DUPLICATE,BUS-SYN-589255,AHM-SYN-196176,Identical MPN and specs
94f11ca2-10d8-4479-9675-6d2b5996da40,CAT-GSK,EXACT_DUPLICATE,GME-SYN-275009,GME-SYN-610643,Identical MPN and specs
37c5622d-d36a-4c65-a76e-a465d1189af3,CAT-GSK,EXACT_DUPLICATE,BUS-SYN-396757,NEC-SYN-694469,Identical MPN and specs
067a64af-bf02-4b63-851e-44cf05e64063,CAT-MTR,EXACT_DUPLICATE,CPI-SYN-774485,AHM-SYN-667893,Identical MPN and specs
64f6d4fa-a7cd-425f-a5b4-70f7e691d7d2,CAT-MTR,EXACT_DUPLICATE,NEC-SYN-364403,NEC-SYN-970276,Identical MPN and specs
5bb857d7-25bc-46e2-aefc-5b2550901830,CAT-MTR,EXACT_DUPLICATE,CPI-SYN-539172,GME-SYN-978379,Identical MPN and specs
857f6d11-7c5b-4d51-960c-f628cacb3c36,CAT-FLG,EXACT_DUPLICATE,CPI-SYN-566441,NEC-SYN-618501,Identical MPN and specs
7b297f0a-2856-474e-ac7f-1da53025aea5,CAT-PMP,EXACT_DUPLICATE,BUS-SYN-644175,BUS-SYN-429546,Identical MPN and specs
61420189-0f80-4811-9e6d-020ef7bbee8f,CAT-LUB,EXACT_DUPLICATE,CPI-SYN-454638,AHM-SYN-366746,Identical MPN and specs
98879f13-cde1-4c7c-9e8d-07a4dae38a13,CAT-LUB,EXACT_DUPLICATE,BUS-SYN-613373,NEC-SYN-163509,Identical MPN and specs
f48795e6-6cf8-4c57-a328-fbecb063252e,CAT-FST,EXACT_DUPLICATE,BUS-SYN-415725,NEC-SYN-263325,Identical MPN and specs
d2aba83f-1797-4ebd-8b61-ee5efee77e1d,CAT-PIP,EXACT_DUPLICATE,AHM-SYN-609767,CPI-SYN-106907,Identical MPN and specs
15484e72-8c9b-42cd-b3bc-cc95dfd8a0da,CAT-INS,EXACT_DUPLICATE,CPI-SYN-874009,GME-SYN-519706,Identical MPN and specs
57bca2f1-27a5-4ea7-bc7f-e48f8d20e0cd,CAT-BRG,EXACT_DUPLICATE,CPI-SYN-121888,BUS-SYN-430969,Identical MPN and specs
b4374448-67ae-477e-93c6-d721d22b9c2c,CAT-PMP,EXACT_DUPLICATE,GME-SYN-339032,GME-SYN-741891,Identical MPN and specs
d9615b90-b199-494c-8790-56a541de2c62,CAT-PIP,EXACT_DUPLICATE,BUS-SYN-875265,AHM-SYN-959560,Identical MPN and specs
10c9bb96-da6c-441c-93f2-5223ed1c5592,CAT-MTR,EXACT_DUPLICATE,AHM-SYN-729507,AHM-SYN-614779,Identical MPN and specs
a88fc88a-023e-48a9-8e3d-a31704938c48,CAT-PPE,EXACT_DUPLICATE,GME-SYN-771900,NEC-SYN-925489,Identical MPN and specs
8516d889-501c-43df-8fa3-a3cca6f81461,CAT-LUB,EXACT_DUPLICATE,NEC-SYN-459895,GME-SYN-509243,Identical MPN and specs
a32c5caa-1b99-4d77-96e0-0a8393236e77,CAT-FLG,EXACT_DUPLICATE,CPI-SYN-879390,CPI-SYN-450929,Identical MPN and specs
24c90695-e7b2-4516-ad05-7816d8d9f497,CAT-FLG,EXACT_DUPLICATE,BUS-SYN-884151,NEC-SYN-121438,Identical MPN and specs
8bf5ce9b-b6d5-4821-8144-fb2b26872d17,CAT-VLV,EXACT_DUPLICATE,GME-SYN-706176,NEC-SYN-106275,Identical MPN and specs
f9ca56a5-7e2f-4b38-89d1-accced9175ac,CAT-VLV,EXACT_DUPLICATE,NEC-SYN-721043,CPI-SYN-493952,Identical MPN and specs
52f50419-20bd-4ec5-9c5f-e5c9aa06772c,CAT-VLV,EXACT_DUPLICATE,BUS-SYN-609319,AHM-SYN-424660,Identical MPN and specs
5cb74016-5cc0-44de-9629-d0190b31e682,CAT-PIP,EXACT_DUPLICATE,CPI-SYN-300664,GME-SYN-645005,Identical MPN and specs
d3e025dc-10a9-49e0-9a2e-0f2a6873f358,CAT-GSK,EXACT_DUPLICATE,AHM-SYN-738684,BUS-SYN-571518,Identical MPN and specs
2eb516f5-2173-436c-a03b-c46711971778,CAT-ELC,EXACT_DUPLICATE,BUS-SYN-503457,AHM-SYN-818565,Identical MPN and specs
91f258f6-38f8-4f04-afa4-b6f12f80d17a,CAT-BRG,EXACT_DUPLICATE,CPI-SYN-953528,AHM-SYN-674955,Identical MPN and specs
302b7a12-75f9-4d57-a0b5-fbedb32305f6,CAT-GSK,EXACT_DUPLICATE,GME-SYN-148207,NEC-SYN-360895,Identical MPN and specs
85f7f4f0-2789-48ef-9f9d-5d067eaae23e,CAT-PMP,EXACT_DUPLICATE,AHM-SYN-904924,NEC-SYN-374391,Identical MPN and specs
026c0631-72f4-4887-814d-44c1a1c6cc7b,CAT-PPE,EXACT_DUPLICATE,BUS-SYN-991901,NEC-SYN-947351,Identical MPN and specs
71c7e8d8-2fa8-4e2c-a834-a548b52cb7f4,CAT-MTR,EXACT_DUPLICATE,CPI-SYN-510541,AHM-SYN-815721,Identical MPN and specs
05c511e3-e430-46d6-83d6-e2586b4719d6,CAT-INS,EXACT_DUPLICATE,BUS-SYN-233894,BUS-SYN-545986,Identical MPN and specs
6e2202ec-cf30-4748-9218-c1bbb3e597c6,CAT-INS,EXACT_DUPLICATE,CPI-SYN-798869,AHM-SYN-654230,Identical MPN and specs
c5aa7861-4b39-4e6f-b2c3-59c8d33b2225,CAT-MTR,EXACT_DUPLICATE,AHM-SYN-103017,CPI-SYN-462598,Identical MPN and specs
fe1c6f87-a51e-43a1-8e19-d6f0c8b9c372,CAT-INS,EXACT_DUPLICATE,AHM-SYN-707725,GME-SYN-109074,Identical MPN and specs
c23a808e-b048-405f-9675-8ff55114b70d,CAT-PMP,EXACT_DUPLICATE,NEC-SYN-267772,BUS-SYN-973463,Identical MPN and specs
fda17577-76a1-45ff-b48b-dcdc094aadcc,CAT-ELC,EXACT_DUPLICATE,GME-SYN-177389,BUS-SYN-251782,Identical MPN and specs
ac0302c3-ac27-466b-9c0c-cf8fa09414cf,CAT-LUB,EXACT_DUPLICATE,CPI-SYN-936092,NEC-SYN-365583,Identical MPN and specs
5e606274-a64a-4506-9357-f615e992a8de,CAT-FLG,EXACT_DUPLICATE,BUS-SYN-986198,AHM-SYN-224408,Identical MPN and specs
0b8bebd0-a9f7-4895-9a63-cb19086470d8,CAT-PMP,EXACT_DUPLICATE,GME-SYN-920789,GME-SYN-916860,Identical MPN and specs
c0cb3968-c5d3-4e31-b2f1-4ee1b4aee60d,CAT-GSK,EXACT_DUPLICATE,BUS-SYN-190050,GME-SYN-831299,Identical MPN and specs
ee4b91a3-b2c7-46c3-b5fd-97ae8cc4dce8,CAT-FLG,EXACT_DUPLICATE,AHM-SYN-445922,CPI-SYN-145992,Identical MPN and specs
fb4f8e3f-04e0-4f8e-a634-61ea8f0d2a00,CAT-GSK,EXACT_DUPLICATE,CPI-SYN-963171,GME-SYN-678981,Identical MPN and specs
4286a9c4-7449-4049-9cb9-6865635dbd59,CAT-ELC,EXACT_DUPLICATE,CPI-SYN-586166,AHM-SYN-463098,Identical MPN and specs
eaf85b0d-b930-4ce2-914b-d5fbbb6b4299,CAT-CBL,EXACT_DUPLICATE,GME-SYN-812334,GME-SYN-753353,Identical MPN and specs
c6db8c11-39b1-49d5-9a34-2dfae5e2d7fe,CAT-FST,EXACT_DUPLICATE,BUS-SYN-614027,BUS-SYN-840020,Identical MPN and specs
f94708df-0d88-4912-9cfd-7c92e59f5c3d,CAT-GSK,EXACT_DUPLICATE,BUS-SYN-241441,NEC-SYN-410917,Identical MPN and specs
f8df1203-e55f-4aed-a9f6-397c6620d27c,CAT-GSK,EXACT_DUPLICATE,BUS-SYN-771456,NEC-SYN-401384,Identical MPN and specs
c57a87e8-b23d-45b2-8ea2-6a288a5ef7ff,CAT-PMP,EXACT_DUPLICATE,GME-SYN-315032,AHM-SYN-607791,Identical MPN and specs
59415f50-aacd-41cf-83fb-dec8e14f5b9a,CAT-PPE,EXACT_DUPLICATE,BUS-SYN-751979,AHM-SYN-191676,Identical MPN and specs
0a20b9e2-2bb7-459f-9a06-45e8a5470764,CAT-VLV,EXACT_DUPLICATE,NEC-SYN-983219,CPI-SYN-749691,Identical MPN and specs
bab17037-7fc1-4dcb-b259-d5b38f7c8566,CAT-INS,EXACT_DUPLICATE,GME-SYN-847550,NEC-SYN-895038,Identical MPN and specs
29d38049-35ab-42e1-a6e6-bccda49a7006,CAT-ELC,EXACT_DUPLICATE,GME-SYN-600899,AHM-SYN-466507,Identical MPN and specs
e7341643-4348-49b3-95d6-e504f9beac1b,CAT-BRG,EXACT_DUPLICATE,BUS-SYN-325222,AHM-SYN-218296,Identical MPN and specs
75ac0fa1-19b9-47b3-8f59-db460b990847,CAT-FST,EXACT_DUPLICATE,AHM-SYN-375755,AHM-SYN-928899,Identical MPN and specs
7d2e018b-d5d4-4790-b480-0b9577061f11,CAT-PMP,EXACT_DUPLICATE,NEC-SYN-607001,BUS-SYN-230408,Identical MPN and specs
dd9f4fc3-e332-4dc5-9926-27727f1221fa,CAT-PMP,EXACT_DUPLICATE,GME-SYN-638004,GME-SYN-582210,Identical MPN and specs
8794f92d-f8e5-40a1-af58-5c3c30bbe9d5,CAT-MTR,EXACT_DUPLICATE,CPI-SYN-830052,CPI-SYN-460458,Identical MPN and specs
f7739ce8-d02e-495c-ac72-a518633c00f4,CAT-FLG,EXACT_DUPLICATE,NEC-SYN-961991,AHM-SYN-252445,Identical MPN and specs
4044c7d8-765f-4952-ae47-804f3df1a760,CAT-FST,EXACT_DUPLICATE,AHM-SYN-784862,NEC-SYN-731094,Identical MPN and specs
e01f5fa3-71bd-43ac-ba04-3f30eec09003,CAT-FST,EXACT_DUPLICATE,CPI-SYN-258011,BUS-SYN-682890,Identical MPN and specs
66581e4e-164f-47b1-8020-3eef6f6844a9,CAT-BRG,EXACT_DUPLICATE,NEC-SYN-907530,GME-SYN-538247,Identical MPN and specs
2ef5d5ad-8708-46fd-a295-d5e792b96e53,CAT-MTR,EXACT_DUPLICATE,GME-SYN-450931,CPI-SYN-220987,Identical MPN and specs
32abd972-73e5-4717-9d0e-306f25e6aa82,CAT-BRG,EXACT_DUPLICATE,BUS-SYN-801334,CPI-SYN-251361,Identical MPN and specs
0c0ddee3-1053-4030-b4b5-fe30619bd6fa,CAT-MTR,EXACT_DUPLICATE,NEC-SYN-813855,NEC-SYN-326758,Identical MPN and specs
41b6d472-105f-446b-a8dc-992931e76f0a,CAT-MTR,EXACT_DUPLICATE,BUS-SYN-161930,BUS-SYN-223319,Identical MPN and specs
9e820f9d-c79d-41b3-b91c-2d89c150fe32,CAT-BRG,EXACT_DUPLICATE,CPI-SYN-475379,CPI-SYN-236043,Identical MPN and specs
23dabd74-0cb6-47c0-8cfe-92f546523aa6,CAT-PIP,EXACT_DUPLICATE,GME-SYN-556983,GME-SYN-613105,Identical MPN and specs
ed8391ff-8cd8-44e6-a8a1-18ef0be73016,CAT-PMP,EXACT_DUPLICATE,BUS-SYN-136103,NEC-SYN-743633,Identical MPN and specs
f01aac23-57b9-4fe2-a931-f1d0493eec1d,CAT-ELC,EXACT_DUPLICATE,CPI-SYN-465026,CPI-SYN-875675,Identical MPN and specs
421e8187-6506-460c-bea5-33e7758197b1,CAT-GSK,EXACT_DUPLICATE,AHM-SYN-841079,CPI-SYN-662393,Identical MPN and specs
365a16d6-8793-4a93-a07d-07e0d65b64aa,CAT-FST,EXACT_DUPLICATE,NEC-SYN-204198,AHM-SYN-849191,Identical MPN and specs
068e5c33-9881-4a7f-af79-6e278affe3da,CAT-GSK,EXACT_DUPLICATE,BUS-SYN-430729,CPI-SYN-150943,Identical MPN and specs
8a53df53-0cf3-45b1-967f-764168b6da7a,CAT-ELC,EXACT_DUPLICATE,BUS-SYN-740062,NEC-SYN-139443,Identical MPN and specs
4a57c410-6ff8-401d-abbe-3c8bdd9747d2,CAT-LUB,EXACT_DUPLICATE,AHM-SYN-980450,NEC-SYN-101081,Identical MPN and specs
fe265ddc-6271-4b4e-8130-6016e0ff3503,CAT-FST,EXACT_DUPLICATE,AHM-SYN-847961,CPI-SYN-609228,Identical MPN and specs
0bcef1ca-ed1b-459c-88f2-04068208bec9,CAT-GSK,EXACT_DUPLICATE,BUS-SYN-614202,AHM-SYN-397660,Identical MPN and specs
a39ba501-c866-485e-91dd-574a33828a87,CAT-VLV,EXACT_DUPLICATE,BUS-SYN-211205,CPI-SYN-620788,Identical MPN and specs
04cc3d55-241f-4b60-aeb9-e85966d8a84e,CAT-INS,EXACT_DUPLICATE,NEC-SYN-256426,BUS-SYN-980155,Identical MPN and specs
13a1afbe-cbd6-44f4-a1e8-c52a2070fd58,CAT-VLV,EXACT_DUPLICATE,NEC-SYN-152180,CPI-SYN-242155,Identical MPN and specs
0970fcd5-6b32-4ff3-9790-bc80d3b3eabf,CAT-CBL,EXACT_DUPLICATE,CPI-SYN-972139,BUS-SYN-991662,Identical MPN and specs
79bb3f65-177d-44e9-9a2b-66fb24cdafaa,CAT-ELC,EXACT_DUPLICATE,NEC-SYN-534756,NEC-SYN-201689,Identical MPN and specs
50f7446c-5a36-46ab-bebc-28be302f1be7,CAT-PIP,EXACT_DUPLICATE,NEC-SYN-495527,CPI-SYN-321362,Identical MPN and specs
536d786f-f778-4c4b-ab90-e765716b7e02,CAT-VLV,EXACT_DUPLICATE,AHM-SYN-390477,CPI-SYN-139412,Identical MPN and specs
511d71ad-55fe-498c-8db4-28101d3f849f,CAT-INS,EXACT_DUPLICATE,BUS-SYN-625749,GME-SYN-904350,Identical MPN and specs
4a531a00-8007-4158-baf4-8f5f8866e37a,CAT-ELC,EXACT_DUPLICATE,CPI-SYN-881374,NEC-SYN-288642,Identical MPN and specs
338ea14c-28d7-4765-b99f-1f7c00deb486,CAT-CBL,EXACT_DUPLICATE,GME-SYN-945709,BUS-SYN-304847,Identical MPN and specs
88f0255f-9f5f-453a-b761-129c95a2ce59,CAT-PMP,EXACT_DUPLICATE,NEC-SYN-752795,AHM-SYN-857605,Identical MPN and specs
aa72fb55-0fbd-4901-9e20-5518980dde30,CAT-CBL,EXACT_DUPLICATE,CPI-SYN-258055,CPI-SYN-724509,Identical MPN and specs
52ca5149-2598-4bc9-a87d-3f15b09dcae0,CAT-FST,EXACT_DUPLICATE,BUS-SYN-321718,AHM-SYN-629274,Identical MPN and specs
d692b8f8-0367-46de-8f21-4662d663354d,CAT-FLG,EXACT_DUPLICATE,AHM-SYN-897028,GME-SYN-929922,Identical MPN and specs
499e6ec9-c582-4168-8764-3ad320f98012,CAT-MTR,EXACT_DUPLICATE,NEC-SYN-234265,AHM-SYN-840931,Identical MPN and specs
31279597-b3e2-40f3-8601-257bb13efc69,CAT-LUB,EXACT_DUPLICATE,GME-SYN-151469,AHM-SYN-463490,Identical MPN and specs
42575a35-d822-480b-b821-bf142733e6aa,CAT-BRG,EXACT_DUPLICATE,NEC-SYN-893920,BUS-SYN-711293,Identical MPN and specs
cd2aafd4-d017-4da1-9632-3beda7217d2e,CAT-ELC,EXACT_DUPLICATE,AHM-SYN-137653,BUS-SYN-393021,Identical MPN and specs
ed78fcbe-5053-4dd7-adde-12c30baf3a0e,CAT-LUB,EXACT_DUPLICATE,NEC-SYN-353938,NEC-SYN-957672,Identical MPN and specs
86bc3676-8340-415d-8185-f9f714147cb9,CAT-CBL,EXACT_DUPLICATE,NEC-SYN-101838,BUS-SYN-895850,Identical MPN and specs
91234d61-2f96-498a-ae04-3be08033edf6,CAT-ELC,EXACT_DUPLICATE,BUS-SYN-759237,CPI-SYN-450970,Identical MPN and specs
b3dfa4f8-98c5-47e6-ae43-4f87a8f5522c,CAT-INS,EXACT_DUPLICATE,NEC-SYN-918826,AHM-SYN-901029,Identical MPN and specs
3726aef2-27a0-4d24-833c-702505253802,CAT-FLG,EXACT_DUPLICATE,GME-SYN-257704,AHM-SYN-536938,Identical MPN and specs
040247ba-91e5-4872-8747-61c2555bfb04,CAT-MTR,EXACT_DUPLICATE,GME-SYN-611952,GME-SYN-305775,Identical MPN and specs
d4379fcd-d0c5-41c7-98ee-eb8ffbbed4e9,CAT-FLG,EXACT_DUPLICATE,AHM-SYN-584535,NEC-SYN-844216,Identical MPN and specs
8c0dce0f-e00d-4d00-807d-911551e16c0a,CAT-VLV,EXACT_DUPLICATE,GME-SYN-264687,NEC-SYN-857545,Identical MPN and specs
932794e6-ba9b-4536-953c-b95429039fb7,CAT-MTR,EXACT_DUPLICATE,GME-SYN-284130,BUS-SYN-977089,Identical MPN and specs
a14859c0-26b1-49b6-a3de-f60f8e425dcb,CAT-GSK,EXACT_DUPLICATE,AHM-SYN-765627,GME-SYN-332734,Identical MPN and specs
0d1c484f-6073-4c3c-91b2-8a28b0aaeb2e,CAT-ELC,EXACT_DUPLICATE,NEC-SYN-725729,BUS-SYN-836135,Identical MPN and specs
4dc75612-a12e-42bd-824c-e70bf46db771,CAT-FLG,EXACT_DUPLICATE,CPI-SYN-965837,GME-SYN-327018,Identical MPN and specs
89e9f0f6-9c65-4719-929e-f3ab0a5c6ff8,CAT-FLG,EXACT_DUPLICATE,GME-SYN-332545,CPI-SYN-796926,Identical MPN and specs
210706f0-e7f6-4610-bbe4-58a2f3bee6f9,CAT-PPE,EXACT_DUPLICATE,AHM-SYN-632721,AHM-SYN-268145,Identical MPN and specs
4e264443-7153-4fe4-8a8d-ced7e822b257,CAT-ELC,EXACT_DUPLICATE,CPI-SYN-640569,CPI-SYN-430438,Identical MPN and specs
eb0072fc-df80-426e-87cf-715328660546,CAT-MTR,EXACT_DUPLICATE,BUS-SYN-828326,AHM-SYN-994785,Identical MPN and specs
2463b6df-db75-487d-a1dd-be606892ad87,CAT-INS,EXACT_DUPLICATE,AHM-SYN-571522,AHM-SYN-676924,Identical MPN and specs
7ced2a12-14d6-454c-8d98-9583953a239d,CAT-PMP,EXACT_DUPLICATE,CPI-SYN-249152,CPI-SYN-582082,Identical MPN and specs
8b3da7b8-8890-464e-b250-3da3f52f0670,CAT-GSK,EXACT_DUPLICATE,GME-SYN-963243,GME-SYN-519264,Identical MPN and specs
536793ff-75ed-4ce2-ae2a-6492c4b91971,CAT-VLV,EXACT_DUPLICATE,CPI-SYN-208478,BUS-SYN-814988,Identical MPN and specs
7b478a9a-701c-48ba-ae02-a015aaf2ab6e,CAT-MTR,EXACT_DUPLICATE,BUS-SYN-959846,BUS-SYN-405677,Identical MPN and specs
01f215cf-f226-400e-8074-0c324e5fdd42,CAT-BRG,EXACT_DUPLICATE,BUS-SYN-273828,GME-SYN-449175,Identical MPN and specs
6c64aeda-c5e5-43f1-890c-53f6f3c2956c,CAT-FLG,EXACT_DUPLICATE,CPI-SYN-693568,CPI-SYN-620906,Identical MPN and specs
61886fb4-b7e2-4a84-9e8d-b4ce86da234d,CAT-PPE,EXACT_DUPLICATE,CPI-SYN-348478,CPI-SYN-126272,Identical MPN and specs
4a0107ad-546b-46de-a312-3f2923e1b13f,CAT-VLV,EXACT_DUPLICATE,GME-SYN-156575,NEC-SYN-943891,Identical MPN and specs
76bd252b-e6fd-459a-be10-b9b81d644160,CAT-MTR,EXACT_DUPLICATE,BUS-SYN-639084,GME-SYN-605561,Identical MPN and specs
755727e2-59dd-4940-ae92-4bb7438b465d,CAT-PIP,EXACT_DUPLICATE,NEC-SYN-753813,AHM-SYN-761467,Identical MPN and specs
f256ca46-f02e-4d1d-9bdb-03ecb380e685,CAT-PIP,EXACT_DUPLICATE,GME-SYN-735580,AHM-SYN-823254,Identical MPN and specs
19ca7f25-b709-469f-8ad4-370c73e2400a,CAT-MTR,EXACT_DUPLICATE,NEC-SYN-496002,BUS-SYN-899836,Identical MPN and specs
5ab7adcc-4103-454f-b30a-a4a07acca26c,CAT-GSK,EXACT_DUPLICATE,CPI-SYN-387989,AHM-SYN-125146,Identical MPN and specs
5c453c66-6692-4b08-9a65-7199242e367f,CAT-INS,EXACT_DUPLICATE,GME-SYN-982789,BUS-SYN-450845,Identical MPN and specs
be86fd16-8a49-4b50-94fe-eeffe29e2751,CAT-FST,EXACT_DUPLICATE,GME-SYN-553261,BUS-SYN-808161,Identical MPN and specs
49c1e542-df0b-4133-8fbe-ebe29e94b537,CAT-PMP,EXACT_DUPLICATE,CPI-SYN-608945,AHM-SYN-555127,Identical MPN and specs
ec344657-fa03-4dbb-8ad1-2c41960cdc68,CAT-LUB,EXACT_DUPLICATE,BUS-SYN-720037,GME-SYN-195636,Identical MPN and specs
28340ba1-0c94-497b-b016-698b3938333c,CAT-MTR,EXACT_DUPLICATE,GME-SYN-827943,GME-SYN-557595,Identical MPN and specs
2fbcd66e-5fcf-4eab-87a1-66340443ecb3,CAT-INS,EXACT_DUPLICATE,BUS-SYN-444680,BUS-SYN-965373,Identical MPN and specs
239bbaf7-fb8e-4652-91b7-ab10f90d3ba3,CAT-PPE,EXACT_DUPLICATE,AHM-SYN-868483,GME-SYN-503328,Identical MPN and specs
cfa93960-f169-421a-8776-f856399242fa,CAT-VLV,EXACT_DUPLICATE,AHM-SYN-468248,NEC-SYN-779290,Identical MPN and specs
8f4da9a1-b5e6-4d1e-8b99-f092c8d3a482,CAT-MTR,EXACT_DUPLICATE,NEC-SYN-138348,GME-SYN-350240,Identical MPN and specs
9b9bd079-c570-4632-b0f5-823c531bf851,CAT-GSK,EXACT_DUPLICATE,AHM-SYN-997670,CPI-SYN-364712,Identical MPN and specs
ee235241-8bfb-4ec1-9991-58d55ea63b0c,CAT-MTR,EXACT_DUPLICATE,AHM-SYN-401525,CPI-SYN-891611,Identical MPN and specs
0981e0a3-e5e2-49d8-9e4a-7d6bbf957482,CAT-PMP,EXACT_DUPLICATE,NEC-SYN-398222,NEC-SYN-446994,Identical MPN and specs
14abf5f1-7b65-4642-9a91-55cdf17d22bb,CAT-PPE,EXACT_DUPLICATE,NEC-SYN-713301,BUS-SYN-531352,Identical MPN and specs
3fbb0588-ff81-4f4f-a93d-029571fd2c53,CAT-PIP,EXACT_DUPLICATE,CPI-SYN-390506,CPI-SYN-518603,Identical MPN and specs
6b553f4c-bb17-4eaf-94ed-d303c49504cf,CAT-PMP,EXACT_DUPLICATE,GME-SYN-359705,NEC-SYN-678463,Identical MPN and specs
6c275923-34ef-4463-86f9-231af52cb96c,CAT-VLV,EXACT_DUPLICATE,GME-SYN-968546,BUS-SYN-234658,Identical MPN and specs
d4498cae-bc50-40a6-b817-b86b25067a95,CAT-PPE,EXACT_DUPLICATE,CPI-SYN-257781,CPI-SYN-497707,Identical MPN and specs
98415130-a6c9-4fa6-b777-d60a1edc70ae,CAT-PIP,EXACT_DUPLICATE,GME-SYN-970869,NEC-SYN-231912,Identical MPN and specs
6157bb6d-5cdf-4656-b496-edf6bc0e1f1f,CAT-FLG,EXACT_DUPLICATE,NEC-SYN-233567,NEC-SYN-304503,Identical MPN and specs
8f5e8b11-92e4-4ad6-b37c-1661234360e2,CAT-PMP,EXACT_DUPLICATE,AHM-SYN-461643,GME-SYN-626844,Identical MPN and specs
09b4c6a2-29f8-4f01-b06a-0c05681ba4b6,CAT-ELC,EXACT_DUPLICATE,AHM-SYN-814863,BUS-SYN-903773,Identical MPN and specs
ba5b3ae3-03b2-4bdf-8fab-b65cefc9f533,CAT-FST,EXACT_DUPLICATE,AHM-SYN-982715,NEC-SYN-398119,Identical MPN and specs
e686b8b6-41a8-462f-9bbd-41214def4c69,CAT-BRG,EXACT_DUPLICATE,CPI-SYN-567983,BUS-SYN-348286,Identical MPN and specs
6b3a9ecb-7a59-4ecd-be5c-7bc356bfe749,CAT-PPE,EXACT_DUPLICATE,AHM-SYN-720757,CPI-SYN-721899,Identical MPN and specs
3912e04b-746e-4c8b-99f2-992b966260c1,CAT-PPE,EXACT_DUPLICATE,NEC-SYN-251375,BUS-SYN-856734,Identical MPN and specs
e135a911-64e1-4f59-8db5-c8386284c70b,CAT-FST,EXACT_DUPLICATE,NEC-SYN-250839,CPI-SYN-147409,Identical MPN and specs
06a4ddf1-edb8-40f1-84aa-46008b304f8f,CAT-PPE,EXACT_DUPLICATE,GME-SYN-164998,AHM-SYN-528804,Identical MPN and specs
d055089d-b651-47a5-ad59-a981a86f05fd,CAT-VLV,EXACT_DUPLICATE,GME-SYN-158961,GME-SYN-762597,Identical MPN and specs
83ce48b7-1b2a-4d9d-af80-15f957a2bec8,CAT-ELC,EXACT_DUPLICATE,GME-SYN-579851,NEC-SYN-459721,Identical MPN and specs
bb355ad3-64f7-49be-8b18-3e4d38d1a9f6,CAT-BRG,EXACT_DUPLICATE,CPI-SYN-187171,CPI-SYN-540669,Identical MPN and specs
b75b65ba-646c-4537-bbf2-c2907a29c674,CAT-MTR,EXACT_DUPLICATE,GME-SYN-477181,GME-SYN-185954,Identical MPN and specs
39b1bc61-f478-4aab-b69d-26b21407532c,CAT-INS,EXACT_DUPLICATE,GME-SYN-852342,CPI-SYN-604489,Identical MPN and specs
0578e727-5246-4854-a4bc-da234c91a31f,CAT-PIP,EXACT_DUPLICATE,NEC-SYN-263282,NEC-SYN-632059,Identical MPN and specs
c8037045-d95b-41fa-9ed1-3607145c6497,CAT-VLV,EXACT_DUPLICATE,BUS-SYN-826402,BUS-SYN-878037,Identical MPN and specs
a7a384e6-05cf-4358-bf8b-c524b1d1c025,CAT-GSK,EXACT_DUPLICATE,AHM-SYN-877309,CPI-SYN-927351,Identical MPN and specs
f78e9f2e-e782-4f81-a7ef-8d243406ba61,CAT-ELC,EXACT_DUPLICATE,CPI-SYN-284270,NEC-SYN-927945,Identical MPN and specs
c5231534-7c1d-4ea7-93e6-6c908c16807c,CAT-PMP,EXACT_DUPLICATE,GME-SYN-174008,AHM-SYN-849351,Identical MPN and specs
43edf952-0c20-48bc-9105-d7973a1c0460,CAT-PMP,EXACT_DUPLICATE,NEC-SYN-564101,GME-SYN-596112,Identical MPN and specs
5cdc7374-ca0d-4180-8b7c-d6d3249e3fa3,CAT-FLG,EXACT_DUPLICATE,BUS-SYN-389664,AHM-SYN-973391,Identical MPN and specs
ff613884-e35f-4584-84e9-24a51e5842f2,CAT-MTR,EXACT_DUPLICATE,GME-SYN-128019,GME-SYN-569301,Identical MPN and specs
37c0e605-64cb-409c-8512-28b77804a561,CAT-GSK,EXACT_DUPLICATE,AHM-SYN-149051,CPI-SYN-684599,Identical MPN and specs
15c33cc5-a09f-4a12-ad7d-7045cb135f49,CAT-BRG,EXACT_DUPLICATE,CPI-SYN-329855,AHM-SYN-663588,Identical MPN and specs
0160bcb6-aaf9-4415-b0fa-6e96651a88d4,CAT-PPE,EXACT_DUPLICATE,BUS-SYN-602468,CPI-SYN-743321,Identical MPN and specs
a98b66b2-db14-4a6f-901e-fb8a1931544b,CAT-BRG,EXACT_DUPLICATE,AHM-SYN-251763,NEC-SYN-805904,Identical MPN and specs
351be77e-eea9-4cd6-b992-5c12eec7e7ae,CAT-LUB,EXACT_DUPLICATE,CPI-SYN-143107,NEC-SYN-452549,Identical MPN and specs
bbb32652-d3d0-4541-89ba-1488e8ecde5e,CAT-FLG,EXACT_DUPLICATE,NEC-SYN-509181,NEC-SYN-678210,Identical MPN and specs
9a3be2e6-5fd6-4220-a0f9-f6db35e595ff,CAT-PIP,EXACT_DUPLICATE,CPI-SYN-606719,BUS-SYN-155207,Identical MPN and specs
41d2a7c5-bdf0-4a7d-8de0-cfecfd50aecc,CAT-FLG,EXACT_DUPLICATE,GME-SYN-303496,NEC-SYN-764720,Identical MPN and specs
ff3b42ec-83ce-4c18-85b0-2e03be89affb,CAT-GSK,EXACT_DUPLICATE,NEC-SYN-654216,NEC-SYN-590728,Identical MPN and specs
013886b8-8e86-47b5-8ef8-7051777f2a29,CAT-VLV,EXACT_DUPLICATE,GME-SYN-915702,GME-SYN-676853,Identical MPN and specs
441057c0-6e23-4e16-b7ce-68fe0f1453ce,CAT-MTR,EXACT_DUPLICATE,GME-SYN-508343,GME-SYN-689592,Identical MPN and specs
ee6b5c3b-170d-4598-9a30-7c2fcacc899e,CAT-VLV,EXACT_DUPLICATE,NEC-SYN-509671,BUS-SYN-270182,Identical MPN and specs
7de6f6ac-b422-48de-bba4-45262d03e680,CAT-VLV,EXACT_DUPLICATE,BUS-SYN-733901,NEC-SYN-676116,Identical MPN and specs
da8237f9-9bc9-441b-80bc-098b1b9f65c7,CAT-GSK,EXACT_DUPLICATE,AHM-SYN-457554,AHM-SYN-660865,Identical MPN and specs
04cd80b0-10b1-4d7c-8ceb-8cdeebf2c52d,CAT-GSK,EXACT_DUPLICATE,BUS-SYN-390171,GME-SYN-664737,Identical MPN and specs
699324c0-e4d4-45b3-8410-c13bf415ef6b,CAT-PMP,EXACT_DUPLICATE,GME-SYN-516778,GME-SYN-318202,Identical MPN and specs
e82dbd98-f658-44f1-8bc7-48e9c9871d64,CAT-MTR,EXACT_DUPLICATE,GME-SYN-545624,NEC-SYN-942985,Identical MPN and specs
31fa8241-c092-4fb2-af58-e8edf6dc80ab,CAT-MTR,EXACT_DUPLICATE,BUS-SYN-782789,AHM-SYN-738873,Identical MPN and specs
76279509-5c8c-4b79-bcb8-06fef3e7af3f,CAT-PIP,EXACT_DUPLICATE,NEC-SYN-985374,CPI-SYN-892859,Identical MPN and specs
683d3b14-ae3f-4a2c-b84b-d2a21da0a884,CAT-FST,EXACT_DUPLICATE,CPI-SYN-974470,GME-SYN-903810,Identical MPN and specs
85d460a4-8912-4100-8203-d2d3dbb095f8,CAT-BRG,EXACT_DUPLICATE,AHM-SYN-305149,BUS-SYN-184161,Identical MPN and specs
3e14c895-e286-44ed-bde1-160c03e0c271,CAT-CBL,EXACT_DUPLICATE,CPI-SYN-326834,AHM-SYN-104790,Identical MPN and specs
e9a95065-effc-48e7-a610-2adc217b54ca,CAT-GSK,EXACT_DUPLICATE,BUS-SYN-970334,GME-SYN-694618,Identical MPN and specs
87b8149a-a373-427a-9314-a34bd9f6a5c0,CAT-PPE,EXACT_DUPLICATE,NEC-SYN-788996,AHM-SYN-115313,Identical MPN and specs
dce74466-cebc-400d-88c0-ffcde6cf55ae,CAT-GSK,EXACT_DUPLICATE,BUS-SYN-442966,CPI-SYN-539556,Identical MPN and specs
eca311b9-801c-4326-981f-7fc4d4270f5d,CAT-LUB,EXACT_DUPLICATE,AHM-SYN-142292,CPI-SYN-842943,Identical MPN and specs
429f0b87-56b1-4eb0-a0a6-4c44b5ab2e24,CAT-PMP,EXACT_DUPLICATE,BUS-SYN-838291,BUS-SYN-205952,Identical MPN and specs
7068add0-9ecf-486c-8d04-ac3b350b0f85,CAT-BRG,EXACT_DUPLICATE,BUS-SYN-466809,AHM-SYN-442391,Identical MPN and specs
5c45e953-e844-460d-bba7-f0c6918432f8,CAT-BRG,EXACT_DUPLICATE,CPI-SYN-177088,CPI-SYN-405780,Identical MPN and specs
797268d3-ea69-48f2-8e1d-ee1424fbc243,CAT-FST,EXACT_DUPLICATE,NEC-SYN-845615,NEC-SYN-698309,Identical MPN and specs
ba1b7e8d-2c59-4a96-b1a9-a27230ef7f17,CAT-FLG,EXACT_DUPLICATE,CPI-SYN-751791,BUS-SYN-495956,Identical MPN and specs
b5097c9b-a505-434e-b856-54b55e3f8ed8,CAT-FLG,EXACT_DUPLICATE,CPI-SYN-481161,NEC-SYN-113766,Identical MPN and specs
0e3c02bb-1f48-4fa7-8bd1-cfdb0d7ba2ca,CAT-FLG,EXACT_DUPLICATE,CPI-SYN-576280,CPI-SYN-209282,Identical MPN and specs
c674724a-ea0f-4fea-989f-565c01ec8833,CAT-MTR,EXACT_DUPLICATE,GME-SYN-430701,AHM-SYN-357989,Identical MPN and specs
e8286fa2-5def-40ce-9deb-6f0d59d92a1e,CAT-BRG,EXACT_DUPLICATE,NEC-SYN-816459,CPI-SYN-966430,Identical MPN and specs
609893d1-bf91-45d5-ab02-016edbc6f7c4,CAT-ELC,EXACT_DUPLICATE,NEC-SYN-789500,GME-SYN-908083,Identical MPN and specs
ea598d18-d81f-4277-a8de-4e14ad69148c,CAT-INS,EXACT_DUPLICATE,AHM-SYN-491521,CPI-SYN-427603,Identical MPN and specs
e5c3e1ba-21c3-4e3a-889a-fd2da3d5bc1e,CAT-FST,EXACT_DUPLICATE,NEC-SYN-200208,CPI-SYN-633186,Identical MPN and specs
77e0d363-3880-40ec-ba16-4047a4050a64,CAT-LUB,EXACT_DUPLICATE,AHM-SYN-330724,AHM-SYN-179186,Identical MPN and specs
93338543-c3bc-48ad-8946-29fe87bab3c8,CAT-PIP,EXACT_DUPLICATE,CPI-SYN-140283,GME-SYN-253735,Identical MPN and specs
585e7ad0-799f-4973-b22d-12a16ab7fc46,CAT-PMP,EXACT_DUPLICATE,BUS-SYN-696308,BUS-SYN-564789,Identical MPN and specs
b9dc4721-beec-4dda-817f-a60c042413f4,CAT-ELC,EXACT_DUPLICATE,BUS-SYN-659334,GME-SYN-180769,Identical MPN and specs
9ad4335d-83d4-4ee5-9ce0-5f27bebd4ffb,CAT-PIP,EXACT_DUPLICATE,GME-SYN-806951,BUS-SYN-222938,Identical MPN and specs
587dabb7-13a1-4091-82fb-eb9baffb55ef,CAT-ELC,EXACT_DUPLICATE,AHM-SYN-876774,NEC-SYN-841329,Identical MPN and specs
ff372632-71b1-493c-8590-6d4b465a1302,CAT-PIP,EXACT_DUPLICATE,CPI-SYN-420965,AHM-SYN-109747,Identical MPN and specs
a2867ad6-47f8-43aa-abed-b007a2160863,CAT-INS,EXACT_DUPLICATE,NEC-SYN-804714,NEC-SYN-406334,Identical MPN and specs
33aeee02-940c-4121-a4ee-c933d01e7e11,CAT-CBL,EXACT_DUPLICATE,NEC-SYN-842085,BUS-SYN-500819,Identical MPN and specs
6bd97bef-b07a-4e2d-923e-8c816bcedd36,CAT-LUB,EXACT_DUPLICATE,GME-SYN-901430,CPI-SYN-496444,Identical MPN and specs
3cf58df1-88a1-4eaa-ba16-9c69d7b22b4e,CAT-VLV,EXACT_DUPLICATE,NEC-SYN-843229,CPI-SYN-433284,Identical MPN and specs
7a7c7a64-405f-4275-b85e-219c9ce48e5c,CAT-BRG,EXACT_DUPLICATE,AHM-SYN-157530,GME-SYN-355697,Identical MPN and specs
f5a821c9-3c9a-4c2a-8e85-a7d5baa3af0c,CAT-ELC,EXACT_DUPLICATE,BUS-SYN-289453,NEC-SYN-107321,Identical MPN and specs
23bca112-f9c9-4152-86c0-ebe4b35bff87,CAT-BRG,EXACT_DUPLICATE,NEC-SYN-278117,CPI-SYN-442561,Identical MPN and specs
c0e89d12-c940-45af-8322-6202de022df5,CAT-FST,EXACT_DUPLICATE,GME-SYN-721308,CPI-SYN-686671,Identical MPN and specs
f6abd467-5696-4c4b-a297-62ffe224dce4,CAT-LUB,EXACT_DUPLICATE,AHM-SYN-252963,GME-SYN-873709,Identical MPN and specs
6c08680a-dfb2-4ecc-a370-45e648ff1af9,CAT-PPE,EXACT_DUPLICATE,AHM-SYN-879659,NEC-SYN-849945,Identical MPN and specs
4e412a0f-8443-424b-adcc-4539f50aa6d2,CAT-PIP,EXACT_DUPLICATE,GME-SYN-210740,NEC-SYN-264593,Identical MPN and specs
925fbfef-99fc-4136-9709-9735ce264b69,CAT-MTR,EXACT_DUPLICATE,AHM-SYN-676468,GME-SYN-278721,Identical MPN and specs
99439f83-9000-4a88-aaa8-e3260d966d88,CAT-PMP,EXACT_DUPLICATE,NEC-SYN-456657,CPI-SYN-604796,Identical MPN and specs
68efb527-5352-4f6b-acbe-5ecd54ae8856,CAT-PIP,EXACT_DUPLICATE,GME-SYN-817466,NEC-SYN-807949,Identical MPN and specs
989e1c93-a235-43f6-8722-d3939ac7f75d,CAT-FST,EXACT_DUPLICATE,CPI-SYN-426858,AHM-SYN-995238,Identical MPN and specs
96ddd2f8-40b4-4e64-a527-6edf393b66f3,CAT-PMP,EXACT_DUPLICATE,GME-SYN-756794,CPI-SYN-168799,Identical MPN and specs
608625ee-6575-4aa8-b108-5fdf25ff8862,CAT-CBL,EXACT_DUPLICATE,AHM-SYN-216340,NEC-SYN-634409,Identical MPN and specs
3fe72d21-e391-48fe-8498-76bc061667bb,CAT-PPE,EXACT_DUPLICATE,CPI-SYN-452990,GME-SYN-100850,Identical MPN and specs
caa5d396-0d9d-4898-b2da-59d28e649961,CAT-PMP,EXACT_DUPLICATE,AHM-SYN-738964,BUS-SYN-990682,Identical MPN and specs
60973d47-b6af-4f88-bd3a-d22d0892708a,CAT-FST,EXACT_DUPLICATE,BUS-SYN-958178,AHM-SYN-984742,Identical MPN and specs
426de9a0-fe2c-46f9-96c5-9aaa59eeac36,CAT-BRG,EXACT_DUPLICATE,BUS-SYN-388094,AHM-SYN-397464,Identical MPN and specs
9cf4da9f-cabe-452c-864a-67a6d91478cb,CAT-VLV,EXACT_DUPLICATE,AHM-SYN-719118,CPI-SYN-730558,Identical MPN and specs
1b81110d-e37a-41ea-8fac-3078b39750e7,CAT-BRG,EXACT_DUPLICATE,GME-SYN-601289,BUS-SYN-755423,Identical MPN and specs
36c8442f-a556-480a-ad1c-f0104d7e6b5f,CAT-PMP,EXACT_DUPLICATE,GME-SYN-815091,GME-SYN-870787,Identical MPN and specs
8a0d43aa-c7da-4a4e-8339-9429d1010056,CAT-VLV,EXACT_DUPLICATE,BUS-SYN-376189,NEC-SYN-933875,Identical MPN and specs
890b471a-abdb-4cad-ac1c-bb97d523c88b,CAT-PPE,EXACT_DUPLICATE,CPI-SYN-865580,BUS-SYN-654449,Identical MPN and specs
8ddfcda8-68ce-46e1-857f-1bdd1b15fcdb,CAT-FLG,EXACT_DUPLICATE,CPI-SYN-859989,BUS-SYN-677620,Identical MPN and specs
88412d5f-f950-4d83-98e3-4b82bc8d4a58,CAT-FST,EXACT_DUPLICATE,CPI-SYN-117252,BUS-SYN-877705,Identical MPN and specs
ecf97744-2cfd-4030-a0c4-70c8dfc4329c,CAT-LUB,EXACT_DUPLICATE,GME-SYN-473970,GME-SYN-578885,Identical MPN and specs
47512159-583b-4132-8af1-f186b4cbe038,CAT-FLG,EXACT_DUPLICATE,AHM-SYN-209658,NEC-SYN-659173,Identical MPN and specs
1174df01-922f-4855-8caa-9cd2eae92aec,CAT-MTR,EXACT_DUPLICATE,BUS-SYN-279796,BUS-SYN-606103,Identical MPN and specs
ee2f7fa5-76b0-4834-8bdf-62ff1404b615,CAT-PMP,EXACT_DUPLICATE,AHM-SYN-338350,AHM-SYN-353946,Identical MPN and specs
1460ae9a-7366-4603-8ba5-b3c3090e0afc,CAT-PMP,EXACT_DUPLICATE,GME-SYN-647288,BUS-SYN-517046,Identical MPN and specs
0319be9f-5ebb-43e4-b3e2-d12bfc22a260,CAT-CBL,EXACT_DUPLICATE,BUS-SYN-905369,NEC-SYN-587269,Identical MPN and specs
55f06317-0568-4aae-9cef-7c9eb61dc7f2,CAT-PMP,EXACT_DUPLICATE,NEC-SYN-630351,GME-SYN-713858,Identical MPN and specs
689279c1-a5e2-428a-adfc-97338d378afa,CAT-FST,EXACT_DUPLICATE,GME-SYN-407145,GME-SYN-775236,Identical MPN and specs
3c557bb6-159b-4373-bde8-1f1231f1611d,CAT-MTR,EXACT_DUPLICATE,GME-SYN-141241,CPI-SYN-741156,Identical MPN and specs
6c6d696d-f593-4919-9bc5-4f703ac1b7a1,CAT-MTR,EXACT_DUPLICATE,BUS-SYN-781412,NEC-SYN-483071,Identical MPN and specs
5abd55b7-3993-4552-9789-88d1bd4f7dc7,CAT-LUB,EXACT_DUPLICATE,GME-SYN-129573,CPI-SYN-433680,Identical MPN and specs
96bb2db3-de0b-4da8-a3c5-4bc37cf9d5a1,CAT-INS,EXACT_DUPLICATE,NEC-SYN-215900,CPI-SYN-379203,Identical MPN and specs
a3558cd3-4dfd-49d8-9255-bb6b79f1930e,CAT-FST,EXACT_DUPLICATE,AHM-SYN-109939,CPI-SYN-395380,Identical MPN and specs
adb1d3a0-838a-46ac-857c-6cb27a4e482b,CAT-MTR,EXACT_DUPLICATE,AHM-SYN-856202,BUS-SYN-539009,Identical MPN and specs
3c11ec72-7fa2-4980-b750-f40fd2177c66,CAT-PMP,EXACT_DUPLICATE,GME-SYN-280575,NEC-SYN-791737,Identical MPN and specs
af12f91d-55eb-4517-b46a-6e26ab36f236,CAT-VLV,EXACT_DUPLICATE,CPI-SYN-496391,GME-SYN-552708,Identical MPN and specs
48a37316-ba5f-45e3-a3b9-d3c5fd2d4350,CAT-GSK,EXACT_DUPLICATE,AHM-SYN-316275,NEC-SYN-109990,Identical MPN and specs
0620c831-e21f-4811-bc94-fb918c99fcac,CAT-ELC,EXACT_DUPLICATE,CPI-SYN-101104,BUS-SYN-914414,Identical MPN and specs
e9a88322-062a-484f-8714-336ab26dbea7,CAT-PMP,EXACT_DUPLICATE,CPI-SYN-213444,GME-SYN-901570,Identical MPN and specs
5469fac4-1ae8-499b-b947-b3ee41a98297,CAT-PIP,EXACT_DUPLICATE,GME-SYN-162202,NEC-SYN-534886,Identical MPN and specs
5f9ce057-2f54-426b-8475-a02f405c00ab,CAT-MTR,EXACT_DUPLICATE,GME-SYN-340911,GME-SYN-920208,Identical MPN and specs
0bc873f0-8b45-4e55-9463-aee70526fdbb,CAT-INS,EXACT_DUPLICATE,AHM-SYN-110007,GME-SYN-582561,Identical MPN and specs
bd7fe600-b5ac-4679-aa01-d62d29d94ad0,CAT-FST,EXACT_DUPLICATE,AHM-SYN-889862,CPI-SYN-868602,Identical MPN and specs
b4b0c5f7-4db9-4c7d-a44f-adacc7051cd9,CAT-PMP,EXACT_DUPLICATE,GME-SYN-724459,NEC-SYN-451305,Identical MPN and specs
82244c02-4c8b-4a38-b14e-c613d11ceaa4,CAT-PPE,EXACT_DUPLICATE,AHM-SYN-609232,GME-SYN-629048,Identical MPN and specs
5e8eea6f-6ae7-48e2-854a-b1dcec2dc530,CAT-INS,EXACT_DUPLICATE,NEC-SYN-286675,BUS-SYN-126173,Identical MPN and specs
9d030a11-eb27-43b6-b3ae-dd44d37c1fb7,CAT-PIP,EXACT_DUPLICATE,BUS-SYN-609885,NEC-SYN-705832,Identical MPN and specs
7c0ebd92-a486-4bdb-8482-17a54cec1fc8,CAT-PMP,EXACT_DUPLICATE,AHM-SYN-669606,BUS-SYN-913582,Identical MPN and specs
cbc20350-d597-4742-b8c4-f998f042439e,CAT-BRG,EXACT_DUPLICATE,BUS-SYN-484940,NEC-SYN-649839,Identical MPN and specs
9034c0e2-3fbe-4c0e-b08f-6165100a8eb0,CAT-VLV,EXACT_DUPLICATE,GME-SYN-202309,GME-SYN-701859,Identical MPN and specs
4673afde-eaaf-44cf-8901-e09bf886d8b5,CAT-VLV,EXACT_DUPLICATE,BUS-SYN-182420,NEC-SYN-194128,Identical MPN and specs
5304c055-23ec-4822-b229-6b104b8d7dbd,CAT-ELC,EXACT_DUPLICATE,NEC-SYN-393358,NEC-SYN-187547,Identical MPN and specs
7df2194f-a7fb-4d6b-94e2-20372914408e,CAT-MTR,EXACT_DUPLICATE,NEC-SYN-352152,GME-SYN-775122,Identical MPN and specs
a678efc1-e8d4-41b0-b539-948a5384946d,CAT-BRG,EXACT_DUPLICATE,NEC-SYN-876745,AHM-SYN-401825,Identical MPN and specs
df34378e-850e-4702-83fc-63aa280a252a,CAT-CBL,EXACT_DUPLICATE,CPI-SYN-434432,GME-SYN-596858,Identical MPN and specs
2f243042-a8a6-416b-97b4-af601f93b8cd,CAT-GSK,EXACT_DUPLICATE,GME-SYN-311113,GME-SYN-485830,Identical MPN and specs
7eb3377a-ecf4-4984-a98d-fdc9435d072f,CAT-CBL,EXACT_DUPLICATE,GME-SYN-931433,AHM-SYN-815138,Identical MPN and specs
70357cb7-e792-44d3-8e00-3474328c8a3a,CAT-BRG,EXACT_DUPLICATE,AHM-SYN-530501,AHM-SYN-602173,Identical MPN and specs
07048411-ecf6-4893-b9bf-8b050327e6c7,CAT-PPE,EXACT_DUPLICATE,CPI-SYN-806922,GME-SYN-471744,Identical MPN and specs
1dca5faf-4d82-47b4-8d0d-b897cdfd3184,CAT-FLG,EXACT_DUPLICATE,AHM-SYN-397620,BUS-SYN-973070,Identical MPN and specs
5d76cbf9-52ea-4210-a92e-fe3e285014c1,CAT-GSK,EXACT_DUPLICATE,GME-SYN-502417,GME-SYN-412967,Identical MPN and specs
5191e71a-2d34-4505-a8ef-6c37396ae8e6,CAT-PIP,EXACT_DUPLICATE,GME-SYN-131431,BUS-SYN-936603,Identical MPN and specs
4e26776b-8356-4c1e-b319-a1c266a488fe,CAT-PIP,EXACT_DUPLICATE,AHM-SYN-981141,BUS-SYN-252780,Identical MPN and specs
64ff6079-3cb3-49cd-aaf5-a8bbd25e5a87,CAT-GSK,EXACT_DUPLICATE,CPI-SYN-870659,CPI-SYN-751370,Identical MPN and specs
d5f01751-039f-4678-b108-a4982399c024,CAT-LUB,EXACT_DUPLICATE,AHM-SYN-562644,GME-SYN-953778,Identical MPN and specs
8a25682e-006d-4502-903c-f8389fd28229,CAT-CBL,EXACT_DUPLICATE,CPI-SYN-818809,GME-SYN-126121,Identical MPN and specs
1ce2c0c6-88e9-467c-b1c4-1bd3ba6d1b36,CAT-VLV,EXACT_DUPLICATE,GME-SYN-834082,NEC-SYN-160254,Identical MPN and specs
cdae6e9b-7b12-449f-a434-6ac23649c229,CAT-PPE,EXACT_DUPLICATE,NEC-SYN-178690,GME-SYN-200285,Identical MPN and specs
13c2b4a2-d73e-4cac-a354-88a1c4e2f387,CAT-PPE,EXACT_DUPLICATE,AHM-SYN-396967,BUS-SYN-714356,Identical MPN and specs
41398f0f-7914-4c49-b87d-75d49b368753,CAT-BRG,EXACT_DUPLICATE,CPI-SYN-453894,NEC-SYN-812011,Identical MPN and specs
961ba1ea-7acf-4136-b511-193febdaeabf,CAT-MTR,EXACT_DUPLICATE,NEC-SYN-147050,AHM-SYN-106714,Identical MPN and specs
def3a201-57ae-4cf7-b93b-652d51f18682,CAT-BRG,EXACT_DUPLICATE,CPI-SYN-785174,NEC-SYN-418730,Identical MPN and specs
5d2e6542-3388-48b8-9cc5-be0aa24a97ec,CAT-MTR,EXACT_DUPLICATE,NEC-SYN-699376,GME-SYN-708122,Identical MPN and specs
437e9a55-2ea8-4a3f-8be5-0d30dc1e4b76,CAT-ELC,EXACT_DUPLICATE,NEC-SYN-207892,BUS-SYN-560724,Identical MPN and specs
a9456cdf-37cc-4367-8e38-7c655417c806,CAT-ELC,EXACT_DUPLICATE,AHM-SYN-653735,GME-SYN-259367,Identical MPN and specs
a282a3b8-d0d7-495e-83ee-8023c7c1848b,CAT-INS,EXACT_DUPLICATE,NEC-SYN-493982,NEC-SYN-328871,Identical MPN and specs
3eaa53d7-4c26-43a7-b0b2-e934b9c54626,CAT-PMP,EXACT_DUPLICATE,CPI-SYN-168367,CPI-SYN-535260,Identical MPN and specs
e2f96c8d-5d05-43b9-a004-71c577f339e7,CAT-VLV,EXACT_DUPLICATE,AHM-SYN-136182,GME-SYN-501990,Identical MPN and specs
42fe4a78-1695-49cd-a0f1-60333e69f9f1,CAT-PPE,EXACT_DUPLICATE,CPI-SYN-998983,NEC-SYN-126848,Identical MPN and specs
ac0f38f1-e2e0-4462-91f4-ee9195207c7d,CAT-FST,EXACT_DUPLICATE,AHM-SYN-446077,GME-SYN-962061,Identical MPN and specs
d9874f27-590d-4c00-8a1c-b92fffe4215b,CAT-GSK,EXACT_DUPLICATE,AHM-SYN-552743,AHM-SYN-290294,Identical MPN and specs
e8b49727-576c-438a-a6a5-ce2576b19774,CAT-PIP,EXACT_DUPLICATE,CPI-SYN-796876,CPI-SYN-842422,Identical MPN and specs
e9c42bb5-e371-4bb9-91da-5864a76fdb41,CAT-LUB,EXACT_DUPLICATE,AHM-SYN-140757,AHM-SYN-231464,Identical MPN and specs
6b3cf1e9-0c26-4171-ba53-7ee70726d769,CAT-INS,EXACT_DUPLICATE,AHM-SYN-348649,GME-SYN-542102,Identical MPN and specs
990dda4e-19b2-4933-bbe5-55a926cd9225,CAT-LUB,EXACT_DUPLICATE,AHM-SYN-490786,GME-SYN-526164,Identical MPN and specs
9a8c7475-e8b3-45ec-8fbb-dad243ecd428,CAT-VLV,EXACT_DUPLICATE,BUS-SYN-486493,AHM-SYN-451029,Identical MPN and specs
ad3b0150-65fd-4876-96ff-329d086d2c61,CAT-INS,EXACT_DUPLICATE,AHM-SYN-673020,GME-SYN-718717,Identical MPN and specs
97329f3d-aee2-497c-aa9c-f7b20d8d45c8,CAT-VLV,EXACT_DUPLICATE,AHM-SYN-135087,BUS-SYN-961735,Identical MPN and specs
540b8783-a3de-404d-bd9c-62b98fe149b9,CAT-PPE,EXACT_DUPLICATE,CPI-SYN-332610,GME-SYN-108736,Identical MPN and specs
cc2e3746-06a7-4183-863b-293f623523e0,CAT-FST,EXACT_DUPLICATE,CPI-SYN-118818,BUS-SYN-645940,Identical MPN and specs
d20051e6-05a0-41a6-9983-07204779bbe0,CAT-MTR,EXACT_DUPLICATE,BUS-SYN-166411,NEC-SYN-308476,Identical MPN and specs
912bd19e-cd27-496c-a11a-5d8720feff9c,CAT-PIP,EXACT_DUPLICATE,BUS-SYN-849397,NEC-SYN-509129,Identical MPN and specs
6b563581-e536-49e5-8065-0c05939489b1,CAT-FST,EXACT_DUPLICATE,BUS-SYN-742194,AHM-SYN-228098,Identical MPN and specs
1b9617b9-4c71-4809-a465-e2dd57cc3e13,CAT-PMP,EXACT_DUPLICATE,BUS-SYN-154189,CPI-SYN-101411,Identical MPN and specs
ccead3c0-6d3f-4ed8-a921-39257658168c,CAT-VLV,EXACT_DUPLICATE,NEC-SYN-323652,GME-SYN-615051,Identical MPN and specs
d006a110-626c-4b1d-a8c2-a354a29f5e5a,CAT-VLV,EXACT_DUPLICATE,CPI-SYN-317562,AHM-SYN-742370,Identical MPN and specs
fd6eff80-d00d-431f-bd38-72eebf74ebaa,CAT-FLG,EXACT_DUPLICATE,AHM-SYN-191867,CPI-SYN-576158,Identical MPN and specs
a69ee4a5-1854-4fb4-b833-fd7cb83d7160,CAT-BRG,EXACT_DUPLICATE,AHM-SYN-189145,AHM-SYN-940499,Identical MPN and specs
05176fde-e28d-4131-9afb-bc164c1ed72b,CAT-LUB,EXACT_DUPLICATE,AHM-SYN-777545,GME-SYN-692096,Identical MPN and specs
8e1a08e1-9163-43b6-b195-29f698cab1db,CAT-CBL,EXACT_DUPLICATE,NEC-SYN-898671,AHM-SYN-723913,Identical MPN and specs
1b3bdb57-defd-4086-94b1-6f78cdc54029,CAT-GSK,EXACT_DUPLICATE,AHM-SYN-520664,BUS-SYN-127216,Identical MPN and specs
172f91df-4ee5-4829-9c6d-d40c8069266a,CAT-PMP,EXACT_DUPLICATE,GME-SYN-141887,GME-SYN-471599,Identical MPN and specs
489ee358-dc43-4879-b446-6f38144745fd,CAT-LUB,EXACT_DUPLICATE,CPI-SYN-993809,CPI-SYN-599043,Identical MPN and specs
efdd8289-261c-4a64-bfda-75f687716a46,CAT-FLG,EXACT_DUPLICATE,GME-SYN-165543,CPI-SYN-154598,Identical MPN and specs
f0e267f8-1e78-4522-a7ba-0154f75b7948,CAT-VLV,EXACT_DUPLICATE,AHM-SYN-179093,BUS-SYN-193564,Identical MPN and specs
0ed23825-3a39-4a8f-8de8-c49bca2afbe4,CAT-VLV,EXACT_DUPLICATE,AHM-SYN-760463,CPI-SYN-558614,Identical MPN and specs
90e294ff-0cfb-4187-8285-6a79915918e5,CAT-INS,EXACT_DUPLICATE,AHM-SYN-952279,CPI-SYN-663191,Identical MPN and specs
c9ca221b-6c07-4afe-8ea3-c261550359bb,CAT-PPE,EXACT_DUPLICATE,BUS-SYN-892994,GME-SYN-117590,Identical MPN and specs
2c744c5a-36bb-4bbc-a9bd-d1b5873e5c1e,CAT-INS,EXACT_DUPLICATE,CPI-SYN-331486,GME-SYN-663249,Identical MPN and specs
f2aa100a-b4f7-4452-b61d-56ac3ac0384e,CAT-CBL,EXACT_DUPLICATE,GME-SYN-383450,GME-SYN-391266,Identical MPN and specs
b14bdf78-657b-4cec-84df-0e09d74c24b8,CAT-PMP,EXACT_DUPLICATE,CPI-SYN-385279,AHM-SYN-623424,Identical MPN and specs
9e2298ba-9ac6-441e-a316-c1601742e9ae,CAT-CBL,EXACT_DUPLICATE,NEC-SYN-862619,GME-SYN-358253,Identical MPN and specs
849dd695-3df8-4ea7-8674-f946cb6c60d7,CAT-CBL,EXACT_DUPLICATE,GME-SYN-346405,AHM-SYN-835071,Identical MPN and specs
eb13192a-fa45-4a12-af2c-7957fc7c345b,CAT-CBL,EXACT_DUPLICATE,CPI-SYN-343481,GME-SYN-691254,Identical MPN and specs
cb062bbc-bf1f-454c-8329-ed99a843f7f6,CAT-GSK,EXACT_DUPLICATE,CPI-SYN-434633,BUS-SYN-632659,Identical MPN and specs
4208d745-b1d4-4d04-8c74-277e75d1226a,CAT-BRG,EXACT_DUPLICATE,NEC-SYN-373083,CPI-SYN-206329,Identical MPN and specs
8d922354-13c0-432e-8ea7-9dcfda3da5a6,CAT-VLV,EXACT_DUPLICATE,GME-SYN-328068,AHM-SYN-300034,Identical MPN and specs
db57d68f-3221-40a6-8d84-bdc331a715d4,CAT-VLV,EXACT_DUPLICATE,CPI-SYN-826512,NEC-SYN-578200,Identical MPN and specs
b415a8d0-062b-40db-8830-d7858d6daa04,CAT-CBL,EXACT_DUPLICATE,NEC-SYN-895225,NEC-SYN-105905,Identical MPN and specs
2833d462-6c63-44b8-89e9-75e6b8af1c69,CAT-GSK,EXACT_DUPLICATE,NEC-SYN-402006,CPI-SYN-100793,Identical MPN and specs
36811e4d-e8a5-4cdf-85ef-aeabdf606b62,CAT-BRG,EXACT_DUPLICATE,NEC-SYN-453872,AHM-SYN-691076,Identical MPN and specs
07c61c47-ae37-4f59-aaaa-0b9096069358,CAT-PPE,EXACT_DUPLICATE,GME-SYN-756657,CPI-SYN-168843,Identical MPN and specs
f54a7b03-b2a8-4a05-8cef-ee42a017cfc7,CAT-GSK,EXACT_DUPLICATE,GME-SYN-354088,GME-SYN-175157,Identical MPN and specs
2dd6dc1c-a72b-456f-b240-638d708a0462,CAT-GSK,EXACT_DUPLICATE,NEC-SYN-485675,AHM-SYN-199900,Identical MPN and specs
d08c74c9-4055-417a-b378-68ab469bab1b,CAT-LUB,EXACT_DUPLICATE,BUS-SYN-909616,BUS-SYN-999330,Identical MPN and specs
10acf242-7ab7-4fb4-8ee4-5911fc520c4c,CAT-MTR,EXACT_DUPLICATE,AHM-SYN-316793,AHM-SYN-732819,Identical MPN and specs
b5a2eab8-d5b2-42f0-83da-46d16caf8eb5,CAT-ELC,EXACT_DUPLICATE,GME-SYN-137796,AHM-SYN-382560,Identical MPN and specs
c13232a0-7702-4817-a1ca-65915cca3f28,CAT-MTR,EXACT_DUPLICATE,NEC-SYN-646129,NEC-SYN-502599,Identical MPN and specs
19088152-d086-461a-8d84-39bdf3b4d18d,CAT-PPE,EXACT_DUPLICATE,GME-SYN-506912,CPI-SYN-559692,Identical MPN and specs
061f175d-16cb-4b23-92a0-a7f9eacff096,CAT-PIP,EXACT_DUPLICATE,BUS-SYN-954755,GME-SYN-976894,Identical MPN and specs
75342ac9-4a8a-4980-90aa-6b09788015df,CAT-BRG,EXACT_DUPLICATE,BUS-SYN-388103,AHM-SYN-272042,Identical MPN and specs
8daf2073-6245-400d-8450-7464b4496344,CAT-MTR,EXACT_DUPLICATE,NEC-SYN-380150,GME-SYN-235522,Identical MPN and specs
f3948fdd-2757-4e50-a7b8-16c733e4a86b,CAT-BRG,EXACT_DUPLICATE,BUS-SYN-166090,GME-SYN-370500,Identical MPN and specs
4d53764f-2671-4d56-9509-8cd0583834c2,CAT-MTR,EXACT_DUPLICATE,GME-SYN-615385,CPI-SYN-502567,Identical MPN and specs
634559b7-479a-4286-b5be-1d80984b629e,CAT-PMP,EXACT_DUPLICATE,CPI-SYN-352564,AHM-SYN-367015,Identical MPN and specs
65e05c66-dd29-4900-a5ef-ee6753faa419,CAT-ELC,EXACT_DUPLICATE,CPI-SYN-537325,AHM-SYN-823056,Identical MPN and specs
19d22b04-7c53-4268-98be-b5dcb130d9ff,CAT-INS,EXACT_DUPLICATE,GME-SYN-664520,BUS-SYN-136992,Identical MPN and specs
04fa25f7-ff6b-4355-b4e2-9182eea7d4d1,CAT-MTR,EXACT_DUPLICATE,BUS-SYN-294070,NEC-SYN-608748,Identical MPN and specs
c70851bb-2e7e-4c9f-b95b-79ae986737c8,CAT-ELC,EXACT_DUPLICATE,NEC-SYN-124337,NEC-SYN-810518,Identical MPN and specs
6a13f898-d2c9-49f9-ae7a-7ba9799f3754,CAT-ELC,EXACT_DUPLICATE,CPI-SYN-877707,AHM-SYN-881595,Identical MPN and specs
40bcdc69-6ed9-462f-bd2e-c179a74d0223,CAT-FST,EXACT_DUPLICATE,NEC-SYN-498724,GME-SYN-220390,Identical MPN and specs
189dadcb-3312-4656-bdbf-bc7b1778b260,CAT-GSK,EXACT_DUPLICATE,NEC-SYN-197630,NEC-SYN-396135,Identical MPN and specs
0d658eba-3e57-4252-b86c-73372d573ca0,CAT-LUB,EXACT_DUPLICATE,BUS-SYN-367589,GME-SYN-415313,Identical MPN and specs
99d1c36c-9e62-4689-a74f-35ce8aef9572,CAT-GSK,EXACT_DUPLICATE,GME-SYN-710640,CPI-SYN-728995,Identical MPN and specs
d469551c-6cc9-4983-9ae4-60c5e5f7f664,CAT-FST,EXACT_DUPLICATE,CPI-SYN-853054,BUS-SYN-124522,Identical MPN and specs
d750229b-9edf-4cdc-8e17-496ee04c7fa5,CAT-FST,EXACT_DUPLICATE,AHM-SYN-463974,GME-SYN-342000,Identical MPN and specs
e3ba0df1-64a3-4ed2-b1b0-5832db581690,CAT-FLG,EXACT_DUPLICATE,NEC-SYN-939019,NEC-SYN-117985,Identical MPN and specs
3ead81a0-5de4-443c-8943-918753cca315,CAT-PIP,EXACT_DUPLICATE,GME-SYN-378820,NEC-SYN-566265,Identical MPN and specs
4a886038-cb5e-4b15-81fc-ec130e17e8fe,CAT-PPE,EXACT_DUPLICATE,CPI-SYN-940966,GME-SYN-288065,Identical MPN and specs
ed486b8a-5c33-4c43-8c24-97a8f620474c,CAT-PIP,EXACT_DUPLICATE,CPI-SYN-122635,NEC-SYN-508465,Identical MPN and specs
40a4d50e-eaf2-4f24-8a92-afb9998d68b4,CAT-BRG,EXACT_DUPLICATE,BUS-SYN-477689,BUS-SYN-284516,Identical MPN and specs
0e56a76c-0598-40c2-992e-858b4fae8dc1,CAT-VLV,EXACT_DUPLICATE,NEC-SYN-119461,CPI-SYN-178236,Identical MPN and specs
a909bd7c-1313-455a-9797-1b82e1d94c11,CAT-CBL,EXACT_DUPLICATE,GME-SYN-693985,CPI-SYN-300179,Identical MPN and specs
28a58b26-0082-4b0a-a725-cb6b8fc591ec,CAT-VLV,EXACT_DUPLICATE,CPI-SYN-484224,AHM-SYN-448899,Identical MPN and specs
c245f832-f859-49a5-af9b-470d22177e4e,CAT-ELC,EXACT_DUPLICATE,BUS-SYN-422273,GME-SYN-431876,Identical MPN and specs
d9ab2fee-36bb-40b7-8610-86589c46ce4c,CAT-PIP,EXACT_DUPLICATE,GME-SYN-683376,CPI-SYN-732949,Identical MPN and specs
c13c4663-a5b1-44b8-8bd2-7e3667a34ff3,CAT-FST,EXACT_DUPLICATE,NEC-SYN-644449,AHM-SYN-608245,Identical MPN and specs
d6714a92-907e-4504-a54c-663933284bfd,CAT-LUB,EXACT_DUPLICATE,AHM-SYN-708802,GME-SYN-717689,Identical MPN and specs
356661e4-6cec-460c-ac9e-bd30005c90d1,CAT-FLG,EXACT_DUPLICATE,GME-SYN-798527,CPI-SYN-625534,Identical MPN and specs
c422e009-7adc-4125-b676-e4f31f3d8ada,CAT-FLG,EXACT_DUPLICATE,BUS-SYN-587295,AHM-SYN-293458,Identical MPN and specs
dccc630a-b5ee-4960-9b6d-4b474d5e1361,CAT-PIP,EXACT_DUPLICATE,NEC-SYN-907197,AHM-SYN-510676,Identical MPN and specs
15a09218-8959-48ef-945f-e025bda12392,CAT-VLV,EXACT_DUPLICATE,GME-SYN-825865,NEC-SYN-356031,Identical MPN and specs
c9d68f6f-4ec5-4991-aaf5-0d12b1a64fbc,CAT-PIP,EXACT_DUPLICATE,NEC-SYN-178766,GME-SYN-521542,Identical MPN and specs
c3197093-3ed5-4075-b998-c43579872727,CAT-PPE,EXACT_DUPLICATE,GME-SYN-215787,GME-SYN-560112,Identical MPN and specs
7c3f628a-ca0a-499b-a41f-f7c222298e8f,CAT-PIP,EXACT_DUPLICATE,GME-SYN-323889,AHM-SYN-466392,Identical MPN and specs
14f01f93-f001-400a-909d-a7ebd2f0a3ff,CAT-CBL,EXACT_DUPLICATE,NEC-SYN-922116,AHM-SYN-324853,Identical MPN and specs
47313912-79d7-4f18-8c6c-fd6eac7b7a21,CAT-PIP,EXACT_DUPLICATE,GME-SYN-894290,AHM-SYN-115807,Identical MPN and specs
798f2f99-56a9-418d-bad2-ad631393b5a0,CAT-LUB,EXACT_DUPLICATE,BUS-SYN-110163,CPI-SYN-460883,Identical MPN and specs
0a18598e-8048-4d01-8197-7c0551cf2d2a,CAT-FST,EXACT_DUPLICATE,BUS-SYN-893547,CPI-SYN-141963,Identical MPN and specs
67d82887-c6ab-4a46-88a2-b6e3653fbb5a,CAT-INS,EXACT_DUPLICATE,GME-SYN-120426,CPI-SYN-384286,Identical MPN and specs
26a8195f-6c92-4bcb-b4fb-2c2f1c45b233,CAT-CBL,EXACT_DUPLICATE,NEC-SYN-694266,CPI-SYN-176530,Identical MPN and specs
641fc419-b931-4907-bc9a-2c5a152dc93d,CAT-LUB,EXACT_DUPLICATE,AHM-SYN-712967,AHM-SYN-997511,Identical MPN and specs
15b48019-5259-4294-a500-8822686559d5,CAT-PPE,EXACT_DUPLICATE,BUS-SYN-649367,AHM-SYN-354090,Identical MPN and specs
0b7aee7a-c509-4fa0-88a0-e484022a908b,CAT-INS,EXACT_DUPLICATE,NEC-SYN-611562,NEC-SYN-309970,Identical MPN and specs
78111692-f47d-48d7-b9e3-73ae866c6d29,CAT-BRG,EXACT_DUPLICATE,NEC-SYN-344420,BUS-SYN-992267,Identical MPN and specs
eff836cb-bfb7-4365-9ca7-8a2d41d2dea7,CAT-BRG,EXACT_DUPLICATE,AHM-SYN-894569,CPI-SYN-322795,Identical MPN and specs
bff4d33b-f234-4c60-8bd1-ca888984872e,CAT-ELC,EXACT_DUPLICATE,BUS-SYN-908952,AHM-SYN-667058,Identical MPN and specs
b035e469-d1fe-4515-adb8-ba0a0dca982c,CAT-PPE,EXACT_DUPLICATE,BUS-SYN-189910,NEC-SYN-179721,Identical MPN and specs
6d8e8d23-8f7e-40a2-a6d6-0939a0de3237,CAT-BRG,EXACT_DUPLICATE,GME-SYN-332044,CPI-SYN-733284,Identical MPN and specs
5995de73-4de9-4a38-9246-371ec0596586,CAT-LUB,EXACT_DUPLICATE,CPI-SYN-597525,BUS-SYN-999175,Identical MPN and specs
dc649612-73ca-4da8-a438-dbd943a3cf6c,CAT-ELC,EXACT_DUPLICATE,CPI-SYN-783740,BUS-SYN-408010,Identical MPN and specs
a65be884-2db4-48d5-b1de-71bdac0cedf2,CAT-PPE,EXACT_DUPLICATE,AHM-SYN-434548,AHM-SYN-906915,Identical MPN and specs
ed3f6199-a0a8-4203-a567-cf89951e4571,CAT-PPE,EXACT_DUPLICATE,BUS-SYN-716371,GME-SYN-157158,Identical MPN and specs
6b34d172-04ce-4613-b293-f3f316d76700,CAT-BRG,EXACT_DUPLICATE,BUS-SYN-463222,BUS-SYN-961813,Identical MPN and specs
c4e9ec62-937f-4911-bfd7-a386f676ec30,CAT-PIP,EXACT_DUPLICATE,GME-SYN-740076,BUS-SYN-270252,Identical MPN and specs
85ad272f-35d3-49fe-917e-8b60c53a72a5,CAT-PMP,EXACT_DUPLICATE,AHM-SYN-870482,NEC-SYN-964597,Identical MPN and specs
ca8732a5-cff5-4d04-ae5e-2c3dc5cdc2bc,CAT-LUB,EXACT_DUPLICATE,NEC-SYN-905017,GME-SYN-579300,Identical MPN and specs
7e4407d2-b8f0-48cb-a5e3-1bb4ed0c98f6,CAT-LUB,EXACT_DUPLICATE,AHM-SYN-435902,GME-SYN-160193,Identical MPN and specs
f2b9fcf1-29aa-4623-83c0-9902cfe6cb24,CAT-PPE,EXACT_DUPLICATE,AHM-SYN-984569,CPI-SYN-439822,Identical MPN and specs
37381e63-0c7b-4443-bac0-a37e6c58edb8,CAT-CBL,EXACT_DUPLICATE,BUS-SYN-560401,GME-SYN-863428,Identical MPN and specs
980b6aec-112d-4c43-90b8-107b2f18bc02,CAT-PPE,EXACT_DUPLICATE,GME-SYN-987353,BUS-SYN-511885,Identical MPN and specs
58b3be37-8579-48b3-80aa-5ec5c625b649,CAT-PPE,EXACT_DUPLICATE,NEC-SYN-618584,GME-SYN-842932,Identical MPN and specs
ac1f6d42-f7f6-43f4-8a45-0f514937a383,CAT-PIP,EXACT_DUPLICATE,CPI-SYN-547189,NEC-SYN-468274,Identical MPN and specs
9d9e294b-b20c-404d-9344-ab3ab3addddd,CAT-FST,EXACT_DUPLICATE,CPI-SYN-782865,AHM-SYN-188680,Identical MPN and specs
21dd8528-8c6c-478d-8a79-044918554c3d,CAT-PMP,EXACT_DUPLICATE,CPI-SYN-179814,CPI-SYN-772708,Identical MPN and specs
8abde5d4-875c-4220-a7ca-ab5b019a6b90,CAT-LUB,EXACT_DUPLICATE,CPI-SYN-548105,NEC-SYN-182670,Identical MPN and specs
4947c99a-e268-4f88-8695-d4a9851252a1,CAT-VLV,EXACT_DUPLICATE,GME-SYN-575713,BUS-SYN-791465,Identical MPN and specs
5ef3b238-95e5-4dbe-98e2-42591fdb8a8e,CAT-GSK,EXACT_DUPLICATE,BUS-SYN-828200,AHM-SYN-320585,Identical MPN and specs
325b889d-10ad-4e08-ad17-4cb18fd8fc11,CAT-VLV,EXACT_DUPLICATE,GME-SYN-836544,CPI-SYN-681243,Identical MPN and specs
ca0e0f18-3ba4-4657-947a-87e0786e6ef2,CAT-CBL,EXACT_DUPLICATE,NEC-SYN-247264,AHM-SYN-625004,Identical MPN and specs
059b0c7e-6273-4755-a2fc-48d53572cd80,CAT-LUB,EXACT_DUPLICATE,AHM-SYN-867838,BUS-SYN-577564,Identical MPN and specs
c26e9325-76d1-46da-b721-c082f5737a4e,CAT-MTR,EXACT_DUPLICATE,NEC-SYN-523611,NEC-SYN-594100,Identical MPN and specs
0940fe5c-ddee-452d-8fcf-80fa01b899f1,CAT-PIP,EXACT_DUPLICATE,BUS-SYN-810484,AHM-SYN-298513,Identical MPN and specs
697b5433-dd63-4fc7-af6a-c65fc67088d5,CAT-VLV,EXACT_DUPLICATE,BUS-SYN-618342,CPI-SYN-696019,Identical MPN and specs
7aa37973-53e3-4173-a682-e850987e2f13,CAT-BRG,EXACT_DUPLICATE,BUS-SYN-358641,BUS-SYN-902577,Identical MPN and specs
14849b0c-791d-45c9-b793-7b0bdf65051f,CAT-PMP,EXACT_DUPLICATE,CPI-SYN-959927,CPI-SYN-823049,Identical MPN and specs
a94a955c-0f1e-4604-8f5b-b86a11ada558,CAT-VLV,EXACT_DUPLICATE,AHM-SYN-711972,AHM-SYN-780465,Identical MPN and specs
bf3edfe4-8dcf-40c2-be73-36323f168405,CAT-PMP,EXACT_DUPLICATE,CPI-SYN-771699,CPI-SYN-198270,Identical MPN and specs
793d1c53-47ea-4a15-afda-522d49f27a39,CAT-MTR,EXACT_DUPLICATE,NEC-SYN-671420,GME-SYN-475672,Identical MPN and specs
a6ebf90c-c5d8-45c9-81e0-ebf6f037b1da,CAT-INS,EXACT_DUPLICATE,CPI-SYN-260530,NEC-SYN-601133,Identical MPN and specs
dc3f6116-8569-4ae8-a929-ea7bd1ae9830,CAT-CBL,EXACT_DUPLICATE,GME-SYN-846086,AHM-SYN-172981,Identical MPN and specs
ce064119-e2d1-4f97-82e0-a8b0d3795867,CAT-LUB,EXACT_DUPLICATE,AHM-SYN-179154,GME-SYN-327803,Identical MPN and specs
b113e843-f301-407e-8266-0bc27dd31e03,CAT-PIP,EXACT_DUPLICATE,AHM-SYN-260303,CPI-SYN-191949,Identical MPN and specs
d5f8028b-15ca-4707-b243-73bbfc826f18,CAT-CBL,EXACT_DUPLICATE,NEC-SYN-402707,CPI-SYN-690745,Identical MPN and specs
924c87e5-1b44-428a-bde2-0ef82e5fecec,CAT-LUB,EXACT_DUPLICATE,NEC-SYN-488418,GME-SYN-936729,Identical MPN and specs
e5adede8-9aa9-4389-a955-7851ba6afbf2,CAT-PMP,EXACT_DUPLICATE,GME-SYN-321331,NEC-SYN-440333,Identical MPN and specs
97b60ed6-5576-489e-9e43-067478b1e5a5,CAT-VLV,EXACT_DUPLICATE,CPI-SYN-533444,CPI-SYN-148737,Identical MPN and specs
bfebcdbe-2bd3-4846-9ba6-8e09b4e5d091,CAT-FST,EXACT_DUPLICATE,GME-SYN-957375,GME-SYN-596900,Identical MPN and specs
87ef36eb-4992-4a3b-a8b5-52e00d980193,CAT-CBL,EXACT_DUPLICATE,GME-SYN-562973,NEC-SYN-411997,Identical MPN and specs
dab52503-e7b4-4f7b-98f0-a7b279f81d71,CAT-ELC,EXACT_DUPLICATE,NEC-SYN-510213,BUS-SYN-625034,Identical MPN and specs
440ded0f-374b-4b4e-b2cc-dab6da49317e,CAT-PPE,EXACT_DUPLICATE,CPI-SYN-182689,NEC-SYN-369949,Identical MPN and specs
d60eb93a-c6d7-41da-bf17-8ab336be64be,CAT-PIP,EXACT_DUPLICATE,NEC-SYN-669929,CPI-SYN-149662,Identical MPN and specs
fe918c95-c5ad-4b70-8680-a8da5de8168d,CAT-INS,EXACT_DUPLICATE,CPI-SYN-916335,GME-SYN-755778,Identical MPN and specs
40ebce87-a3fe-43f8-b762-87abaec0f296,CAT-PMP,EXACT_DUPLICATE,GME-SYN-248472,AHM-SYN-735685,Identical MPN and specs
0e6da72a-a776-4103-ada0-d5417bee5f81,CAT-LUB,EXACT_DUPLICATE,GME-SYN-700070,NEC-SYN-594606,Identical MPN and specs
850a155c-5f02-4546-9432-ba25fdb712ed,CAT-INS,EXACT_DUPLICATE,GME-SYN-224931,CPI-SYN-506585,Identical MPN and specs
fb56ea76-538c-4281-b3d5-f2bb6867d284,CAT-ELC,EXACT_DUPLICATE,BUS-SYN-246005,NEC-SYN-780314,Identical MPN and specs
36767c06-88b2-4752-82ec-cbdcd94df23b,CAT-FLG,EXACT_DUPLICATE,AHM-SYN-810399,GME-SYN-254435,Identical MPN and specs
8f0a1f73-6c3a-4e2a-a9d6-55f2739eeaea,CAT-FLG,EXACT_DUPLICATE,NEC-SYN-637152,NEC-SYN-509812,Identical MPN and specs
58beb381-8bdb-4bab-bcad-9c081f621dd2,CAT-VLV,EXACT_DUPLICATE,GME-SYN-967927,GME-SYN-610137,Identical MPN and specs
8fb60478-9289-453e-8826-de8f743c85e5,CAT-GSK,EXACT_DUPLICATE,CPI-SYN-210943,AHM-SYN-132115,Identical MPN and specs
5e049bed-8366-4937-a8e6-f6a47850b836,CAT-PIP,EXACT_DUPLICATE,CPI-SYN-654861,AHM-SYN-887425,Identical MPN and specs
3eb0ebde-8e9b-49a1-b624-6080398a5617,CAT-ELC,EXACT_DUPLICATE,NEC-SYN-665691,BUS-SYN-202302,Identical MPN and specs
25d1fcda-8cb2-4c97-b42d-57ead013d779,CAT-VLV,EXACT_DUPLICATE,GME-SYN-686810,AHM-SYN-997295,Identical MPN and specs
08377c13-ac04-403a-9712-cb3355a8fc58,CAT-VLV,EXACT_DUPLICATE,NEC-SYN-859165,GME-SYN-629117,Identical MPN and specs
9503f8dc-69e3-47de-84bd-331854e76a6a,CAT-CBL,EXACT_DUPLICATE,GME-SYN-103718,GME-SYN-962466,Identical MPN and specs
dc612761-e94a-4db1-ba89-6dfc78b32f43,CAT-FST,EXACT_DUPLICATE,BUS-SYN-598907,NEC-SYN-116296,Identical MPN and specs
9ae282b7-883e-45b6-95ec-f4aaccdf91f4,CAT-PIP,EXACT_DUPLICATE,NEC-SYN-585680,NEC-SYN-122534,Identical MPN and specs
7d7ad460-6bf7-4dde-b2c0-c3db416684d1,CAT-VLV,EXACT_DUPLICATE,GME-SYN-588746,GME-SYN-489608,Identical MPN and specs
ca47b5ac-14a0-44a6-a0d6-e51a7b64c697,CAT-INS,EXACT_DUPLICATE,NEC-SYN-900172,CPI-SYN-810937,Identical MPN and specs
ae459916-98db-46ce-851a-0a25c03d7420,CAT-BRG,EXACT_DUPLICATE,AHM-SYN-989619,BUS-SYN-479911,Identical MPN and specs
a7d836f1-180f-4891-b48c-0f7aedd1f804,CAT-INS,EXACT_DUPLICATE,NEC-SYN-696092,BUS-SYN-817546,Identical MPN and specs
18272623-ce47-4509-8cf3-de2f252a20ce,CAT-ELC,EXACT_DUPLICATE,BUS-SYN-914035,NEC-SYN-655538,Identical MPN and specs
1441d37f-858c-476c-9c4d-9797081a28a3,CAT-FST,EXACT_DUPLICATE,NEC-SYN-295954,NEC-SYN-863409,Identical MPN and specs
2fc81217-178b-4769-8a29-640a38f70cc5,CAT-VLV,EXACT_DUPLICATE,NEC-SYN-302835,AHM-SYN-680722,Identical MPN and specs
4df170c0-c483-44de-a306-4ec4d36b648c,CAT-PIP,EXACT_DUPLICATE,GME-SYN-770527,BUS-SYN-893324,Identical MPN and specs
2389a316-d945-4be7-81e3-ff9a628e5016,CAT-INS,EXACT_DUPLICATE,CPI-SYN-191292,GME-SYN-424543,Identical MPN and specs
bbb2e1c6-6f83-4de9-996c-8cf2fb8e6f58,CAT-PPE,EXACT_DUPLICATE,GME-SYN-657025,CPI-SYN-105284,Identical MPN and specs
1b950f75-a90e-4a32-a4e3-eccd2e21bc19,CAT-PPE,EXACT_DUPLICATE,GME-SYN-457009,BUS-SYN-729402,Identical MPN and specs
c112b261-f91d-4d59-9ac9-30173940f154,CAT-LUB,EXACT_DUPLICATE,AHM-SYN-735717,BUS-SYN-706668,Identical MPN and specs
e176de41-9521-4053-b01f-bf082e5d2504,CAT-GSK,EXACT_DUPLICATE,CPI-SYN-699607,GME-SYN-949855,Identical MPN and specs
b5eed7ad-5607-4acd-878b-6dd95f7587f7,CAT-ELC,EXACT_DUPLICATE,BUS-SYN-689858,BUS-SYN-952073,Identical MPN and specs
07e884a8-2061-4b9c-a841-f4d62415f255,CAT-MTR,EXACT_DUPLICATE,CPI-SYN-822033,CPI-SYN-925195,Identical MPN and specs
6b897ead-6650-4cff-9604-95d610eaac4c,CAT-FLG,EXACT_DUPLICATE,BUS-SYN-780804,AHM-SYN-479283,Identical MPN and specs
ad191036-9300-40f7-a8e1-7c7f4f6be191,CAT-PIP,EXACT_DUPLICATE,BUS-SYN-552001,GME-SYN-777978,Identical MPN and specs
4b19787e-124a-4246-8fb6-08a5b4e0ada9,CAT-PPE,EXACT_DUPLICATE,NEC-SYN-595107,CPI-SYN-415059,Identical MPN and specs
3f800a3e-7315-411e-ab10-d8af5cb91f2f,CAT-GSK,EXACT_DUPLICATE,CPI-SYN-708069,CPI-SYN-902948,Identical MPN and specs
d80dc484-ac0e-433c-851a-27aa48bfb2d2,CAT-FLG,EXACT_DUPLICATE,GME-SYN-324352,AHM-SYN-745847,Identical MPN and specs
79f5e991-a87f-411b-8fb4-8d79e1ebf9f9,CAT-FLG,EXACT_DUPLICATE,BUS-SYN-614076,AHM-SYN-293611,Identical MPN and specs
0b68cdee-8db5-4504-961d-202130c4f4c5,CAT-ELC,EXACT_DUPLICATE,NEC-SYN-196311,NEC-SYN-947241,Identical MPN and specs
2609dd06-336c-4bf6-9652-3065ea9e327c,CAT-BRG,EXACT_DUPLICATE,CPI-SYN-777198,GME-SYN-991412,Identical MPN and specs
4214a70e-1638-4324-97cb-47660498a38b,CAT-PPE,EXACT_DUPLICATE,CPI-SYN-616582,NEC-SYN-432682,Identical MPN and specs
4418da3c-e543-4fe0-99b8-a80d904046d0,CAT-FST,EXACT_DUPLICATE,NEC-SYN-798809,BUS-SYN-303729,Identical MPN and specs
a3f268dd-2ffa-4972-83d3-c893088a18da,CAT-INS,EXACT_DUPLICATE,AHM-SYN-415529,NEC-SYN-279937,Identical MPN and specs
09169bd8-297d-4dc9-a9c4-d1ccd0e4c097,CAT-PIP,EXACT_DUPLICATE,BUS-SYN-348573,BUS-SYN-616412,Identical MPN and specs
02787c3d-ec27-4b45-83b9-00356eac01d0,CAT-LUB,EXACT_DUPLICATE,NEC-SYN-162754,AHM-SYN-534497,Identical MPN and specs
ae0d35c8-c3bb-4f89-b1a7-eee12657e268,CAT-BRG,EXACT_DUPLICATE,BUS-SYN-782123,BUS-SYN-292712,Identical MPN and specs
ed3f2084-3c02-4b43-b774-629130552fd5,CAT-GSK,EXACT_DUPLICATE,NEC-SYN-295735,BUS-SYN-173839,Identical MPN and specs
27aeef7a-c82e-476b-a82f-a4da87fc2d59,CAT-MTR,EXACT_DUPLICATE,CPI-SYN-662888,NEC-SYN-474687,Identical MPN and specs
dbdc1cf3-f4fd-4c2f-8115-4b4f8705d50c,CAT-FST,EXACT_DUPLICATE,GME-SYN-465227,AHM-SYN-679880,Identical MPN and specs
1d0b3aad-814d-4200-80a2-3ed4bccea54b,CAT-BRG,EXACT_DUPLICATE,NEC-SYN-472856,NEC-SYN-213604,Identical MPN and specs
9ed830a3-49d7-415d-aaba-61f3827c85e7,CAT-GSK,EXACT_DUPLICATE,GME-SYN-285377,CPI-SYN-922513,Identical MPN and specs
00602da5-e0b7-40b5-9743-cfbd11ad04db,CAT-LUB,EXACT_DUPLICATE,GME-SYN-201534,AHM-SYN-732633,Identical MPN and specs
d13cd880-5ec0-4081-9063-1fc2f71bda9c,CAT-ELC,EXACT_DUPLICATE,AHM-SYN-743738,CPI-SYN-410670,Identical MPN and specs
a1fa5744-d801-4adf-b4a8-fc2f806db830,CAT-PMP,EXACT_DUPLICATE,GME-SYN-355063,NEC-SYN-246918,Identical MPN and specs
b08d7113-d0e3-4841-8509-a5698879528c,CAT-PMP,EXACT_DUPLICATE,GME-SYN-230443,NEC-SYN-732849,Identical MPN and specs
f7e85455-ecb4-4887-adfe-78d76f5e8896,CAT-ELC,EXACT_DUPLICATE,AHM-SYN-264701,GME-SYN-566581,Identical MPN and specs
f511cf57-16db-4324-bfb4-4e2b3f3ac99f,CAT-PIP,EXACT_DUPLICATE,NEC-SYN-747520,AHM-SYN-753813,Identical MPN and specs
9e4124db-817b-4518-bcfa-a42c1409fbdd,CAT-PPE,EXACT_DUPLICATE,NEC-SYN-757317,NEC-SYN-249415,Identical MPN and specs
2ee629f1-1469-4964-8246-575293b3cb54,CAT-CBL,EXACT_DUPLICATE,GME-SYN-734826,BUS-SYN-633090,Identical MPN and specs
2c9a0cbb-71f8-4ab2-9e3c-8b4004c3144f,CAT-LUB,EXACT_DUPLICATE,NEC-SYN-921197,GME-SYN-981019,Identical MPN and specs
5099a986-5ecf-4669-92be-9c0530f56d83,CAT-CBL,EXACT_DUPLICATE,NEC-SYN-728593,NEC-SYN-781931,Identical MPN and specs
b7a26138-0f43-4f06-8a23-528a1ab23f15,CAT-LUB,EXACT_DUPLICATE,CPI-SYN-185946,CPI-SYN-227498,Identical MPN and specs
ec52813e-7f8f-4c02-8bb3-948ac75ba724,CAT-INS,EXACT_DUPLICATE,CPI-SYN-357290,CPI-SYN-126653,Identical MPN and specs
bb794fdf-acc9-4dbc-a9ee-87e0e53f4a78,CAT-INS,EXACT_DUPLICATE,CPI-SYN-820413,NEC-SYN-415384,Identical MPN and specs
60c51e35-47c2-408e-bcc9-0ff86b656481,CAT-LUB,EXACT_DUPLICATE,GME-SYN-920587,BUS-SYN-519634,Identical MPN and specs
ec4e0416-6f83-4af7-b66c-c0374b2b3a01,CAT-ELC,EXACT_DUPLICATE,BUS-SYN-796193,AHM-SYN-766395,Identical MPN and specs
ed01fd90-1ea5-44d7-8c4e-c8cfe5b982dc,CAT-LUB,EXACT_DUPLICATE,AHM-SYN-715311,CPI-SYN-550897,Identical MPN and specs
1fd2dbcc-4817-4a86-961e-2fd3467c4041,CAT-LUB,EXACT_DUPLICATE,NEC-SYN-549910,BUS-SYN-396066,Identical MPN and specs
936b21e2-b702-41b9-ab71-78d864ad3505,CAT-PPE,EXACT_DUPLICATE,NEC-SYN-687636,CPI-SYN-849668,Identical MPN and specs
f0150954-4934-4c2e-a2ff-2154b11a9be1,CAT-LUB,EXACT_DUPLICATE,AHM-SYN-724213,CPI-SYN-307529,Identical MPN and specs
02f012e0-fef1-4984-b54b-de688ac868e7,CAT-ELC,EXACT_DUPLICATE,BUS-SYN-845339,AHM-SYN-166095,Identical MPN and specs
89b2167c-6c8b-4ec4-8cd5-4a3c18e7e517,CAT-BRG,EXACT_DUPLICATE,BUS-SYN-604048,BUS-SYN-804916,Identical MPN and specs
c7ea6af7-bb95-467a-bf66-8543224da636,CAT-CBL,EXACT_DUPLICATE,CPI-SYN-228454,BUS-SYN-637659,Identical MPN and specs
d309c19b-494d-4cb3-934b-9f0f8cf58813,CAT-INS,EXACT_DUPLICATE,NEC-SYN-448814,NEC-SYN-887099,Identical MPN and specs
798cc52c-4be6-4e55-8d8c-50d914b3ce33,CAT-LUB,EXACT_DUPLICATE,CPI-SYN-350564,CPI-SYN-257155,Identical MPN and specs
932eaae0-5f30-4f44-a696-4a2210c8e8d2,CAT-GSK,EXACT_DUPLICATE,NEC-SYN-211728,NEC-SYN-667063,Identical MPN and specs
176c5b72-1b9a-4ca6-bfed-d282deda0beb,CAT-GSK,EXACT_DUPLICATE,BUS-SYN-874391,AHM-SYN-183206,Identical MPN and specs
d45df239-6ab4-4fd5-b347-78e870700185,CAT-PIP,EXACT_DUPLICATE,NEC-SYN-627406,AHM-SYN-235954,Identical MPN and specs
c0dbbf87-da8d-4091-b438-7e819ce23ddc,CAT-LUB,EXACT_DUPLICATE,NEC-SYN-501881,GME-SYN-123798,Identical MPN and specs
8c95c0a4-8c36-440d-83f0-a38837064d89,CAT-FST,EXACT_DUPLICATE,NEC-SYN-516472,BUS-SYN-885632,Identical MPN and specs
b71eed7c-f3ff-470f-889f-855dd9f9e29a,CAT-VLV,EXACT_DUPLICATE,NEC-SYN-133348,BUS-SYN-830460,Identical MPN and specs
0240a11a-b0b9-4f0b-969d-fa6598159ff5,CAT-PMP,EXACT_DUPLICATE,CPI-SYN-775394,NEC-SYN-986859,Identical MPN and specs
578ab59a-0d74-476b-ac15-7cae9a7ec31c,CAT-PMP,EXACT_DUPLICATE,GME-SYN-680955,NEC-SYN-119639,Identical MPN and specs
680457a5-7ffa-4bb2-ad93-bdda0e193477,CAT-PIP,EXACT_DUPLICATE,NEC-SYN-908032,AHM-SYN-951723,Identical MPN and specs
e969fb21-6397-417c-891b-a2fa7de17fb2,CAT-ELC,EXACT_DUPLICATE,GME-SYN-799933,AHM-SYN-585784,Identical MPN and specs
b0912685-fb14-4ee8-9c07-541bda41e8f6,CAT-CBL,EXACT_DUPLICATE,CPI-SYN-350069,AHM-SYN-711743,Identical MPN and specs
651ee078-0bdc-4e7f-a8f0-28cf1e6cc886,CAT-FST,EXACT_DUPLICATE,BUS-SYN-870449,AHM-SYN-493602,Identical MPN and specs
7b375fef-594b-4ff4-acc1-f5e1c5db0870,CAT-LUB,EXACT_DUPLICATE,BUS-SYN-217910,GME-SYN-775850,Identical MPN and specs
ed715486-8299-45bf-aa62-a2d5b10df376,CAT-BRG,EXACT_DUPLICATE,AHM-SYN-493426,GME-SYN-452096,Identical MPN and specs
29b6dc04-1e55-4f53-b855-faf09f9b2c7b,CAT-FLG,EXACT_DUPLICATE,NEC-SYN-345830,GME-SYN-159737,Identical MPN and specs
15377418-cf1b-4f53-a654-f34a64643a3f,CAT-INS,EXACT_DUPLICATE,NEC-SYN-620014,AHM-SYN-643718,Identical MPN and specs
9388b4a2-cded-4b9d-a6ad-af8b8b5a88e5,CAT-BRG,EXACT_DUPLICATE,BUS-SYN-633466,BUS-SYN-815929,Identical MPN and specs
f62985cb-b641-4984-b37f-60ffc3d43e7d,CAT-MTR,EXACT_DUPLICATE,CPI-SYN-943925,GME-SYN-911297,Identical MPN and specs
31c435c9-b525-4696-9b15-5224b9e1ce82,CAT-PIP,EXACT_DUPLICATE,GME-SYN-812700,CPI-SYN-911403,Identical MPN and specs
53baee8c-7b10-43c2-b47a-b9c5ad708b73,CAT-FST,EXACT_DUPLICATE,CPI-SYN-319474,AHM-SYN-381501,Identical MPN and specs
fdeabf43-8d20-4d6f-98f6-571688a44b81,CAT-LUB,EXACT_DUPLICATE,AHM-SYN-871386,AHM-SYN-381026,Identical MPN and specs
b87fb9a3-1bc8-4fcf-b19c-6ea7a1b186ac,CAT-LUB,EXACT_DUPLICATE,CPI-SYN-316880,NEC-SYN-907957,Identical MPN and specs
788d7055-647f-4f15-b2a8-de9eaae7c8cc,CAT-INS,EXACT_DUPLICATE,GME-SYN-613771,AHM-SYN-321665,Identical MPN and specs
602d9ca0-0ade-4134-a569-90bda463eac6,CAT-PPE,EXACT_DUPLICATE,BUS-SYN-345093,NEC-SYN-498261,Identical MPN and specs
af968708-5ccd-4d6e-b47e-d1612bae2911,CAT-FLG,EXACT_DUPLICATE,BUS-SYN-314909,CPI-SYN-596173,Identical MPN and specs
15e0658c-2303-4961-85f0-191d6bbcc90e,CAT-LUB,EXACT_DUPLICATE,NEC-SYN-280259,CPI-SYN-708995,Identical MPN and specs
f1a4c9f0-1998-423d-94fe-b6c29684e962,CAT-INS,EXACT_DUPLICATE,NEC-SYN-240846,NEC-SYN-317940,Identical MPN and specs
ead3b215-10af-4d04-864e-b0ed5617ad90,CAT-GSK,EXACT_DUPLICATE,AHM-SYN-761020,CPI-SYN-990133,Identical MPN and specs
6b8b5475-36eb-4816-95ec-d6586bd6a8a7,CAT-FST,EXACT_DUPLICATE,AHM-SYN-493330,AHM-SYN-755299,Identical MPN and specs
d5e3b315-41cd-4d82-b9ec-c4f880927c5a,CAT-ELC,EXACT_DUPLICATE,CPI-SYN-912732,BUS-SYN-669163,Identical MPN and specs
7244b7a4-04d9-4d84-bd0e-fbc27b626ee7,CAT-VLV,EXACT_DUPLICATE,NEC-SYN-604142,AHM-SYN-692808,Identical MPN and specs
695c7fb3-97f6-4c1e-8d8b-9c7a4d0dd1ba,CAT-MTR,EXACT_DUPLICATE,BUS-SYN-573862,BUS-SYN-831225,Identical MPN and specs
1e89e0d6-d803-46c5-89f8-4de199a2548a,CAT-GSK,EXACT_DUPLICATE,BUS-SYN-226680,BUS-SYN-249902,Identical MPN and specs
6a15b16c-c861-4e29-a36d-9e2a0bff3d32,CAT-FLG,EXACT_DUPLICATE,BUS-SYN-456645,AHM-SYN-686736,Identical MPN and specs
9b952ce2-9dbd-48d3-9dfd-3ce14e837362,CAT-BRG,EXACT_DUPLICATE,NEC-SYN-126519,GME-SYN-680190,Identical MPN and specs
87860486-a088-4296-baed-2f1e320abd21,CAT-BRG,EXACT_DUPLICATE,AHM-SYN-146974,BUS-SYN-834397,Identical MPN and specs
257c9145-d1b8-4c2c-adbf-f1201f8d8248,CAT-PMP,EXACT_DUPLICATE,NEC-SYN-914541,NEC-SYN-275107,Identical MPN and specs
c180ae8a-7d6f-4994-9340-c246c60f18b2,CAT-VLV,EXACT_DUPLICATE,GME-SYN-808584,BUS-SYN-243089,Identical MPN and specs
da588d7e-ec6e-4a20-9f1c-5e4ccaad115d,CAT-CBL,EXACT_DUPLICATE,CPI-SYN-270708,CPI-SYN-590808,Identical MPN and specs
b472309f-ec14-49db-9aff-429b4425baaa,CAT-LUB,EXACT_DUPLICATE,NEC-SYN-760128,GME-SYN-738609,Identical MPN and specs
97f2b57f-0d03-47de-8dda-a57cf9275b84,CAT-ELC,EXACT_DUPLICATE,NEC-SYN-440319,NEC-SYN-153076,Identical MPN and specs
48b62de7-1d58-4fa5-9c67-deee1bf4bd0a,CAT-PIP,EXACT_DUPLICATE,BUS-SYN-450685,BUS-SYN-672666,Identical MPN and specs
0ed14d79-6687-4363-9c5e-0849f96192c1,CAT-FLG,EXACT_DUPLICATE,NEC-SYN-402081,CPI-SYN-484253,Identical MPN and specs
1fef9514-8bd1-435a-97e3-2ee21960e0bc,CAT-CBL,EXACT_DUPLICATE,AHM-SYN-760098,BUS-SYN-544198,Identical MPN and specs
5d049089-ef16-4eec-9fd9-8f90fa52a051,CAT-PMP,EXACT_DUPLICATE,AHM-SYN-554238,GME-SYN-584486,Identical MPN and specs
e35d5ee8-e258-4700-8275-ce0cb0b57c58,CAT-PMP,EXACT_DUPLICATE,CPI-SYN-542094,CPI-SYN-915517,Identical MPN and specs
8b534eb1-9a71-4eb4-be5f-4d0f93e141ab,CAT-LUB,EXACT_DUPLICATE,CPI-SYN-153551,NEC-SYN-401443,Identical MPN and specs
c74ffe7b-2108-46f2-83f0-4401a7e8145b,CAT-FST,EXACT_DUPLICATE,CPI-SYN-428431,CPI-SYN-861472,Identical MPN and specs
151871f2-c9c5-4835-9d46-70a4c27e5417,CAT-CBL,EXACT_DUPLICATE,AHM-SYN-265060,GME-SYN-489207,Identical MPN and specs
5c28303c-fdc3-4219-a61c-36a7e5bc5f89,CAT-PIP,EXACT_DUPLICATE,GME-SYN-580180,GME-SYN-329936,Identical MPN and specs
c5e689bb-9cfd-4db6-9e17-78bb9465ecdc,CAT-FLG,EXACT_DUPLICATE,BUS-SYN-839234,BUS-SYN-297046,Identical MPN and specs
854f88e4-bffc-4bdf-91fc-9d9d6569271a,CAT-MTR,EXACT_DUPLICATE,BUS-SYN-927836,AHM-SYN-399945,Identical MPN and specs
0c6ed2c6-627c-4149-9d14-f7e5b45ce94e,CAT-PPE,EXACT_DUPLICATE,CPI-SYN-481728,AHM-SYN-440156,Identical MPN and specs
e99d710d-2c8b-4837-967a-37bb77bcbb72,CAT-GSK,EXACT_DUPLICATE,AHM-SYN-670822,GME-SYN-851491,Identical MPN and specs
efa78469-cf0d-4120-a376-0a7301ed0bb0,CAT-FLG,EXACT_DUPLICATE,NEC-SYN-248830,CPI-SYN-138607,Identical MPN and specs
25f18e2d-980d-4add-9929-047ff6496311,CAT-LUB,EXACT_DUPLICATE,GME-SYN-336110,NEC-SYN-651608,Identical MPN and specs
be19d39a-10ef-4337-8fe3-a730387f9a47,CAT-BRG,EXACT_DUPLICATE,GME-SYN-995828,CPI-SYN-947292,Identical MPN and specs
86088cdc-c87c-4f2a-80e2-ee10fd258766,CAT-CBL,EXACT_DUPLICATE,BUS-SYN-206288,GME-SYN-194518,Identical MPN and specs
90049d04-0cb9-49e5-aa2a-2fc8b7616b55,CAT-CBL,EXACT_DUPLICATE,NEC-SYN-993204,CPI-SYN-965636,Identical MPN and specs
298bb3fa-edd3-4c15-bd77-63d5b1a9b173,CAT-PPE,EXACT_DUPLICATE,GME-SYN-940357,NEC-SYN-197591,Identical MPN and specs
7cfc0568-76cf-457e-b617-bf74a2e8ef61,CAT-ELC,EXACT_DUPLICATE,GME-SYN-127934,BUS-SYN-375658,Identical MPN and specs
4a61d221-8c5f-4853-8d4e-390366c25bf3,CAT-FST,EXACT_DUPLICATE,AHM-SYN-309630,NEC-SYN-889808,Identical MPN and specs
10770be2-809d-4703-adc3-143e548b4100,CAT-ELC,EXACT_DUPLICATE,CPI-SYN-920241,CPI-SYN-583618,Identical MPN and specs
afc7592e-15c8-4ccd-bf23-7fd9f75da449,CAT-CBL,EXACT_DUPLICATE,NEC-SYN-745961,GME-SYN-600519,Identical MPN and specs
a9e6a854-dda5-48df-8a1e-cbffcd26a8c7,CAT-LUB,EXACT_DUPLICATE,NEC-SYN-268493,CPI-SYN-827258,Identical MPN and specs
5475f82a-ff76-4cad-ac35-25bc7c4ae686,CAT-ELC,EXACT_DUPLICATE,GME-SYN-939632,CPI-SYN-264330,Identical MPN and specs
64cabdfb-989c-4df2-90a1-7f0698a9dc86,CAT-CBL,EXACT_DUPLICATE,GME-SYN-185964,NEC-SYN-253318,Identical MPN and specs
4a1f85fe-6565-4fbf-8bee-22bd2ff0a0cc,CAT-INS,EXACT_DUPLICATE,CPI-SYN-222127,CPI-SYN-196150,Identical MPN and specs
7ac4f6a7-15aa-447b-8acc-4aed8c1486d4,CAT-ELC,EXACT_DUPLICATE,AHM-SYN-370170,GME-SYN-878638,Identical MPN and specs
cc1f1173-13eb-4fff-8ac1-eb713a0697b5,CAT-GSK,EXACT_DUPLICATE,BUS-SYN-323548,BUS-SYN-574869,Identical MPN and specs
61d2b661-33ee-4d62-9887-92fb03e510e4,CAT-ELC,EXACT_DUPLICATE,AHM-SYN-764064,CPI-SYN-394954,Identical MPN and specs
8c395fe7-2dd1-4e91-9000-c55d0efd0996,CAT-PMP,EXACT_DUPLICATE,CPI-SYN-189899,BUS-SYN-930939,Identical MPN and specs
a95463a9-0fc2-4f75-bc87-0ee087226b72,CAT-LUB,EXACT_DUPLICATE,AHM-SYN-786483,AHM-SYN-569749,Identical MPN and specs
c8b47f29-c679-418f-b606-b2eb133af5fe,CAT-PPE,EXACT_DUPLICATE,CPI-SYN-750466,GME-SYN-308017,Identical MPN and specs
ef93162b-8481-4c13-b26d-f9f5c0e448a6,CAT-PMP,EXACT_DUPLICATE,GME-SYN-131171,AHM-SYN-215649,Identical MPN and specs
b09f9848-a80f-46d8-8ff6-9007fb0efd04,CAT-BRG,EXACT_DUPLICATE,GME-SYN-887812,BUS-SYN-382318,Identical MPN and specs
9692a5fa-3c23-400e-81f9-43a52928d3e5,CAT-PMP,EXACT_DUPLICATE,NEC-SYN-180134,BUS-SYN-186202,Identical MPN and specs
7d10da08-2081-4ce9-8eed-7ef816c3e29a,CAT-MTR,EXACT_DUPLICATE,NEC-SYN-299321,BUS-SYN-183872,Identical MPN and specs
8798a074-830a-4514-bf76-f9a1e512f587,CAT-PPE,EXACT_DUPLICATE,GME-SYN-836309,CPI-SYN-301711,Identical MPN and specs
ce4237b0-2b6e-4a9b-9a2d-689bfdae4906,CAT-GSK,EXACT_DUPLICATE,GME-SYN-593656,BUS-SYN-506121,Identical MPN and specs
ab2d55e8-26fa-4a58-b0e4-88b700cfd9ea,CAT-VLV,EXACT_DUPLICATE,GME-SYN-237692,AHM-SYN-842240,Identical MPN and specs
3392f613-6cde-46c4-9fe6-0e0c135c1dde,CAT-FST,EXACT_DUPLICATE,GME-SYN-895832,BUS-SYN-218050,Identical MPN and specs
29fb2703-ee04-42f9-81f9-08c512b02464,CAT-VLV,EXACT_DUPLICATE,CPI-SYN-618339,AHM-SYN-323141,Identical MPN and specs
d93644ff-adec-4d0e-bd37-c01ea0491446,CAT-CBL,EXACT_DUPLICATE,GME-SYN-441399,GME-SYN-961257,Identical MPN and specs
b88d5b1c-f947-40ff-a1ec-5b52f52755ba,CAT-FST,EXACT_DUPLICATE,NEC-SYN-736743,NEC-SYN-264614,Identical MPN and specs
62ba985e-fd44-435d-aa1c-b62fc0fb4d1f,CAT-MTR,EXACT_DUPLICATE,NEC-SYN-371621,AHM-SYN-173880,Identical MPN and specs
a2085f11-9bf5-46f4-9800-2b45ee3ab771,CAT-GSK,EXACT_DUPLICATE,NEC-SYN-111971,NEC-SYN-819479,Identical MPN and specs
663f689d-a48e-48a1-9109-6c31b565fd34,CAT-LUB,EXACT_DUPLICATE,CPI-SYN-425992,NEC-SYN-521001,Identical MPN and specs
0156e8e4-d708-457e-9a86-ac0a51bcddbd,CAT-FST,EXACT_DUPLICATE,GME-SYN-909858,NEC-SYN-257239,Identical MPN and specs
bdca0328-3adf-42c6-91c8-7536d9ef075a,CAT-MTR,EXACT_DUPLICATE,AHM-SYN-626150,GME-SYN-609184,Identical MPN and specs
87e550dd-739f-4422-a7b8-02148f1bbfba,CAT-CBL,EXACT_DUPLICATE,AHM-SYN-818530,AHM-SYN-431364,Identical MPN and specs
1563888b-01c9-46c3-a811-9ca9fe2eed4e,CAT-VLV,EXACT_DUPLICATE,AHM-SYN-890682,GME-SYN-767664,Identical MPN and specs
ce6d3894-0a73-4e86-b73b-d52a51d39500,CAT-ELC,EXACT_DUPLICATE,AHM-SYN-985106,AHM-SYN-744387,Identical MPN and specs
4eea8d5a-65e8-4649-b982-eee73a104508,CAT-CBL,EXACT_DUPLICATE,NEC-SYN-616874,AHM-SYN-621926,Identical MPN and specs
0e140c43-c797-48b0-b5a7-f527a6be39a7,CAT-INS,EXACT_DUPLICATE,NEC-SYN-551102,GME-SYN-343672,Identical MPN and specs
8746499a-fe5d-4bf6-b513-5bed2763384e,CAT-GSK,EXACT_DUPLICATE,GME-SYN-153597,GME-SYN-298392,Identical MPN and specs
28941674-dcdb-4272-94fb-4922f34a24f4,CAT-MTR,EXACT_DUPLICATE,CPI-SYN-791458,CPI-SYN-840809,Identical MPN and specs
17e8cf4e-79c1-4664-ae74-eb9aecb3bfa3,CAT-INS,EXACT_DUPLICATE,NEC-SYN-676444,NEC-SYN-404328,Identical MPN and specs
9d95c3d8-7c8c-4c46-bad3-32f3c3012f6f,CAT-PPE,EXACT_DUPLICATE,BUS-SYN-712189,CPI-SYN-430989,Identical MPN and specs
2ec7eae9-ba54-4b25-96b1-8cd1f9d4d027,CAT-PMP,EXACT_DUPLICATE,AHM-SYN-245547,NEC-SYN-389928,Identical MPN and specs
87c13892-d258-460c-a5cf-87ff0ad80248,CAT-PPE,EXACT_DUPLICATE,CPI-SYN-611432,AHM-SYN-715214,Identical MPN and specs
23dc05a6-dcd0-4dee-b954-530b37c64785,CAT-GSK,EXACT_DUPLICATE,GME-SYN-971583,CPI-SYN-867744,Identical MPN and specs
1b3a61a6-0e06-4fc1-b4c1-9670d4a881c2,CAT-INS,EXACT_DUPLICATE,AHM-SYN-312299,CPI-SYN-444236,Identical MPN and specs
93d1445e-b9d3-46ac-8ac4-80cf3b730ec3,CAT-LUB,EXACT_DUPLICATE,GME-SYN-478350,BUS-SYN-939472,Identical MPN and specs
d022a30e-97a6-4451-982a-10f4b837300a,CAT-FLG,EXACT_DUPLICATE,BUS-SYN-157627,GME-SYN-238636,Identical MPN and specs
49cbc30d-95d8-4f5e-9225-58780830ee1c,CAT-BRG,EXACT_DUPLICATE,GME-SYN-598230,GME-SYN-194967,Identical MPN and specs
e81d7c10-ddbd-48dd-9217-2f5345e1073e,CAT-INS,EXACT_DUPLICATE,AHM-SYN-848753,AHM-SYN-529130,Identical MPN and specs
331689af-6ff3-4bd2-bcf0-039ab637f9b5,CAT-PMP,EXACT_DUPLICATE,CPI-SYN-522697,GME-SYN-669187,Identical MPN and specs
24e5d6fa-b053-4137-abb9-8e222556b60d,CAT-VLV,EXACT_DUPLICATE,NEC-SYN-868302,NEC-SYN-251312,Identical MPN and specs
1f9e5203-1dfa-4a3c-869d-7699113e3284,CAT-FST,EXACT_DUPLICATE,GME-SYN-526248,AHM-SYN-767231,Identical MPN and specs
e987b7f3-2952-4e3b-ac95-f82a28c7250d,CAT-VLV,EXACT_DUPLICATE,NEC-SYN-204235,GME-SYN-945637,Identical MPN and specs
4492bbb3-742f-44d3-b91e-76a3630a668c,CAT-ELC,EXACT_DUPLICATE,AHM-SYN-225893,NEC-SYN-815950,Identical MPN and specs
560d798e-1d5b-4719-a0a2-1704310500b6,CAT-PIP,EXACT_DUPLICATE,AHM-SYN-118515,AHM-SYN-317092,Identical MPN and specs
50a69edb-f190-4363-b409-f96a1607d125,CAT-PMP,EXACT_DUPLICATE,NEC-SYN-242638,CPI-SYN-331326,Identical MPN and specs
14ab1b74-cf50-46f9-bdf2-22753c6a0450,CAT-GSK,EXACT_DUPLICATE,GME-SYN-724297,CPI-SYN-185517,Identical MPN and specs
28c9dc46-13b0-4898-89b8-409c3c03fcf0,CAT-VLV,EXACT_DUPLICATE,AHM-SYN-273189,CPI-SYN-143685,Identical MPN and specs
ef09757e-796b-46da-b8e6-2b04cff9ef72,CAT-FLG,EXACT_DUPLICATE,BUS-SYN-278852,CPI-SYN-206458,Identical MPN and specs
25677083-711b-4fee-aba8-6a3b81838597,CAT-ELC,EXACT_DUPLICATE,AHM-SYN-582261,BUS-SYN-388307,Identical MPN and specs
a2a18d80-6423-4ae2-8588-d534414b5ee2,CAT-ELC,EXACT_DUPLICATE,NEC-SYN-988800,AHM-SYN-307877,Identical MPN and specs
5714c61d-0450-4aa9-9314-e18eb4e9f2cf,CAT-GSK,EXACT_DUPLICATE,NEC-SYN-863650,CPI-SYN-799630,Identical MPN and specs
e97496aa-aca9-43b1-82fd-992be2e1f537,CAT-PPE,EXACT_DUPLICATE,GME-SYN-451375,AHM-SYN-618339,Identical MPN and specs
02374c16-18c4-4da9-ac24-c0299a117564,CAT-INS,EXACT_DUPLICATE,NEC-SYN-175763,NEC-SYN-967574,Identical MPN and specs
6dca9b98-579f-4fc0-9b79-d3ba5033104d,CAT-MTR,EXACT_DUPLICATE,NEC-SYN-545243,GME-SYN-853368,Identical MPN and specs
d42f438a-098b-4fec-b812-d7792646129d,CAT-LUB,EXACT_DUPLICATE,BUS-SYN-765832,NEC-SYN-493555,Identical MPN and specs
660090c9-4d91-4460-8100-f20246e5a773,CAT-FLG,EXACT_DUPLICATE,GME-SYN-873241,GME-SYN-372320,Identical MPN and specs
327e1ff7-9557-4be0-8168-34cd671392fe,CAT-BRG,EXACT_DUPLICATE,AHM-SYN-664021,BUS-SYN-379462,Identical MPN and specs
d7ed22b3-1804-4da9-9fae-f06b241276a1,CAT-INS,EXACT_DUPLICATE,AHM-SYN-557512,GME-SYN-425688,Identical MPN and specs
a879b8ed-00da-4725-a9ba-274a8d70ee44,CAT-PPE,EXACT_DUPLICATE,NEC-SYN-975516,CPI-SYN-348614,Identical MPN and specs
3d2dd370-c17b-436b-9d8a-37fb93dad3dd,CAT-CBL,EXACT_DUPLICATE,AHM-SYN-304214,GME-SYN-160811,Identical MPN and specs
b74974e5-45ad-4897-8f2e-e077c1fbf2b8,CAT-FST,EXACT_DUPLICATE,NEC-SYN-487190,GME-SYN-615135,Identical MPN and specs
711114ff-872e-4a83-8a9c-72746443ce77,CAT-MTR,EXACT_DUPLICATE,GME-SYN-181874,BUS-SYN-568417,Identical MPN and specs
944b141f-19c4-4b8f-9c12-eb9ead7119c6,CAT-MTR,EXACT_DUPLICATE,GME-SYN-977744,AHM-SYN-153867,Identical MPN and specs
26827f5e-e6f6-4a4e-9b0c-7433734bebd5,CAT-FST,EXACT_DUPLICATE,AHM-SYN-778464,CPI-SYN-197333,Identical MPN and specs
e1d35a17-e705-43e8-8476-1e1d8a78b2fe,CAT-ELC,EXACT_DUPLICATE,BUS-SYN-435908,AHM-SYN-575206,Identical MPN and specs
ad12a046-f15e-4b6b-b3a6-9a2083935ea3,CAT-PPE,EXACT_DUPLICATE,BUS-SYN-703421,NEC-SYN-816339,Identical MPN and specs
a3efab56-0a17-4eef-95ec-20652ce59def,CAT-GSK,EXACT_DUPLICATE,GME-SYN-592213,CPI-SYN-691643,Identical MPN and specs
587edcdb-c57d-4d94-9452-f826c3f873c0,CAT-MTR,EXACT_DUPLICATE,BUS-SYN-334628,AHM-SYN-527189,Identical MPN and specs
1ebf9805-fa75-49f1-a0a3-f81feee3a449,CAT-CBL,EXACT_DUPLICATE,NEC-SYN-747067,CPI-SYN-926736,Identical MPN and specs
60d4f9d1-e3cd-4c58-9b35-1282c10187e3,CAT-CBL,EXACT_DUPLICATE,NEC-SYN-136858,AHM-SYN-336814,Identical MPN and specs
e2676f2f-cc39-4953-a6b2-41f49d8de71d,CAT-MTR,EXACT_DUPLICATE,CPI-SYN-971540,GME-SYN-761111,Identical MPN and specs
328a5ed3-f425-4940-9a23-946d51dab6f3,CAT-BRG,EXACT_DUPLICATE,GME-SYN-453182,GME-SYN-357544,Identical MPN and specs
5c9ebca4-8e66-498f-bef5-b6915474c2b6,CAT-PPE,EXACT_DUPLICATE,GME-SYN-571377,BUS-SYN-202863,Identical MPN and specs
b0f4e3e8-640f-47a4-bbce-03f09599742f,CAT-VLV,EXACT_DUPLICATE,CPI-SYN-552308,GME-SYN-806958,Identical MPN and specs
d4899c14-eb71-43a2-b2d1-c7ba083dc572,CAT-CBL,EXACT_DUPLICATE,NEC-SYN-817129,GME-SYN-745399,Identical MPN and specs
2a8b1d06-2b25-4191-81d1-65b69803564b,CAT-FST,EXACT_DUPLICATE,GME-SYN-652841,NEC-SYN-813390,Identical MPN and specs
610dea72-783c-4665-a1c0-53c48e0fc59d,CAT-BRG,EXACT_DUPLICATE,AHM-SYN-582936,GME-SYN-128147,Identical MPN and specs
46debc55-9600-4049-811f-25271c172e6c,CAT-CBL,EXACT_DUPLICATE,BUS-SYN-495622,AHM-SYN-258435,Identical MPN and specs
a8fee4dd-d576-495d-82fb-062c87b8da10,CAT-FST,EXACT_DUPLICATE,BUS-SYN-550644,CPI-SYN-994096,Identical MPN and specs
d2364c6c-6ea1-4fc5-aad4-aed4d2971e0a,CAT-FLG,EXACT_DUPLICATE,NEC-SYN-570603,GME-SYN-834117,Identical MPN and specs
94ebc5bc-a81b-4068-be9a-49368da7bf18,CAT-BRG,EXACT_DUPLICATE,NEC-SYN-612487,CPI-SYN-745260,Identical MPN and specs
2457a2ab-becc-43c4-ae0f-a11f10204498,CAT-GSK,EXACT_DUPLICATE,BUS-SYN-441086,AHM-SYN-463173,Identical MPN and specs
146089f9-9375-44f7-82f0-271b41d9dc64,CAT-PMP,EXACT_DUPLICATE,NEC-SYN-336448,CPI-SYN-333975,Identical MPN and specs
d9c100e6-e0a8-45f5-845e-fda334c7abc3,CAT-FLG,EXACT_DUPLICATE,BUS-SYN-972963,NEC-SYN-325604,Identical MPN and specs
438dbf52-19d9-4c18-be67-2662b319336b,CAT-ELC,EXACT_DUPLICATE,GME-SYN-461550,AHM-SYN-874121,Identical MPN and specs
26e87fdd-8928-4315-ad91-6f3dcc53d26c,CAT-CBL,EXACT_DUPLICATE,GME-SYN-681970,CPI-SYN-540761,Identical MPN and specs
6e44c0ba-25be-4aa9-ac9c-72e42020bf80,CAT-PPE,EXACT_DUPLICATE,BUS-SYN-811832,CPI-SYN-768905,Identical MPN and specs
bff674ea-0adb-4fd3-8a8a-81dfd93700e0,CAT-VLV,EXACT_DUPLICATE,CPI-SYN-505895,AHM-SYN-228834,Identical MPN and specs
45ae075d-bd15-4dda-8216-43b7c1c9dd5d,CAT-BRG,EXACT_DUPLICATE,AHM-SYN-476051,BUS-SYN-851007,Identical MPN and specs
5fc18977-3621-443c-b401-7d4799a63658,CAT-FLG,EXACT_DUPLICATE,CPI-SYN-424536,BUS-SYN-618559,Identical MPN and specs
2f366b26-cc76-430f-a668-3773ecac2953,CAT-CBL,EXACT_DUPLICATE,BUS-SYN-603624,NEC-SYN-196991,Identical MPN and specs
3830afa7-a50b-4c96-b264-fad424a5d020,CAT-INS,EXACT_DUPLICATE,BUS-SYN-486069,BUS-SYN-481117,Identical MPN and specs
45d13be5-0448-4673-a83a-c5c8eb7bf1e5,CAT-VLV,EXACT_DUPLICATE,AHM-SYN-243028,BUS-SYN-230442,Identical MPN and specs
954e2e81-d7af-46b4-bb68-1835e29e927b,CAT-BRG,EXACT_DUPLICATE,BUS-SYN-555286,NEC-SYN-646361,Identical MPN and specs
19530e43-adf9-4eb7-bb3e-0312a233f0ff,CAT-FST,EXACT_DUPLICATE,BUS-SYN-704281,NEC-SYN-582321,Identical MPN and specs
48e4dc73-e085-4665-a50d-9c457b7ab112,CAT-FST,EXACT_DUPLICATE,CPI-SYN-752984,GME-SYN-933284,Identical MPN and specs
8dc77130-02bc-4936-9be5-71a31b840b16,CAT-PIP,EXACT_DUPLICATE,NEC-SYN-495718,GME-SYN-728851,Identical MPN and specs
22a23b08-c471-49e1-abb8-277d28442820,CAT-PIP,EXACT_DUPLICATE,AHM-SYN-109831,CPI-SYN-531514,Identical MPN and specs
2a145744-7bb5-4bb8-913a-299d541ed389,CAT-BRG,EXACT_DUPLICATE,BUS-SYN-358760,CPI-SYN-230263,Identical MPN and specs
73d92542-b72c-4755-9596-7cc2f48dadae,CAT-PPE,EXACT_DUPLICATE,BUS-SYN-534174,AHM-SYN-292584,Identical MPN and specs
7626e637-61b9-45db-9dac-0953f47783ea,CAT-FLG,EXACT_DUPLICATE,CPI-SYN-744472,AHM-SYN-928154,Identical MPN and specs
69642a7f-9fdb-44c1-8123-4f0542e70fa0,CAT-CBL,EXACT_DUPLICATE,AHM-SYN-685891,GME-SYN-690443,Identical MPN and specs
c34f5433-8f76-4ba6-b27d-eba7e4906d80,CAT-INS,EXACT_DUPLICATE,CPI-SYN-119003,CPI-SYN-929427,Identical MPN and specs
3400e6f7-68d5-4bff-bcc8-faf63e1bfeb2,CAT-INS,EXACT_DUPLICATE,AHM-SYN-943217,AHM-SYN-746336,Identical MPN and specs
e5d2fa92-9f71-46a7-983e-d77d3c7688c8,CAT-PPE,EXACT_DUPLICATE,NEC-SYN-679390,NEC-SYN-139531,Identical MPN and specs
95ae55eb-1d9f-44c1-989f-7d56ba778ea2,CAT-VLV,EXACT_DUPLICATE,AHM-SYN-712466,CPI-SYN-664736,Identical MPN and specs
3a701775-f763-4288-800b-744d8edfb3f9,CAT-ELC,EXACT_DUPLICATE,BUS-SYN-788290,NEC-SYN-292615,Identical MPN and specs
ce08f2d3-adcd-48f0-8c19-d025cce36932,CAT-FLG,EXACT_DUPLICATE,CPI-SYN-143955,BUS-SYN-496349,Identical MPN and specs
8b89a290-a8b8-4b9e-a0e6-63b6426399a1,CAT-FST,EXACT_DUPLICATE,GME-SYN-861159,BUS-SYN-268754,Identical MPN and specs
ec92eafd-86c1-4461-b719-89faff4106d1,CAT-CBL,EXACT_DUPLICATE,NEC-SYN-609203,CPI-SYN-175878,Identical MPN and specs
c0740587-3f5d-45ac-83ad-28e1b0ff6eb5,CAT-GSK,EXACT_DUPLICATE,AHM-SYN-824123,CPI-SYN-564872,Identical MPN and specs
52acf353-edaa-4fe2-9012-244866a3022d,CAT-PIP,EXACT_DUPLICATE,AHM-SYN-563720,BUS-SYN-682774,Identical MPN and specs
5fe1210a-bb03-4144-b799-ef3d0e4b87a8,CAT-BRG,EXACT_DUPLICATE,BUS-SYN-590845,GME-SYN-310218,Identical MPN and specs
a7ba241b-b158-4084-94f4-5e9ce764a9fb,CAT-FLG,EXACT_DUPLICATE,AHM-SYN-421684,NEC-SYN-907545,Identical MPN and specs
1a9f5c39-081b-408a-8f0a-0c1651011d32,CAT-INS,EXACT_DUPLICATE,BUS-SYN-534700,BUS-SYN-586240,Identical MPN and specs
ba70393e-5e4d-4498-9937-ff447ca0d7ff,CAT-PPE,EXACT_DUPLICATE,GME-SYN-321825,AHM-SYN-763309,Identical MPN and specs
63ea0666-9ac8-4ccf-abc9-4a81499b89aa,CAT-PIP,EXACT_DUPLICATE,CPI-SYN-801535,NEC-SYN-342001,Identical MPN and specs
288099b2-6599-4667-8e13-df488253638c,CAT-BRG,EXACT_DUPLICATE,BUS-SYN-983877,NEC-SYN-113223,Identical MPN and specs
ae0faae3-e7a5-428e-9544-6fb38e056400,CAT-MTR,EXACT_DUPLICATE,AHM-SYN-951998,NEC-SYN-655431,Identical MPN and specs
c626bc5d-70be-436c-a57a-8d12f6d42bcc,CAT-GSK,EXACT_DUPLICATE,GME-SYN-975814,AHM-SYN-765476,Identical MPN and specs
1f288250-03ea-41ac-9eae-9934387ddc45,CAT-FST,EXACT_DUPLICATE,GME-SYN-370575,NEC-SYN-679745,Identical MPN and specs
1ef15868-6efd-4d1e-aeba-f4adde45b235,CAT-MTR,EXACT_DUPLICATE,NEC-SYN-280637,CPI-SYN-367043,Identical MPN and specs
5c02f6e2-9137-48bb-9973-2149c3f34989,CAT-INS,EXACT_DUPLICATE,BUS-SYN-852663,CPI-SYN-361417,Identical MPN and specs
23e9c464-1481-4fab-b11c-966fddbab048,CAT-MTR,EXACT_DUPLICATE,BUS-SYN-638105,AHM-SYN-970064,Identical MPN and specs
6a6bd59e-21cf-47f5-9783-c1894b3cffe6,CAT-BRG,EXACT_DUPLICATE,NEC-SYN-513848,CPI-SYN-513802,Identical MPN and specs
4c3ae917-5680-4f95-9a54-bc0f73eb5608,CAT-VLV,EXACT_DUPLICATE,BUS-SYN-676410,BUS-SYN-178152,Identical MPN and specs
ce0a6ae4-bb5f-4070-b0e8-54dd34a927ff,CAT-ELC,EXACT_DUPLICATE,NEC-SYN-602690,GME-SYN-356708,Identical MPN and specs
4683e93b-1161-4418-95d0-2436eddcab3c,CAT-FST,EXACT_DUPLICATE,GME-SYN-319011,GME-SYN-867469,Identical MPN and specs
0758727b-e1db-4ca4-a683-69bbd74a50c1,CAT-MTR,EXACT_DUPLICATE,NEC-SYN-248375,GME-SYN-422345,Identical MPN and specs
6561e015-0a2a-42ce-96a1-de3506704b69,CAT-INS,EXACT_DUPLICATE,NEC-SYN-810886,AHM-SYN-966698,Identical MPN and specs
1c86df92-74f1-431e-950b-4447906175bc,CAT-PPE,EXACT_DUPLICATE,CPI-SYN-952176,AHM-SYN-872304,Identical MPN and specs
f6770d75-4796-49e4-8c92-d6cbff2edbe7,CAT-LUB,EXACT_DUPLICATE,AHM-SYN-460469,GME-SYN-212643,Identical MPN and specs
fad7d04f-ff3c-4299-b200-e18d20a67fdf,CAT-FLG,EXACT_DUPLICATE,BUS-SYN-408218,AHM-SYN-988961,Identical MPN and specs
e4ef0253-b94c-4912-992d-3a25d844a391,CAT-BRG,EXACT_DUPLICATE,BUS-SYN-510209,AHM-SYN-571368,Identical MPN and specs
010baaaa-910b-40d1-b65d-e33550139d18,CAT-PPE,EXACT_DUPLICATE,NEC-SYN-762612,GME-SYN-361393,Identical MPN and specs
88cd36fb-6631-4c76-91e8-21b4a5a80075,CAT-PIP,EXACT_DUPLICATE,BUS-SYN-532545,AHM-SYN-936910,Identical MPN and specs
73a20d5f-88bc-467f-ac9d-316a2d087ff9,CAT-FST,EXACT_DUPLICATE,CPI-SYN-393795,AHM-SYN-642641,Identical MPN and specs
72fed0db-2fb3-475f-8d22-343249050497,CAT-ELC,EXACT_DUPLICATE,AHM-SYN-827989,GME-SYN-293437,Identical MPN and specs
f21544b9-9e77-4af2-962f-56f22e55603c,CAT-VLV,EXACT_DUPLICATE,BUS-SYN-997297,CPI-SYN-604301,Identical MPN and specs
1af71995-1d1d-416a-8110-f93110421959,CAT-ELC,EXACT_DUPLICATE,AHM-SYN-592776,CPI-SYN-271446,Identical MPN and specs
be6a1f1c-279a-4902-bfbb-39198640e3fc,CAT-GSK,EXACT_DUPLICATE,GME-SYN-704352,CPI-SYN-612130,Identical MPN and specs
b5e67cce-0414-495c-a780-d92c847871de,CAT-FLG,EXACT_DUPLICATE,CPI-SYN-177504,NEC-SYN-674453,Identical MPN and specs
5a47b9d2-1e1a-4152-b28a-82a1c8a86aa8,CAT-CBL,EXACT_DUPLICATE,AHM-SYN-149295,NEC-SYN-611645,Identical MPN and specs
d741024a-3297-4afe-a747-3cefa70ec856,CAT-FST,EXACT_DUPLICATE,CPI-SYN-762036,AHM-SYN-339506,Identical MPN and specs
5d46ccce-ac97-4787-8d03-e0edfc90870a,CAT-ELC,EXACT_DUPLICATE,BUS-SYN-750010,GME-SYN-614772,Identical MPN and specs
0acc399d-3ed1-4f9a-8a8e-f497e7f16d96,CAT-ELC,EXACT_DUPLICATE,AHM-SYN-312398,NEC-SYN-248549,Identical MPN and specs
787dcdf8-4947-43e8-a4f8-de0877920388,CAT-PPE,EXACT_DUPLICATE,AHM-SYN-988813,GME-SYN-876163,Identical MPN and specs
46dc97b1-d435-46b4-af44-0775e1c8a0e6,CAT-ELC,EXACT_DUPLICATE,GME-SYN-974789,AHM-SYN-384769,Identical MPN and specs
ab4a91b0-4ff9-46f8-ad45-165e91c89e8b,CAT-GSK,EXACT_DUPLICATE,GME-SYN-630777,NEC-SYN-812435,Identical MPN and specs
e7190495-b596-48cb-80a3-492216024fe2,CAT-ELC,EXACT_DUPLICATE,NEC-SYN-920215,GME-SYN-390413,Identical MPN and specs
4b418b64-45f9-42fa-8e56-36ed06473552,CAT-FLG,EXACT_DUPLICATE,CPI-SYN-492313,NEC-SYN-801213,Identical MPN and specs
da0f5db5-ce49-4c29-b0eb-bda242e00bed,CAT-GSK,EXACT_DUPLICATE,NEC-SYN-551829,BUS-SYN-232964,Identical MPN and specs
bb184daa-3821-42d0-a520-31e43b2bc6a8,CAT-PPE,EXACT_DUPLICATE,CPI-SYN-591591,BUS-SYN-142354,Identical MPN and specs
895a2c0d-ed57-4a63-987f-33cb2a7f96cf,CAT-PPE,EXACT_DUPLICATE,GME-SYN-514752,AHM-SYN-433481,Identical MPN and specs
e8765e4c-e072-4482-add5-35e0510a5f60,CAT-PMP,EXACT_DUPLICATE,NEC-SYN-582223,GME-SYN-585880,Identical MPN and specs
98b49882-ce20-4989-b0e1-a85df64fc0c2,CAT-GSK,EXACT_DUPLICATE,AHM-SYN-724036,GME-SYN-162572,Identical MPN and specs
d80cfdd9-5f87-4750-82ac-d04fafa2e284,CAT-VLV,EXACT_DUPLICATE,NEC-SYN-832095,NEC-SYN-182264,Identical MPN and specs
aafe2748-321a-40a7-85b0-ab0c9e3ca9ef,CAT-FLG,EXACT_DUPLICATE,NEC-SYN-204616,BUS-SYN-870891,Identical MPN and specs
dc659e7b-0369-43e1-9072-ea71b98f43ce,CAT-ELC,EXACT_DUPLICATE,CPI-SYN-590323,BUS-SYN-137909,Identical MPN and specs
e01bdfa1-6f0c-44f0-b430-3e0729097dd3,CAT-FLG,EXACT_DUPLICATE,CPI-SYN-661420,NEC-SYN-656725,Identical MPN and specs
15a29b66-302f-41a2-ae69-44680b6e07cb,CAT-MTR,EXACT_DUPLICATE,GME-SYN-348118,GME-SYN-210770,Identical MPN and specs
660b449d-861b-4b41-8136-5fb5897d3250,CAT-MTR,EXACT_DUPLICATE,GME-SYN-259653,AHM-SYN-647844,Identical MPN and specs
d4876eec-a6d8-4f52-a585-d9821616b368,CAT-MTR,EXACT_DUPLICATE,BUS-SYN-248763,AHM-SYN-287677,Identical MPN and specs
43241e2c-9749-4a98-a918-f3ba6e60c0d9,CAT-PIP,EXACT_DUPLICATE,GME-SYN-904414,GME-SYN-970990,Identical MPN and specs
5183d7c0-d18d-4e11-9c33-57f233ee73c3,CAT-FST,EXACT_DUPLICATE,GME-SYN-745133,BUS-SYN-988353,Identical MPN and specs
db17e85d-8b8a-4a44-922c-86e89345f8ae,CAT-CBL,EXACT_DUPLICATE,AHM-SYN-366137,AHM-SYN-446595,Identical MPN and specs
d666096a-ff2d-4fca-8b8d-7dd6621c0f1f,CAT-FST,EXACT_DUPLICATE,BUS-SYN-338390,GME-SYN-968952,Identical MPN and specs
a85e97c8-d8fd-4b62-8a4e-9b05496e06cb,CAT-PPE,EXACT_DUPLICATE,NEC-SYN-378730,CPI-SYN-985936,Identical MPN and specs
b9ee7b46-8fac-4801-b15d-63de5ed39da7,CAT-PMP,EXACT_DUPLICATE,BUS-SYN-426911,NEC-SYN-393420,Identical MPN and specs
fda5768a-18ed-4a09-8760-5bd34c066702,CAT-LUB,EXACT_DUPLICATE,CPI-SYN-267756,GME-SYN-620963,Identical MPN and specs
a9e3faf7-d77c-4874-ad63-49fc4644dfbb,CAT-FST,EXACT_DUPLICATE,BUS-SYN-224710,CPI-SYN-842605,Identical MPN and specs
c0a397b0-3361-487e-9026-2e5a5904a59c,CAT-PIP,EXACT_DUPLICATE,AHM-SYN-202147,AHM-SYN-836755,Identical MPN and specs
b3f54d8d-6550-4e56-b8a6-5d63ef64d337,CAT-FLG,EXACT_DUPLICATE,GME-SYN-302732,AHM-SYN-553221,Identical MPN and specs
a9e98d9f-1a04-451c-a4b3-e5344dadf4ca,CAT-FST,EXACT_DUPLICATE,AHM-SYN-717525,NEC-SYN-252197,Identical MPN and specs
5d9601ff-6d56-4026-8625-cde800bf957e,CAT-CBL,EXACT_DUPLICATE,AHM-SYN-321098,AHM-SYN-778017,Identical MPN and specs
379a2be7-40ee-4cdb-a33a-5183e4d20d5a,CAT-ELC,EXACT_DUPLICATE,GME-SYN-597518,AHM-SYN-892916,Identical MPN and specs
6856eb12-c514-40e5-983b-200ea8c41b47,CAT-LUB,EXACT_DUPLICATE,AHM-SYN-926251,AHM-SYN-788559,Identical MPN and specs
1fd4ed0e-2ad7-4476-ab44-63c9eb3bd62e,CAT-PIP,EXACT_DUPLICATE,BUS-SYN-840648,GME-SYN-215235,Identical MPN and specs
30b70be9-ad16-429d-8c09-23253c9cbecd,CAT-FST,EXACT_DUPLICATE,GME-SYN-503752,BUS-SYN-593926,Identical MPN and specs
416710cf-7c24-49ad-a1d4-545bda18abb2,CAT-PIP,EXACT_DUPLICATE,AHM-SYN-215825,BUS-SYN-555994,Identical MPN and specs
8d43910b-865a-40a5-90a9-415c2b4cc6a1,CAT-CBL,EXACT_DUPLICATE,GME-SYN-261595,AHM-SYN-981574,Identical MPN and specs
d1a41a25-c2ef-4e1d-8d56-fc54c038cd6d,CAT-LUB,EXACT_DUPLICATE,CPI-SYN-873432,NEC-SYN-883549,Identical MPN and specs
443f427b-40c1-43c4-941b-68714f1dffa6,CAT-MTR,EXACT_DUPLICATE,AHM-SYN-909842,CPI-SYN-155046,Identical MPN and specs
c2f535e1-bdf0-44b0-a7d4-644c8c70a46e,CAT-FST,EXACT_DUPLICATE,AHM-SYN-676978,NEC-SYN-481802,Identical MPN and specs
b1074dbe-dbca-4473-bb33-483e0bcb1cc7,CAT-ELC,EXACT_DUPLICATE,GME-SYN-668929,GME-SYN-343305,Identical MPN and specs
9b46542f-830e-4f7c-a426-cd209387d1ec,CAT-ELC,EXACT_DUPLICATE,GME-SYN-546803,AHM-SYN-511802,Identical MPN and specs
9f3e65bb-4841-4029-a4ee-902b7c99436f,CAT-ELC,EXACT_DUPLICATE,NEC-SYN-925911,BUS-SYN-144161,Identical MPN and specs
48840626-db30-437f-923e-e9b540733135,CAT-PMP,EXACT_DUPLICATE,NEC-SYN-861540,GME-SYN-494602,Identical MPN and specs
1b2f4db4-5e79-437f-a44e-c7bd69b56435,CAT-FLG,EXACT_DUPLICATE,CPI-SYN-223385,NEC-SYN-144088,Identical MPN and specs
37cc88cd-7ba0-49e1-8664-0a8f2d971c01,CAT-INS,EXACT_DUPLICATE,NEC-SYN-813433,BUS-SYN-617354,Identical MPN and specs
8146e7be-8974-4c77-a6c9-bb8d9d112f70,CAT-INS,EXACT_DUPLICATE,GME-SYN-414364,BUS-SYN-788760,Identical MPN and specs
6c806019-38df-4518-87f2-07f41a03157f,CAT-ELC,EXACT_DUPLICATE,CPI-SYN-311769,AHM-SYN-135369,Identical MPN and specs
f558f9f5-545d-4e85-9da7-121424012ac0,CAT-PPE,EXACT_DUPLICATE,GME-SYN-840357,AHM-SYN-850442,Identical MPN and specs
706a050c-2f02-4044-89bc-6da05d7913a5,CAT-INS,EXACT_DUPLICATE,BUS-SYN-269441,GME-SYN-507424,Identical MPN and specs
2b524849-5898-4889-9d9f-f4ed4b8350e3,CAT-PIP,EXACT_DUPLICATE,GME-SYN-577179,GME-SYN-597716,Identical MPN and specs
5e0e0349-2d94-4730-af23-2d723fa18ad0,CAT-PIP,EXACT_DUPLICATE,GME-SYN-544719,GME-SYN-623334,Identical MPN and specs
adc35c3d-6623-4b7f-b6c1-90c80117ffe2,CAT-LUB,EXACT_DUPLICATE,AHM-SYN-531554,BUS-SYN-887245,Identical MPN and specs
106dc2c2-dd7f-4567-b75c-b09d75621155,CAT-LUB,EXACT_DUPLICATE,AHM-SYN-853132,BUS-SYN-714582,Identical MPN and specs
ef828b3d-dc2c-4156-abfe-3e9fa515ad8e,CAT-CBL,EXACT_DUPLICATE,AHM-SYN-873692,BUS-SYN-834846,Identical MPN and specs
57bea7d9-4200-4232-a42a-8fdf88bc32c3,CAT-FST,EXACT_DUPLICATE,BUS-SYN-606455,GME-SYN-354237,Identical MPN and specs
e60cc33b-5905-4e14-8ffb-5469b2300f47,CAT-MTR,EXACT_DUPLICATE,AHM-SYN-832127,NEC-SYN-768545,Identical MPN and specs
e3e37a8a-c9f9-4cc4-8861-2673b429cd74,CAT-BRG,EXACT_DUPLICATE,GME-SYN-502121,NEC-SYN-950936,Identical MPN and specs
9d5dfa82-1f53-4f87-ab78-cfb329e281bf,CAT-ELC,EXACT_DUPLICATE,GME-SYN-274416,AHM-SYN-981098,Identical MPN and specs
a80b23d5-58e8-428a-a7c7-cf86e21c0313,CAT-FST,EXACT_DUPLICATE,NEC-SYN-569813,AHM-SYN-746714,Identical MPN and specs
2b646ca0-2e53-4bb2-9f7c-a8b6f73b5e5f,CAT-VLV,EXACT_DUPLICATE,GME-SYN-670019,AHM-SYN-593496,Identical MPN and specs
1e067e5e-f7a3-4d28-bff7-1f5f544d932b,CAT-PMP,EXACT_DUPLICATE,BUS-SYN-624476,GME-SYN-556067,Identical MPN and specs
66c62da5-0746-4263-85ef-9fabc38478a0,CAT-FST,EXACT_DUPLICATE,AHM-SYN-387511,AHM-SYN-672632,Identical MPN and specs
a49931c6-e009-4f5e-a745-5023f2a1d4c5,CAT-LUB,EXACT_DUPLICATE,AHM-SYN-221866,GME-SYN-540708,Identical MPN and specs
dbfffdba-b0ef-4c2e-b706-406948e776a5,CAT-MTR,EXACT_DUPLICATE,AHM-SYN-397818,GME-SYN-910788,Identical MPN and specs
24bd7a3f-a0be-4073-898e-87167fa8b189,CAT-CBL,EXACT_DUPLICATE,CPI-SYN-327502,BUS-SYN-417591,Identical MPN and specs
f903db8e-5301-478d-ad2a-a2f6287b8906,CAT-MTR,EXACT_DUPLICATE,NEC-SYN-152591,GME-SYN-188201,Identical MPN and specs
886df2ca-0973-41ec-b2e1-57be5c9560c0,CAT-PPE,EXACT_DUPLICATE,BUS-SYN-622323,NEC-SYN-328460,Identical MPN and specs
72b8e2e6-cea8-4a16-84f2-ed5f1bf2f90d,CAT-INS,EXACT_DUPLICATE,AHM-SYN-658285,AHM-SYN-123705,Identical MPN and specs
87584fc0-108f-4e91-ad84-5f462c9ebef2,CAT-FLG,EXACT_DUPLICATE,NEC-SYN-374649,CPI-SYN-922353,Identical MPN and specs
b214514c-46e5-4739-adb1-e2d06b25723e,CAT-PIP,EXACT_DUPLICATE,NEC-SYN-717905,NEC-SYN-414627,Identical MPN and specs
f0ab35c4-c6e5-4ec4-a2af-7652547002ee,CAT-VLV,EXACT_DUPLICATE,AHM-SYN-734816,GME-SYN-393092,Identical MPN and specs
caf8ae23-a5a9-45e3-94bf-714e96fbe978,CAT-GSK,EXACT_DUPLICATE,CPI-SYN-867292,BUS-SYN-322385,Identical MPN and specs
8244a409-8fab-43dc-adcd-ba0b47dbfab6,CAT-INS,EXACT_DUPLICATE,GME-SYN-231863,AHM-SYN-944372,Identical MPN and specs
1cfc11b9-325f-48a4-bace-39b21b43a914,CAT-VLV,EXACT_DUPLICATE,BUS-SYN-455818,GME-SYN-370828,Identical MPN and specs
0f9aafda-d814-4a22-bbff-b68de5b30557,CAT-PIP,EXACT_DUPLICATE,AHM-SYN-128793,BUS-SYN-713840,Identical MPN and specs
86250d68-9aab-41f1-9b3f-eabb9de13ff2,CAT-PPE,EXACT_DUPLICATE,CPI-SYN-278961,GME-SYN-391725,Identical MPN and specs
2d58149e-125c-4941-8222-241c723fd44f,CAT-INS,EXACT_DUPLICATE,NEC-SYN-351908,BUS-SYN-315366,Identical MPN and specs
1c3d89ad-1cf9-4621-8fd1-9940649c5e67,CAT-MTR,EXACT_DUPLICATE,BUS-SYN-659038,AHM-SYN-517464,Identical MPN and specs
ff1f4d2f-9521-47cf-9ea5-dedd561da648,CAT-PMP,EXACT_DUPLICATE,GME-SYN-454579,BUS-SYN-966170,Identical MPN and specs
c990e062-9b8a-428d-9851-c03e3c4ddca2,CAT-VLV,EXACT_DUPLICATE,NEC-SYN-625180,AHM-SYN-161552,Identical MPN and specs
d8e11095-57f4-4f8b-8426-1abd1dcf63fc,CAT-BRG,EXACT_DUPLICATE,GME-SYN-329919,AHM-SYN-481860,Identical MPN and specs
096b8e5d-c82c-400c-89f8-5400221503e5,CAT-FST,EXACT_DUPLICATE,CPI-SYN-393397,GME-SYN-668088,Identical MPN and specs
14c66e52-e6bd-460a-8ff1-3b7af84b8c20,CAT-VLV,EXACT_DUPLICATE,GME-SYN-509208,CPI-SYN-142593,Identical MPN and specs
938ebbaf-28bf-4c0e-910e-9111ed2762e0,CAT-PPE,EXACT_DUPLICATE,AHM-SYN-533048,AHM-SYN-373236,Identical MPN and specs
570f511f-1cfe-44d8-a239-b589a5226361,CAT-ELC,EXACT_DUPLICATE,BUS-SYN-948305,BUS-SYN-529826,Identical MPN and specs
d66e9c8e-7b2a-40e1-8538-d77f76eced69,CAT-MTR,EXACT_DUPLICATE,BUS-SYN-852983,GME-SYN-802748,Identical MPN and specs
c9f3496a-63af-43d9-92bc-eaf728252969,CAT-MTR,EXACT_DUPLICATE,NEC-SYN-804865,AHM-SYN-964384,Identical MPN and specs
82fa6f4b-e937-480b-b61a-9223117f2486,CAT-MTR,EXACT_DUPLICATE,AHM-SYN-846973,BUS-SYN-288096,Identical MPN and specs
9910207f-71e4-4d00-b5ad-597152ea8230,CAT-ELC,EXACT_DUPLICATE,CPI-SYN-630873,NEC-SYN-303425,Identical MPN and specs
4cfcfe91-709d-4a50-af29-ff0ac2853e14,CAT-PPE,EXACT_DUPLICATE,BUS-SYN-130137,NEC-SYN-219574,Identical MPN and specs
52a23334-c31d-4bb6-9f26-8d2611c388af,CAT-INS,EXACT_DUPLICATE,AHM-SYN-188649,CPI-SYN-859424,Identical MPN and specs
c8ace566-dabc-4e3a-be3f-42f57d611741,CAT-INS,EXACT_DUPLICATE,NEC-SYN-993431,CPI-SYN-645285,Identical MPN and specs
97e1ab06-0034-46e0-ac2c-03b2f1503376,CAT-GSK,EXACT_DUPLICATE,AHM-SYN-945785,BUS-SYN-375060,Identical MPN and specs
e0612f05-ac16-4839-a526-e843cd885307,CAT-FLG,EXACT_DUPLICATE,CPI-SYN-562812,AHM-SYN-533141,Identical MPN and specs
f2078335-f069-449a-b84c-c17a720c35eb,CAT-GSK,EXACT_DUPLICATE,NEC-SYN-888838,BUS-SYN-699955,Identical MPN and specs
a95e0b74-85bc-45f6-99b7-750c737ebe69,CAT-INS,EXACT_DUPLICATE,NEC-SYN-282438,NEC-SYN-395833,Identical MPN and specs
b760bbaa-d910-4c9b-8d4b-9a1266c283bc,CAT-ELC,EXACT_DUPLICATE,CPI-SYN-176588,AHM-SYN-641924,Identical MPN and specs
116bc997-fa3e-49aa-ab8e-56068f0cd20a,CAT-BRG,EXACT_DUPLICATE,GME-SYN-630135,GME-SYN-485216,Identical MPN and specs
57ca5926-c1e0-4f49-83e4-2116a40bc248,CAT-PMP,EXACT_DUPLICATE,GME-SYN-540497,CPI-SYN-451375,Identical MPN and specs
dca92ba8-4131-4554-ae28-a1433078b2e6,CAT-FLG,EXACT_DUPLICATE,CPI-SYN-663941,BUS-SYN-860636,Identical MPN and specs
26ff34e3-b1f7-4094-93e2-0c87f390b05d,CAT-FST,EXACT_DUPLICATE,GME-SYN-736041,AHM-SYN-207909,Identical MPN and specs
c83f6f8e-bd6b-41df-92ee-a8f471be2456,CAT-BRG,EXACT_DUPLICATE,CPI-SYN-773452,NEC-SYN-514289,Identical MPN and specs
2ac48abe-79ad-4451-8bdb-37190a2baa11,CAT-LUB,EXACT_DUPLICATE,AHM-SYN-213790,CPI-SYN-562191,Identical MPN and specs
a7571767-df10-42b5-99b4-d671a9198ded,CAT-CBL,EXACT_DUPLICATE,CPI-SYN-269322,NEC-SYN-263626,Identical MPN and specs
1f24185d-fc71-4fd0-a385-3fbd46590783,CAT-VLV,EXACT_DUPLICATE,BUS-SYN-609694,NEC-SYN-738162,Identical MPN and specs
d9b8a534-0b9f-44c6-9299-fcb0d76aded5,CAT-LUB,EXACT_DUPLICATE,BUS-SYN-884598,GME-SYN-179778,Identical MPN and specs
f5f4986d-28b2-4f41-b0d9-f00c7bdd1fb9,CAT-ELC,EXACT_DUPLICATE,CPI-SYN-698574,AHM-SYN-305891,Identical MPN and specs
71ba6046-c61d-40a2-9a84-60badb46b613,CAT-PPE,EXACT_DUPLICATE,AHM-SYN-100830,CPI-SYN-102240,Identical MPN and specs
da488da0-f5fd-46c2-b88a-8a680ba4e0a0,CAT-MTR,EXACT_DUPLICATE,CPI-SYN-151304,CPI-SYN-970495,Identical MPN and specs
afe88f82-1761-47b2-8c42-87379c851687,CAT-ELC,EXACT_DUPLICATE,AHM-SYN-364351,BUS-SYN-662783,Identical MPN and specs
7a077839-f3fd-476d-9e35-538e3f701432,CAT-PMP,EXACT_DUPLICATE,BUS-SYN-309674,CPI-SYN-923310,Identical MPN and specs
0ee32f2e-5fa3-4d1c-9294-83d4683c7812,CAT-INS,EXACT_DUPLICATE,CPI-SYN-443143,NEC-SYN-810319,Identical MPN and specs
b3070841-9e2f-4810-8f41-3c9bacba4366,CAT-PPE,EXACT_DUPLICATE,NEC-SYN-332016,CPI-SYN-447880,Identical MPN and specs
41a6aea4-0323-44ce-af7a-9f710562cc9d,CAT-MTR,EXACT_DUPLICATE,AHM-SYN-922253,AHM-SYN-661405,Identical MPN and specs
0b47cc3e-1f50-47cf-9498-d8c277529ecf,CAT-PPE,EXACT_DUPLICATE,NEC-SYN-479605,CPI-SYN-677687,Identical MPN and specs
1af893b3-4df5-45eb-8f23-ce87dc338519,CAT-LUB,EXACT_DUPLICATE,GME-SYN-248304,NEC-SYN-240107,Identical MPN and specs
e3a3e63b-ed8e-4007-b750-3c07c6143ed4,CAT-ELC,EXACT_DUPLICATE,NEC-SYN-440506,BUS-SYN-750140,Identical MPN and specs
b722ace6-d51a-4bda-a1c7-b18c34240806,CAT-BRG,EXACT_DUPLICATE,CPI-SYN-106717,NEC-SYN-327393,Identical MPN and specs
7aa41c01-99a2-48af-8282-ba9c702a62ae,CAT-LUB,EXACT_DUPLICATE,NEC-SYN-956288,NEC-SYN-378114,Identical MPN and specs
fa39bd04-e9e6-4c2b-9366-e434ac0c41b9,CAT-FST,EXACT_DUPLICATE,AHM-SYN-877114,GME-SYN-431408,Identical MPN and specs
36e8a77b-cd48-4288-960b-f7936c4f5568,CAT-LUB,EXACT_DUPLICATE,GME-SYN-200277,GME-SYN-865338,Identical MPN and specs
e6bdd984-2cf4-4178-aaee-a832256cf1e2,CAT-INS,EXACT_DUPLICATE,AHM-SYN-390906,CPI-SYN-731085,Identical MPN and specs
7bfc4913-3234-4363-b7b1-b235bfd8a431,CAT-VLV,EXACT_DUPLICATE,AHM-SYN-281625,AHM-SYN-433113,Identical MPN and specs
f04d610e-1f88-497f-a2eb-1485ab37e60f,CAT-PMP,EXACT_DUPLICATE,GME-SYN-379294,GME-SYN-495072,Identical MPN and specs
4d85dbc8-dc4f-4803-8aab-a2d1f6d5a9c3,CAT-ELC,EXACT_DUPLICATE,GME-SYN-600268,AHM-SYN-142353,Identical MPN and specs
511e473b-9d44-4728-9668-bf7982be6c86,CAT-FST,EXACT_DUPLICATE,NEC-SYN-927802,GME-SYN-144249,Identical MPN and specs
505fb171-450e-4d1f-ab8e-e8f1cb7e3cab,CAT-BRG,EXACT_DUPLICATE,GME-SYN-631564,AHM-SYN-908294,Identical MPN and specs
df7bef33-f6d3-4fe6-b5df-68325b9ceada,CAT-BRG,EXACT_DUPLICATE,GME-SYN-554558,NEC-SYN-797839,Identical MPN and specs
83b7d8ee-b8ff-4abb-ad7d-c6f1ab72b5ec,CAT-FST,EXACT_DUPLICATE,CPI-SYN-322834,GME-SYN-819597,Identical MPN and specs
af7b4b8b-4905-4de2-a531-f95d3b34c8e9,CAT-PIP,EXACT_DUPLICATE,GME-SYN-162340,CPI-SYN-221891,Identical MPN and specs
693e2efd-189f-46f6-9ae3-dbde9eed7931,CAT-INS,EXACT_DUPLICATE,GME-SYN-611525,CPI-SYN-458507,Identical MPN and specs
f3667760-71ec-4ae6-be8b-a0b230342d50,CAT-CBL,EXACT_DUPLICATE,BUS-SYN-143801,BUS-SYN-594938,Identical MPN and specs
afc85c80-5608-4f25-93fe-cb72e0b246af,CAT-GSK,EXACT_DUPLICATE,NEC-SYN-441683,NEC-SYN-830052,Identical MPN and specs
486f3356-049b-4412-ac66-b2be50d48bea,CAT-FST,EXACT_DUPLICATE,AHM-SYN-674726,AHM-SYN-299374,Identical MPN and specs
1af6ab30-5b57-4df6-9a7f-e561801f8107,CAT-ELC,EXACT_DUPLICATE,AHM-SYN-284251,CPI-SYN-832772,Identical MPN and specs
7d29e7f0-0e63-4a41-81c5-57aa2092c1f3,CAT-LUB,EXACT_DUPLICATE,AHM-SYN-756711,CPI-SYN-738172,Identical MPN and specs
a2ce563f-b96e-48d7-919a-d8fea0523bf4,CAT-INS,EXACT_DUPLICATE,CPI-SYN-851559,AHM-SYN-259620,Identical MPN and specs
52df0111-552f-4bad-8319-223a00400a18,CAT-GSK,EXACT_DUPLICATE,AHM-SYN-963477,NEC-SYN-798827,Identical MPN and specs
738702d2-67f2-4d5e-8e75-4103f22949d8,CAT-BRG,EXACT_DUPLICATE,NEC-SYN-966420,AHM-SYN-778635,Identical MPN and specs
e0c595ab-c7e3-4e98-9eac-4aede092063a,CAT-PIP,EXACT_DUPLICATE,NEC-SYN-131800,AHM-SYN-370276,Identical MPN and specs
00f8fa0b-dc21-4bab-8834-895d95a802b4,CAT-LUB,EXACT_DUPLICATE,BUS-SYN-868163,AHM-SYN-601456,Identical MPN and specs
6cb725eb-61f0-432c-a622-7f5d69b4c6f6,CAT-BRG,EXACT_DUPLICATE,BUS-SYN-674759,CPI-SYN-566673,Identical MPN and specs
6871f14c-a120-4a65-bcf0-a0d18d13f3c2,CAT-VLV,EXACT_DUPLICATE,CPI-SYN-411747,CPI-SYN-162374,Identical MPN and specs
9ebd6f36-a66d-4f11-ad35-5af8095fffe9,CAT-INS,EXACT_DUPLICATE,NEC-SYN-845946,AHM-SYN-605465,Identical MPN and specs
e500594c-3e9d-48a7-8903-085ae7928f26,CAT-PMP,EXACT_DUPLICATE,CPI-SYN-676682,CPI-SYN-617440,Identical MPN and specs
719f5d40-3d6b-40be-b6f6-22cf622ecfcd,CAT-INS,EXACT_DUPLICATE,AHM-SYN-699327,NEC-SYN-771975,Identical MPN and specs
39c308eb-ab95-47df-9601-d406fdf7c10f,CAT-PIP,EXACT_DUPLICATE,BUS-SYN-812667,AHM-SYN-241167,Identical MPN and specs
97dec534-15d0-4179-8c69-b70cc091e54f,CAT-MTR,EXACT_DUPLICATE,GME-SYN-113049,GME-SYN-575400,Identical MPN and specs
79d03bd4-fa74-4582-8dd6-e932cc8c7bc8,CAT-PMP,EXACT_DUPLICATE,NEC-SYN-732739,GME-SYN-800856,Identical MPN and specs
80909c0c-bdb9-46d2-b834-9794ef92925e,CAT-ELC,EXACT_DUPLICATE,AHM-SYN-763756,BUS-SYN-122597,Identical MPN and specs
ad28edd5-a215-4dc6-90ba-61fb8b07e940,CAT-FST,EXACT_DUPLICATE,BUS-SYN-171863,AHM-SYN-498842,Identical MPN and specs
f6981c17-b257-4b71-9298-b1a508f7760b,CAT-VLV,EXACT_DUPLICATE,GME-SYN-946426,GME-SYN-436966,Identical MPN and specs
67a9a68c-f8f4-445b-9e6c-55d371c235d9,CAT-LUB,EXACT_DUPLICATE,BUS-SYN-196678,GME-SYN-559647,Identical MPN and specs
90ddf6a5-c056-4579-8795-f45f8f0a68e0,CAT-MTR,EXACT_DUPLICATE,GME-SYN-172203,AHM-SYN-770461,Identical MPN and specs
e8692cd2-5df4-4204-b817-2b09cb8111cb,CAT-INS,EXACT_DUPLICATE,GME-SYN-354807,NEC-SYN-140281,Identical MPN and specs
8f09f8ae-9eab-4576-9def-9de88a9fc29f,CAT-PIP,EXACT_DUPLICATE,BUS-SYN-820175,CPI-SYN-455684,Identical MPN and specs
b843871e-651a-4362-bbd3-13303191240a,CAT-ELC,EXACT_DUPLICATE,AHM-SYN-208465,GME-SYN-761809,Identical MPN and specs
a6f1c287-9813-4eaf-8844-f74436ff7e88,CAT-FLG,EXACT_DUPLICATE,CPI-SYN-932782,BUS-SYN-860006,Identical MPN and specs
d18172cd-d095-46c4-adba-21e86ad0b278,CAT-PMP,EXACT_DUPLICATE,AHM-SYN-389813,AHM-SYN-499222,Identical MPN and specs
ad622737-a4f4-4099-a837-9cff1030d7c3,CAT-PPE,EXACT_DUPLICATE,NEC-SYN-341189,CPI-SYN-135201,Identical MPN and specs
d5befc26-b93d-48ff-9d9c-567efb0e860a,CAT-LUB,EXACT_DUPLICATE,GME-SYN-338707,BUS-SYN-901730,Identical MPN and specs
a7864d64-bd7a-40a3-92b1-d438a77a9a00,CAT-LUB,EXACT_DUPLICATE,NEC-SYN-412333,GME-SYN-985243,Identical MPN and specs
5f702550-4ed9-4078-8efe-7a9e3ee19513,CAT-MTR,EXACT_DUPLICATE,NEC-SYN-750971,CPI-SYN-798975,Identical MPN and specs
f4ae1e11-c47f-4d5a-9080-73b864885050,CAT-MTR,EXACT_DUPLICATE,BUS-SYN-869591,CPI-SYN-717519,Identical MPN and specs
01b73a8d-72a4-41e7-8710-16f079a4f4a5,CAT-CBL,EXACT_DUPLICATE,NEC-SYN-904001,NEC-SYN-393444,Identical MPN and specs
cc63c16d-6ee6-453d-b867-acc32644a913,CAT-FLG,EXACT_DUPLICATE,GME-SYN-157627,NEC-SYN-500278,Identical MPN and specs
3db33d4b-2873-49a1-99e5-a29ed0ddbc6f,CAT-GSK,EXACT_DUPLICATE,BUS-SYN-840125,AHM-SYN-952980,Identical MPN and specs
385ff812-0924-4834-a205-01d402ab8c23,CAT-PMP,EXACT_DUPLICATE,CPI-SYN-213127,CPI-SYN-787595,Identical MPN and specs
9ff83907-9a14-4271-9f0b-b02351228869,CAT-LUB,EXACT_DUPLICATE,NEC-SYN-727947,GME-SYN-795916,Identical MPN and specs
8326c4e5-8c4c-4d17-8d2d-e0e3cb72c3c7,CAT-ELC,EXACT_DUPLICATE,GME-SYN-581155,CPI-SYN-754422,Identical MPN and specs
aabf7440-710f-4ab8-93f6-633e4de3e38c,CAT-MTR,EXACT_DUPLICATE,CPI-SYN-900788,NEC-SYN-412612,Identical MPN and specs
00bea036-61f5-4d7f-b778-98aa20b1da5b,CAT-BRG,EXACT_DUPLICATE,NEC-SYN-632613,AHM-SYN-601130,Identical MPN and specs
99e0078c-413b-4c28-953a-ae10a13e85a6,CAT-ELC,EXACT_DUPLICATE,GME-SYN-145563,AHM-SYN-496537,Identical MPN and specs
2d6fd313-31df-4230-9b5a-6c613b73fe2e,CAT-ELC,EXACT_DUPLICATE,GME-SYN-747552,AHM-SYN-164139,Identical MPN and specs
bfe53c07-0c2f-4b2b-b73b-26c19419b1c0,CAT-PIP,EXACT_DUPLICATE,NEC-SYN-494198,CPI-SYN-997530,Identical MPN and specs
1f49b7f6-2187-4464-b666-5990c17a571f,CAT-VLV,EXACT_DUPLICATE,NEC-SYN-421814,CPI-SYN-168502,Identical MPN and specs
bab73766-0835-4246-a2d7-58eafb728674,CAT-GSK,EXACT_DUPLICATE,AHM-SYN-711005,GME-SYN-600718,Identical MPN and specs
a6ca7249-6e2a-4cd6-8391-80cc2a9dd8e8,CAT-MTR,EXACT_DUPLICATE,CPI-SYN-354168,AHM-SYN-358280,Identical MPN and specs
e1fb693e-b8ae-4ac7-9566-3f0d58f7b102,CAT-PPE,EXACT_DUPLICATE,GME-SYN-916974,BUS-SYN-269451,Identical MPN and specs
3db5d551-4571-45be-b004-0d6bfbfa32f3,CAT-FST,EXACT_DUPLICATE,BUS-SYN-732898,CPI-SYN-160104,Identical MPN and specs
b2817d08-4c17-4319-a4af-f46e4ec97915,CAT-ELC,EXACT_DUPLICATE,BUS-SYN-592232,CPI-SYN-307608,Identical MPN and specs
bcfea847-a61c-4196-886d-7be370e53705,CAT-MTR,EXACT_DUPLICATE,GME-SYN-316281,BUS-SYN-686940,Identical MPN and specs
e7d1894b-edd9-4a66-b4e5-094b39a022d2,CAT-GSK,EXACT_DUPLICATE,GME-SYN-667561,CPI-SYN-468701,Identical MPN and specs
c175560c-ba9c-4ed2-b03a-4af0d6e1060e,CAT-ELC,EXACT_DUPLICATE,CPI-SYN-299914,CPI-SYN-671235,Identical MPN and specs
872f215b-e19e-498d-a7ad-43dcf09a16db,CAT-PIP,EXACT_DUPLICATE,BUS-SYN-649702,AHM-SYN-116057,Identical MPN and specs
1129511b-a61f-4a54-9438-d6e70d29d9e6,CAT-FLG,EXACT_DUPLICATE,GME-SYN-450797,BUS-SYN-626261,Identical MPN and specs
67956556-2c05-49f2-9797-04baad97f077,CAT-BRG,EXACT_DUPLICATE,AHM-SYN-940337,AHM-SYN-993537,Identical MPN and specs
f04716b3-4ee3-45c1-9825-76f4a5b59817,CAT-FLG,EXACT_DUPLICATE,AHM-SYN-970822,CPI-SYN-152716,Identical MPN and specs
f7e2f01e-a59c-4a17-8b74-64e2e072e24a,CAT-GSK,EXACT_DUPLICATE,BUS-SYN-335904,AHM-SYN-534318,Identical MPN and specs
4be54f79-507b-4ac3-9915-1ba553e428dc,CAT-FST,EXACT_DUPLICATE,GME-SYN-407460,NEC-SYN-398023,Identical MPN and specs
64fe2578-46fb-4639-9969-5fc11a9d452d,CAT-FST,EXACT_DUPLICATE,GME-SYN-771436,GME-SYN-183369,Identical MPN and specs
5cc0ff18-1b91-4049-98d0-b0b412e02507,CAT-INS,EXACT_DUPLICATE,CPI-SYN-196035,NEC-SYN-770740,Identical MPN and specs
e73d104e-a2fe-4ca7-9850-7387bcc42dbe,CAT-CBL,EXACT_DUPLICATE,BUS-SYN-319547,GME-SYN-456225,Identical MPN and specs
72acd916-7047-4135-860a-f38ddf190111,CAT-PPE,EXACT_DUPLICATE,AHM-SYN-814764,CPI-SYN-602813,Identical MPN and specs
8a55325a-1d06-4b73-a5fc-268a7489add6,CAT-BRG,EXACT_DUPLICATE,CPI-SYN-239652,BUS-SYN-956656,Identical MPN and specs
895fd335-f5e1-4a62-9ec7-5c9376079c86,CAT-FLG,EXACT_DUPLICATE,NEC-SYN-327749,AHM-SYN-633783,Identical MPN and specs
ad184352-ee66-4b68-bc4d-f9da264533a9,CAT-PMP,EXACT_DUPLICATE,NEC-SYN-707462,AHM-SYN-302855,Identical MPN and specs
d2bf2fb3-3dc8-4f20-a21b-441f51bb0b52,CAT-LUB,EXACT_DUPLICATE,CPI-SYN-701757,NEC-SYN-519903,Identical MPN and specs
62a2572f-0f2f-4915-89f8-fda05c8be077,CAT-LUB,EXACT_DUPLICATE,AHM-SYN-445404,AHM-SYN-211195,Identical MPN and specs
4bf7020e-5067-4fc2-b720-91da3186533c,CAT-PMP,EXACT_DUPLICATE,AHM-SYN-534285,AHM-SYN-256608,Identical MPN and specs
672bf06f-a308-45db-a140-c133208772a4,CAT-CBL,EXACT_DUPLICATE,BUS-SYN-320879,GME-SYN-257447,Identical MPN and specs
eb875c06-6bfa-4bad-876f-026f3ddc7cde,CAT-INS,EXACT_DUPLICATE,GME-SYN-834178,CPI-SYN-193598,Identical MPN and specs
5bc1584e-374a-4007-9929-29a0a764a616,CAT-VLV,EXACT_DUPLICATE,GME-SYN-734188,NEC-SYN-667242,Identical MPN and specs
6d728fbf-6984-4ce2-bf49-4e836eaed29c,CAT-FLG,EXACT_DUPLICATE,NEC-SYN-496807,NEC-SYN-419477,Identical MPN and specs
bd674b50-dba5-429e-9ce8-37749e2fc94e,CAT-PIP,EXACT_DUPLICATE,CPI-SYN-788128,AHM-SYN-422023,Identical MPN and specs
34ecbfd9-610a-4078-8182-214a98a87024,CAT-GSK,EXACT_DUPLICATE,CPI-SYN-274203,GME-SYN-677844,Identical MPN and specs
1c86bc07-5511-4833-8f17-c5574c2e575a,CAT-GSK,EXACT_DUPLICATE,AHM-SYN-305237,CPI-SYN-152388,Identical MPN and specs
77bb6fda-0726-43e7-9441-8347e276e75e,CAT-PPE,EXACT_DUPLICATE,NEC-SYN-647041,AHM-SYN-963833,Identical MPN and specs
09b58d7d-589b-4e2f-a4ec-1af4dd94f55c,CAT-LUB,EXACT_DUPLICATE,NEC-SYN-836069,GME-SYN-932514,Identical MPN and specs
6ec89426-bf97-4be5-9711-f416ed457374,CAT-GSK,EXACT_DUPLICATE,NEC-SYN-486701,AHM-SYN-487506,Identical MPN and specs
cd523f86-5bd4-44ed-9976-4a5bc84c1490,CAT-ELC,EXACT_DUPLICATE,BUS-SYN-972473,GME-SYN-318391,Identical MPN and specs
5d9f47df-e0ad-4e25-88c1-7cabf167fa3a,CAT-ELC,EXACT_DUPLICATE,NEC-SYN-548481,NEC-SYN-645526,Identical MPN and specs
ff1ac9ad-ed3c-4c2c-b240-070a819d55b1,CAT-PPE,EXACT_DUPLICATE,CPI-SYN-847643,CPI-SYN-609271,Identical MPN and specs
c9107c08-599f-463f-aa5b-a4d52a76a1c8,CAT-INS,EXACT_DUPLICATE,AHM-SYN-210042,BUS-SYN-847810,Identical MPN and specs
235f4d31-f920-433c-8499-fdded7ee78b9,CAT-FST,EXACT_DUPLICATE,GME-SYN-722975,AHM-SYN-141001,Identical MPN and specs
4123220e-e9ea-4595-9e37-a14ac37f016e,CAT-FLG,EXACT_DUPLICATE,GME-SYN-147004,CPI-SYN-403629,Identical MPN and specs
2ad6bc06-7813-488b-a1d2-69ed3237da4a,CAT-PPE,EXACT_DUPLICATE,CPI-SYN-719585,BUS-SYN-173331,Identical MPN and specs
d8a23a38-9ae4-4271-bfd1-583ce794eed0,CAT-ELC,EXACT_DUPLICATE,CPI-SYN-576327,GME-SYN-813561,Identical MPN and specs
15d61ec3-ae07-4ace-b116-ed48d1d570b1,CAT-PPE,EXACT_DUPLICATE,AHM-SYN-138294,NEC-SYN-518672,Identical MPN and specs
8e136c0c-8624-4b60-af06-d76d105044b3,CAT-BRG,EXACT_DUPLICATE,GME-SYN-836545,NEC-SYN-112492,Identical MPN and specs
0810ffa5-6f5a-43bf-a52e-1839e03082d0,CAT-FST,EXACT_DUPLICATE,BUS-SYN-239514,AHM-SYN-343781,Identical MPN and specs
73fe4b14-3929-4061-b0fe-908dbe7d7d78,CAT-MTR,EXACT_DUPLICATE,NEC-SYN-477049,CPI-SYN-253924,Identical MPN and specs
f77ee724-a741-43a0-9b67-2fa3d1c8c3ed,CAT-PPE,EXACT_DUPLICATE,GME-SYN-275553,GME-SYN-587847,Identical MPN and specs
a9085af9-6054-44c9-9c67-38e0168ecbcb,CAT-LUB,EXACT_DUPLICATE,AHM-SYN-215465,AHM-SYN-754380,Identical MPN and specs
16e93aca-a724-4d67-8f21-ac61a728372c,CAT-LUB,EXACT_DUPLICATE,AHM-SYN-551737,CPI-SYN-576143,Identical MPN and specs
ce33849f-ff6c-411d-8774-f30c4d1d88b8,CAT-ELC,EXACT_DUPLICATE,BUS-SYN-714892,NEC-SYN-724822,Identical MPN and specs
ddd493ed-3087-4c53-8f97-9b11d9224c7b,CAT-CBL,EXACT_DUPLICATE,NEC-SYN-605207,CPI-SYN-958305,Identical MPN and specs
3ee942f3-c5ba-4065-8ffd-fb6090c5223f,CAT-GSK,EXACT_DUPLICATE,BUS-SYN-891325,NEC-SYN-215522,Identical MPN and specs
86d0dc2f-9084-45aa-b1d1-34c8073876af,CAT-VLV,EXACT_DUPLICATE,NEC-SYN-579454,BUS-SYN-987734,Identical MPN and specs
b791c08a-80ad-4522-bc7b-2b59157e94d2,CAT-VLV,EXACT_DUPLICATE,CPI-SYN-761531,AHM-SYN-625029,Identical MPN and specs
cae29d26-4c12-4b6a-838d-655ac33b32ab,CAT-ELC,EXACT_DUPLICATE,GME-SYN-442097,GME-SYN-164153,Identical MPN and specs
fcc906cf-9c65-4823-984c-ed52bede1c81,CAT-PMP,EXACT_DUPLICATE,CPI-SYN-158903,NEC-SYN-610310,Identical MPN and specs
fcae97c8-bad7-4ee2-8f6a-f2efd5b18d5c,CAT-PMP,EXACT_DUPLICATE,GME-SYN-772142,AHM-SYN-468343,Identical MPN and specs
be5efc00-7e4e-4367-a606-ccb1fcdb00f4,CAT-PIP,EXACT_DUPLICATE,BUS-SYN-627953,CPI-SYN-365189,Identical MPN and specs
c5ee0918-593c-47dd-b0f6-313146e60ea7,CAT-FLG,EXACT_DUPLICATE,AHM-SYN-910708,NEC-SYN-782082,Identical MPN and specs
f13522dd-7c54-4564-b66f-7bfa7bd409fe,CAT-FLG,EXACT_DUPLICATE,CPI-SYN-991450,BUS-SYN-266979,Identical MPN and specs
178163ba-c3f0-45a6-82bf-ef9178e28812,CAT-FLG,EXACT_DUPLICATE,CPI-SYN-640026,GME-SYN-797361,Identical MPN and specs
0e647956-70cf-4d4f-821a-96f136617795,CAT-MTR,EXACT_DUPLICATE,NEC-SYN-485558,NEC-SYN-728664,Identical MPN and specs
f034bfed-fb35-4ac5-895d-2658e0a7dd86,CAT-FST,EXACT_DUPLICATE,BUS-SYN-765870,AHM-SYN-392951,Identical MPN and specs
b7975b18-011e-42e2-a381-4ba76c5b9152,CAT-GSK,EXACT_DUPLICATE,NEC-SYN-144860,BUS-SYN-906108,Identical MPN and specs
44663da5-962c-4f5a-bb26-284d6d6d3a93,CAT-PMP,EXACT_DUPLICATE,NEC-SYN-867614,GME-SYN-359924,Identical MPN and specs
a67d6038-6212-4b30-b2fa-803eb32e4aba,CAT-CBL,EXACT_DUPLICATE,GME-SYN-902651,CPI-SYN-395950,Identical MPN and specs
c189774b-040a-4955-a802-c087c3ce2f15,CAT-FST,EXACT_DUPLICATE,NEC-SYN-253896,BUS-SYN-780176,Identical MPN and specs
22a3e056-c41d-478f-9711-d7a197aa2b98,CAT-FLG,EXACT_DUPLICATE,NEC-SYN-890240,CPI-SYN-135512,Identical MPN and specs
c75e88e8-da8a-41f6-8780-73ec14c17bfb,CAT-GSK,EXACT_DUPLICATE,AHM-SYN-157802,BUS-SYN-825121,Identical MPN and specs
c42db765-6329-4ca2-bdb8-aac8ed87a4b2,CAT-LUB,EXACT_DUPLICATE,AHM-SYN-925118,NEC-SYN-273512,Identical MPN and specs
948c3336-3ebe-4501-ae42-694f8115e8e4,CAT-FLG,EXACT_DUPLICATE,NEC-SYN-366574,CPI-SYN-395527,Identical MPN and specs
04ea207f-7392-44ec-a885-a3124b93267a,CAT-BRG,EXACT_DUPLICATE,NEC-SYN-681494,NEC-SYN-632355,Identical MPN and specs
febf5577-aa64-40cd-b4ca-71680a9fa9e9,CAT-FST,EXACT_DUPLICATE,GME-SYN-829008,AHM-SYN-562320,Identical MPN and specs
93e8949a-901c-4b4d-b002-6710d2593813,CAT-GSK,EXACT_DUPLICATE,CPI-SYN-370207,AHM-SYN-947541,Identical MPN and specs
c6fa2c8a-e8ea-40eb-8f3f-6a8754c441f7,CAT-LUB,EXACT_DUPLICATE,NEC-SYN-754595,BUS-SYN-666304,Identical MPN and specs
0cfc9b69-9c75-40ff-8031-8907adb7df98,CAT-BRG,EXACT_DUPLICATE,NEC-SYN-847718,GME-SYN-421013,Identical MPN and specs
24aff4ca-95a9-4a6a-84c2-7849b5eb513c,CAT-LUB,EXACT_DUPLICATE,AHM-SYN-628182,AHM-SYN-300504,Identical MPN and specs
279818cd-6511-49a4-870f-8e69108f3091,CAT-PMP,EXACT_DUPLICATE,AHM-SYN-550846,NEC-SYN-744069,Identical MPN and specs
79a24461-2c59-447a-a9b7-cd0839490be5,CAT-VLV,EXACT_DUPLICATE,CPI-SYN-416972,AHM-SYN-651262,Identical MPN and specs
7c4bb2d8-18e9-479f-8a1b-cb832cb4d3e6,CAT-PMP,EXACT_DUPLICATE,BUS-SYN-665409,BUS-SYN-677206,Identical MPN and specs
f0ada45a-399e-4ff9-93c8-9eb45592990a,CAT-PMP,EXACT_DUPLICATE,AHM-SYN-426888,NEC-SYN-810663,Identical MPN and specs
4e07ca5a-fefb-493f-b025-67ad4bd95b44,CAT-LUB,EXACT_DUPLICATE,CPI-SYN-160395,GME-SYN-714498,Identical MPN and specs
2930034a-2ad0-4c7a-911a-9efc6a41636a,CAT-MTR,EXACT_DUPLICATE,CPI-SYN-815354,GME-SYN-100851,Identical MPN and specs
612466a0-c00a-4bb6-a528-ec6c85164f14,CAT-FST,EXACT_DUPLICATE,BUS-SYN-357945,AHM-SYN-532392,Identical MPN and specs
4bd2afc8-5d09-4f5f-8840-f026ae324d4c,CAT-PIP,EXACT_DUPLICATE,NEC-SYN-553869,BUS-SYN-418655,Identical MPN and specs
d9d7fc82-f931-4aa0-bbf4-fdd5aeca4f08,CAT-INS,EXACT_DUPLICATE,BUS-SYN-176073,AHM-SYN-688707,Identical MPN and specs
02b1c403-ca24-4fa4-80e5-3ea0faa30912,CAT-INS,EXACT_DUPLICATE,BUS-SYN-330249,AHM-SYN-783080,Identical MPN and specs
93a1d4e8-1c24-4d8a-9b6a-1063b90c5bee,CAT-ELC,EXACT_DUPLICATE,GME-SYN-755315,CPI-SYN-249796,Identical MPN and specs
ca9add9e-57b3-41e1-894f-efd266083b97,CAT-LUB,EXACT_DUPLICATE,CPI-SYN-466153,BUS-SYN-172072,Identical MPN and specs
f00a54b0-c9ce-4f1c-923f-3aa6e3b49f42,CAT-FST,EXACT_DUPLICATE,AHM-SYN-327039,GME-SYN-932951,Identical MPN and specs
0bbe02e1-ed52-4078-9058-6d76ef13af4d,CAT-LUB,EXACT_DUPLICATE,CPI-SYN-350044,NEC-SYN-327065,Identical MPN and specs
f01ca2f3-2ea2-4300-abce-19a98ef516eb,CAT-ELC,EXACT_DUPLICATE,BUS-SYN-765882,CPI-SYN-848498,Identical MPN and specs
acd4803c-26da-4aad-88da-a63c30e361ba,CAT-PIP,EXACT_DUPLICATE,GME-SYN-993564,AHM-SYN-726348,Identical MPN and specs
b31238dc-1907-448e-a87f-dd3e777080a9,CAT-FLG,EXACT_DUPLICATE,GME-SYN-732890,AHM-SYN-508206,Identical MPN and specs
e07294c6-6f99-4a70-97a3-3333d824fbdd,CAT-PMP,EXACT_DUPLICATE,BUS-SYN-374390,GME-SYN-146463,Identical MPN and specs
675f9871-ae24-421b-a2e4-f1358afc49a1,CAT-MTR,EXACT_DUPLICATE,AHM-SYN-376233,NEC-SYN-886917,Identical MPN and specs
0d888ae3-df37-4533-9cf4-4b7308b8ed8f,CAT-LUB,EXACT_DUPLICATE,BUS-SYN-839638,NEC-SYN-377988,Identical MPN and specs
caab2798-bd87-44b2-a8a9-965d009104d6,CAT-CBL,EXACT_DUPLICATE,AHM-SYN-384168,BUS-SYN-685856,Identical MPN and specs
7b3cd034-b017-40bf-8c4e-435a57cd081e,CAT-LUB,EXACT_DUPLICATE,GME-SYN-218558,NEC-SYN-607480,Identical MPN and specs
94171d70-0307-4633-a6ac-19690c867cde,CAT-INS,EXACT_DUPLICATE,AHM-SYN-420850,AHM-SYN-445141,Identical MPN and specs
1a2f2637-ed92-49d1-96f6-8011697f32ae,CAT-PMP,EXACT_DUPLICATE,BUS-SYN-295489,BUS-SYN-129275,Identical MPN and specs
1282617d-7e09-47e6-ad93-038f45f0ed7e,CAT-CBL,EXACT_DUPLICATE,GME-SYN-682438,GME-SYN-714753,Identical MPN and specs
fc25708c-eb2d-4f47-9653-4f603c1777c7,CAT-LUB,EXACT_DUPLICATE,GME-SYN-454658,GME-SYN-454336,Identical MPN and specs
d15a916b-cf7d-44bb-a095-75d73a44cbba,CAT-INS,EXACT_DUPLICATE,AHM-SYN-956283,NEC-SYN-622502,Identical MPN and specs
9123da1f-1f64-4534-973e-d5e595bd174e,CAT-LUB,EXACT_DUPLICATE,BUS-SYN-329009,NEC-SYN-899657,Identical MPN and specs
cca56d31-e858-4508-9e9d-852e1d2bb374,CAT-INS,EXACT_DUPLICATE,AHM-SYN-439318,BUS-SYN-178522,Identical MPN and specs
441aa0b8-0494-4489-a46b-3798ca07d280,CAT-PMP,EXACT_DUPLICATE,CPI-SYN-494130,GME-SYN-498997,Identical MPN and specs
3516cf5d-87dc-450b-a5a2-9119b1840987,CAT-PIP,EXACT_DUPLICATE,AHM-SYN-784705,AHM-SYN-253617,Identical MPN and specs
86a542cf-f1a1-4f57-a211-ed848fd88330,CAT-BRG,EXACT_DUPLICATE,AHM-SYN-573868,GME-SYN-761524,Identical MPN and specs
8ff3e8dd-a803-432d-b285-e58e579afb3e,CAT-GSK,EXACT_DUPLICATE,AHM-SYN-251925,CPI-SYN-449363,Identical MPN and specs
b31b8cec-7432-4221-8e41-61a182277120,CAT-FST,EXACT_DUPLICATE,BUS-SYN-417735,AHM-SYN-269828,Identical MPN and specs
52d36ba7-b5d7-4891-a00d-c95ff1a5cc8c,CAT-PPE,EXACT_DUPLICATE,AHM-SYN-768707,AHM-SYN-925557,Identical MPN and specs
4011efbf-6032-4bf9-bc5e-5ac163013c1f,CAT-MTR,EXACT_DUPLICATE,BUS-SYN-601521,NEC-SYN-846627,Identical MPN and specs
09f5cf1e-35cc-461d-bebd-d22d1e2971df,CAT-MTR,EXACT_DUPLICATE,AHM-SYN-905981,CPI-SYN-881179,Identical MPN and specs
0a4a7848-1ae6-4aa5-84ec-b949ff207ba2,CAT-MTR,EXACT_DUPLICATE,NEC-SYN-858305,CPI-SYN-986818,Identical MPN and specs
107e32a4-8759-4c49-a6c0-4ba46de77c21,CAT-VLV,EXACT_DUPLICATE,NEC-SYN-866979,CPI-SYN-159008,Identical MPN and specs
b4f2ea8a-2516-46b5-94dd-132831e14e66,CAT-FST,EXACT_DUPLICATE,GME-SYN-510176,BUS-SYN-336051,Identical MPN and specs
d16bb628-3397-4d63-90e1-9124b218d739,CAT-FLG,EXACT_DUPLICATE,BUS-SYN-811981,CPI-SYN-225400,Identical MPN and specs
0e4ed5da-5eb7-46c9-835f-e44baa072160,CAT-MTR,EXACT_DUPLICATE,CPI-SYN-158013,AHM-SYN-198675,Identical MPN and specs
cabfb26b-aea5-4812-95b4-de8ed0ebbb96,CAT-BRG,EXACT_DUPLICATE,AHM-SYN-623193,NEC-SYN-670938,Identical MPN and specs
ac937f65-2511-467c-aa68-797a77ffe7b9,CAT-MTR,EXACT_DUPLICATE,GME-SYN-595085,NEC-SYN-851520,Identical MPN and specs
154780b6-14c3-4bc8-9249-de0b8e3bb2e2,CAT-PPE,EXACT_DUPLICATE,BUS-SYN-353761,NEC-SYN-864615,Identical MPN and specs
796b92d3-3291-453b-a52c-6cf18218e1c3,CAT-INS,EXACT_DUPLICATE,BUS-SYN-859605,CPI-SYN-756912,Identical MPN and specs
09e0ce7a-900f-4c2a-a36c-00ea6e442505,CAT-BRG,EXACT_DUPLICATE,BUS-SYN-467682,BUS-SYN-252476,Identical MPN and specs
f17473b0-fc0a-4526-b1cb-c343eefabb11,CAT-PMP,EXACT_DUPLICATE,NEC-SYN-651686,AHM-SYN-710211,Identical MPN and specs
62a4f14c-052d-421d-aee1-e1a4ad9c4310,CAT-PMP,EXACT_DUPLICATE,BUS-SYN-260047,NEC-SYN-993270,Identical MPN and specs
28d7552b-b7fb-4379-95f9-278075abb59d,CAT-BRG,EXACT_DUPLICATE,AHM-SYN-541230,NEC-SYN-898252,Identical MPN and specs
5c866cb2-1f9b-48d7-a80d-ef6c04d1ae40,CAT-GSK,EXACT_DUPLICATE,BUS-SYN-751305,AHM-SYN-275453,Identical MPN and specs
53bf5195-c8ec-42db-9cf4-ed872946562e,CAT-BRG,EXACT_DUPLICATE,AHM-SYN-918117,CPI-SYN-445162,Identical MPN and specs
ba5de0b0-53db-4e9d-bb49-0e0267856481,CAT-INS,EXACT_DUPLICATE,GME-SYN-822924,AHM-SYN-676906,Identical MPN and specs
69fdc508-7081-42b9-8241-ae873a0bbd1e,CAT-PIP,EXACT_DUPLICATE,GME-SYN-708746,CPI-SYN-163041,Identical MPN and specs
8efc4eae-d7b2-4581-b37a-eb5e42ceda9a,CAT-PMP,EXACT_DUPLICATE,NEC-SYN-497599,NEC-SYN-610788,Identical MPN and specs
6a128b44-488c-401c-bae4-23d865590b86,CAT-INS,EXACT_DUPLICATE,GME-SYN-416838,AHM-SYN-450648,Identical MPN and specs
de0c6e24-89b1-48be-be81-99a5546e29cc,CAT-PMP,EXACT_DUPLICATE,CPI-SYN-374848,CPI-SYN-424353,Identical MPN and specs
f04530f9-fe58-4bb9-af36-25a8ae1b9f49,CAT-VLV,EXACT_DUPLICATE,NEC-SYN-572867,BUS-SYN-626034,Identical MPN and specs
d28406b5-ae81-4a39-9850-bfdf03becbe1,CAT-FLG,EXACT_DUPLICATE,BUS-SYN-394526,CPI-SYN-410887,Identical MPN and specs
9b547bbc-0916-41c6-99ff-fddd07cd9235,CAT-INS,EXACT_DUPLICATE,CPI-SYN-374875,GME-SYN-926894,Identical MPN and specs
e6562b42-d407-4295-b5b6-89394a321849,CAT-FST,EXACT_DUPLICATE,BUS-SYN-973763,GME-SYN-741490,Identical MPN and specs
6279c4c1-f1f8-4c66-be4e-0a9185643dff,CAT-GSK,EXACT_DUPLICATE,CPI-SYN-677513,AHM-SYN-332110,Identical MPN and specs
2c96fe8c-b093-4967-bacf-3a04ba691f27,CAT-MTR,EXACT_DUPLICATE,CPI-SYN-865721,CPI-SYN-682470,Identical MPN and specs
2721d92a-628d-4faf-80b3-6f81218b79ad,CAT-ELC,EXACT_DUPLICATE,BUS-SYN-490401,GME-SYN-574438,Identical MPN and specs
3d261c99-3325-4069-863e-7f74cea8915b,CAT-CBL,EXACT_DUPLICATE,NEC-SYN-921308,BUS-SYN-728679,Identical MPN and specs
1cd9b1d6-e39f-4cc4-ac73-fa5897341c7c,CAT-GSK,EXACT_DUPLICATE,NEC-SYN-251957,AHM-SYN-912070,Identical MPN and specs
2bb179f7-d92c-441e-81bb-0033f9f4f1cb,CAT-PIP,EXACT_DUPLICATE,BUS-SYN-774817,NEC-SYN-649531,Identical MPN and specs
24fa3a87-3be4-4e06-a0d2-799cd7f20698,CAT-PPE,EXACT_DUPLICATE,AHM-SYN-881672,CPI-SYN-587414,Identical MPN and specs
58b73e4a-1c81-4f13-8f82-4ee3a49293fa,CAT-LUB,EXACT_DUPLICATE,NEC-SYN-507839,BUS-SYN-519498,Identical MPN and specs
10991243-36bc-4e3f-b3cd-e78e6b4abebe,CAT-PPE,EXACT_DUPLICATE,CPI-SYN-985920,NEC-SYN-557955,Identical MPN and specs
21eca5d8-65ca-4403-a8c1-9e7031ff343f,CAT-GSK,EXACT_DUPLICATE,GME-SYN-755435,NEC-SYN-449572,Identical MPN and specs
5fae95be-f4ef-4528-bdfb-02e2bdf3225c,CAT-FLG,EXACT_DUPLICATE,CPI-SYN-636142,AHM-SYN-312739,Identical MPN and specs
18d83707-bc10-45e4-a39d-8debf9c8b145,CAT-MTR,EXACT_DUPLICATE,BUS-SYN-490934,BUS-SYN-968563,Identical MPN and specs
cebd85d8-31a4-4df0-99d8-6e6a46af7ae7,CAT-GSK,EXACT_DUPLICATE,CPI-SYN-367633,CPI-SYN-467505,Identical MPN and specs
39c0d273-3844-498b-bb96-c0d11fd7aaa7,CAT-GSK,EXACT_DUPLICATE,AHM-SYN-268901,BUS-SYN-407434,Identical MPN and specs
33ae6f5f-ec77-4090-9a94-4d1b091f8561,CAT-LUB,EXACT_DUPLICATE,CPI-SYN-209568,BUS-SYN-100226,Identical MPN and specs
74349191-b38d-4762-a92d-caa2be98e738,CAT-CBL,EXACT_DUPLICATE,BUS-SYN-786395,NEC-SYN-335781,Identical MPN and specs
0db3d912-51e2-44db-af43-7021de048d00,CAT-BRG,EXACT_DUPLICATE,NEC-SYN-268888,AHM-SYN-604286,Identical MPN and specs
64fb51be-575f-4fc1-9a0d-d1f6da559e5e,CAT-FST,EXACT_DUPLICATE,BUS-SYN-835613,AHM-SYN-559227,Identical MPN and specs
7ea74a81-e59d-49bd-9e25-1ee5208637fa,CAT-PMP,EXACT_DUPLICATE,GME-SYN-302131,GME-SYN-707317,Identical MPN and specs
309b219e-429b-4fd0-b4a4-65ccfb60fadd,CAT-GSK,EXACT_DUPLICATE,CPI-SYN-209553,AHM-SYN-182068,Identical MPN and specs
c1d69e76-d95f-457e-b62e-3761741875df,CAT-LUB,EXACT_DUPLICATE,NEC-SYN-365594,NEC-SYN-663301,Identical MPN and specs
31cb9c88-44a9-43ba-b216-3b867fb6a9a5,CAT-INS,EXACT_DUPLICATE,GME-SYN-413939,CPI-SYN-224298,Identical MPN and specs
39c2f72c-33ba-4ea3-9488-14402deff69d,CAT-FLG,EXACT_DUPLICATE,BUS-SYN-308150,AHM-SYN-287526,Identical MPN and specs
72906487-8b4d-4ba0-b5dd-bdfbbf80c88a,CAT-GSK,EXACT_DUPLICATE,AHM-SYN-383589,CPI-SYN-238230,Identical MPN and specs
7f1447db-e492-4980-85f1-c0f7fd305ed5,CAT-FST,EXACT_DUPLICATE,NEC-SYN-196697,AHM-SYN-842508,Identical MPN and specs
f69b9ab3-2fb5-4d82-a012-631804b4d27f,CAT-MTR,EXACT_DUPLICATE,BUS-SYN-323608,GME-SYN-580137,Identical MPN and specs
e8f3fa9a-cd7c-4a28-9f91-be7fd4084f76,CAT-FLG,EXACT_DUPLICATE,AHM-SYN-641068,CPI-SYN-703992,Identical MPN and specs
f12a50b8-d3f3-47ba-b14b-1dabeca5e32b,CAT-PMP,EXACT_DUPLICATE,NEC-SYN-107393,NEC-SYN-221193,Identical MPN and specs
566c01db-6b73-4532-836a-cd15780f483b,CAT-BRG,EXACT_DUPLICATE,AHM-SYN-685877,BUS-SYN-689680,Identical MPN and specs
d54f2609-12fb-4020-b38e-76de5edc522d,CAT-VLV,EXACT_DUPLICATE,GME-SYN-548170,NEC-SYN-412288,Identical MPN and specs
282609b5-8086-431f-9607-636aede0c21d,CAT-MTR,EXACT_DUPLICATE,GME-SYN-390296,GME-SYN-335492,Identical MPN and specs
cf31f6c4-e92c-478c-8aa6-ca9ccad95eca,CAT-VLV,EXACT_DUPLICATE,CPI-SYN-127766,NEC-SYN-295835,Identical MPN and specs
a5618d8a-f27b-4183-9da0-d02efd771d2a,CAT-LUB,EXACT_DUPLICATE,AHM-SYN-993047,AHM-SYN-160985,Identical MPN and specs
05221e5e-e653-4bb5-bb3d-576957afde7e,CAT-ELC,EXACT_DUPLICATE,GME-SYN-983137,NEC-SYN-783294,Identical MPN and specs
77f445e5-6b9f-43b2-ab91-7a041efb487a,CAT-LUB,EXACT_DUPLICATE,GME-SYN-665093,AHM-SYN-342862,Identical MPN and specs
80351ef9-9b7e-4597-8bff-3cd926c7a9af,CAT-GSK,EXACT_DUPLICATE,BUS-SYN-257904,BUS-SYN-321349,Identical MPN and specs
01b6c14c-9ee8-4763-a26f-eac12bbdb75c,CAT-FST,EXACT_DUPLICATE,BUS-SYN-604080,BUS-SYN-465471,Identical MPN and specs
52210193-b47d-4c0a-a010-3d5c6fd5e58a,CAT-ELC,EXACT_DUPLICATE,GME-SYN-432477,NEC-SYN-685990,Identical MPN and specs
4067e587-3fce-4add-ab4a-85f09bbc5f92,CAT-VLV,EXACT_DUPLICATE,BUS-SYN-798723,AHM-SYN-977613,Identical MPN and specs
40d40c5f-14f1-4443-a513-72b71be04d16,CAT-LUB,EXACT_DUPLICATE,NEC-SYN-457258,AHM-SYN-880514,Identical MPN and specs
9263915f-e005-447f-aff2-45e4c416279c,CAT-PMP,EXACT_DUPLICATE,CPI-SYN-169433,AHM-SYN-797632,Identical MPN and specs
86392ca0-7f21-494d-aaab-ca487fa6b38d,CAT-FST,EXACT_DUPLICATE,AHM-SYN-573668,BUS-SYN-595252,Identical MPN and specs
e6720b78-cbb6-4832-89dd-b41dfa7e8b45,CAT-ELC,EXACT_DUPLICATE,NEC-SYN-332674,CPI-SYN-834593,Identical MPN and specs
55eda409-5da6-484a-8e07-78eb94a551a1,CAT-FLG,EXACT_DUPLICATE,CPI-SYN-858840,BUS-SYN-458735,Identical MPN and specs
9a40b0c0-8d33-4128-ac2d-3a3ccd5ae2b7,CAT-PMP,EXACT_DUPLICATE,CPI-SYN-546367,BUS-SYN-314322,Identical MPN and specs
5cbb29f6-87f7-4454-b50c-8d37e6f7862b,CAT-CBL,EXACT_DUPLICATE,BUS-SYN-908758,CPI-SYN-588686,Identical MPN and specs
331255ce-b6db-4877-bf4f-6f06797b0001,CAT-FLG,EXACT_DUPLICATE,AHM-SYN-733938,NEC-SYN-523143,Identical MPN and specs
7c59d704-62c1-4974-9050-335aec86a0ff,CAT-PMP,EXACT_DUPLICATE,BUS-SYN-315420,GME-SYN-104097,Identical MPN and specs
e42c1186-1104-4577-b6dd-d7265d898840,CAT-PIP,EXACT_DUPLICATE,BUS-SYN-749505,AHM-SYN-105492,Identical MPN and specs
92d7f049-eb87-40d5-b7c8-71e48548e22c,CAT-MTR,EXACT_DUPLICATE,BUS-SYN-493953,NEC-SYN-405382,Identical MPN and specs
5c13ad44-997c-4d5b-9189-9dc4f0290a78,CAT-PPE,EXACT_DUPLICATE,GME-SYN-276117,GME-SYN-974811,Identical MPN and specs
dfb7ce6f-b62f-4149-99c2-49b80e9168f4,CAT-ELC,EXACT_DUPLICATE,AHM-SYN-993125,NEC-SYN-174533,Identical MPN and specs
2e467e9e-18ad-4934-a365-1eb718fe2d58,CAT-PMP,EXACT_DUPLICATE,CPI-SYN-621094,AHM-SYN-398257,Identical MPN and specs
0e683c31-c2b9-4bf7-9aeb-e2c2fa33ea88,CAT-LUB,EXACT_DUPLICATE,NEC-SYN-253900,GME-SYN-454115,Identical MPN and specs
9386bca4-4ab8-4e95-8bcf-cebd50e4ce61,CAT-VLV,EXACT_DUPLICATE,GME-SYN-859910,BUS-SYN-845368,Identical MPN and specs
2c7fefc6-befb-4cf8-9dfa-4be77fd1b771,CAT-INS,EXACT_DUPLICATE,BUS-SYN-593001,CPI-SYN-131806,Identical MPN and specs
8115484b-01c1-4cfa-aa52-32d5007e5537,CAT-VLV,EXACT_DUPLICATE,GME-SYN-122520,GME-SYN-577037,Identical MPN and specs
2bcc75a8-5a98-4995-83b7-ec7f1114fd60,CAT-BRG,EXACT_DUPLICATE,NEC-SYN-967774,GME-SYN-396928,Identical MPN and specs
c6c45275-b513-428b-af40-5f1a18502fac,CAT-ELC,EXACT_DUPLICATE,BUS-SYN-315974,BUS-SYN-950686,Identical MPN and specs
645b1a1a-c06b-4c75-ab16-5d33add202ef,CAT-MTR,EXACT_DUPLICATE,AHM-SYN-452369,NEC-SYN-419580,Identical MPN and specs
5db19d2a-b000-4c50-befa-d53ab9c00333,CAT-PMP,EXACT_DUPLICATE,NEC-SYN-571611,CPI-SYN-900142,Identical MPN and specs
050b0818-89a3-433f-b988-bbb5bf3cc701,CAT-CBL,EXACT_DUPLICATE,BUS-SYN-744776,NEC-SYN-260661,Identical MPN and specs
d2616203-adb6-4bc6-a226-698f2de389e4,CAT-BRG,EXACT_DUPLICATE,GME-SYN-699602,CPI-SYN-571926,Identical MPN and specs
3c4e65ea-c030-42b6-9433-196c9c5c2b2a,CAT-PPE,EXACT_DUPLICATE,AHM-SYN-172240,GME-SYN-242559,Identical MPN and specs
290f8cab-9d0a-4362-bb43-bd1dd4ea5e64,CAT-PPE,EXACT_DUPLICATE,GME-SYN-575987,AHM-SYN-353999,Identical MPN and specs
102ab689-34cd-47e8-90d1-70b7bdad7f1e,CAT-GSK,EXACT_DUPLICATE,GME-SYN-476241,BUS-SYN-489279,Identical MPN and specs
072b1231-f7a4-47c6-afba-4561356395f8,CAT-ELC,EXACT_DUPLICATE,NEC-SYN-686755,BUS-SYN-922548,Identical MPN and specs
89d96fc5-43ca-4992-9395-7879924a9876,CAT-MTR,EXACT_DUPLICATE,GME-SYN-406761,CPI-SYN-841784,Identical MPN and specs
5bfcb2a0-a30c-4285-881d-a52e427b00a9,CAT-BRG,EXACT_DUPLICATE,NEC-SYN-946414,NEC-SYN-586552,Identical MPN and specs
a28a5d7c-cdd5-4b94-992f-5dbcc7709f20,CAT-PIP,EXACT_DUPLICATE,BUS-SYN-705684,GME-SYN-274039,Identical MPN and specs
27be2bd9-47b4-4856-8404-a09d675e8c9f,CAT-PMP,EXACT_DUPLICATE,BUS-SYN-252774,AHM-SYN-477901,Identical MPN and specs
4a501494-8e39-4296-b6bd-5ae344a057be,CAT-PMP,EXACT_DUPLICATE,AHM-SYN-651087,GME-SYN-423808,Identical MPN and specs
b4a14b91-332c-47d0-a9e2-78840d66d93e,CAT-INS,EXACT_DUPLICATE,CPI-SYN-931378,CPI-SYN-413642,Identical MPN and specs
32d6ae40-b45b-4302-825a-87a8e9c173e8,CAT-LUB,EXACT_DUPLICATE,CPI-SYN-205046,NEC-SYN-375425,Identical MPN and specs
22347d86-c37b-4b2c-ae5c-bc875db6288e,CAT-FLG,EXACT_DUPLICATE,NEC-SYN-870355,GME-SYN-729671,Identical MPN and specs
7f91ccb0-6a6b-4a0d-bdb0-acf4c86448f5,CAT-MTR,EXACT_DUPLICATE,CPI-SYN-600859,BUS-SYN-595165,Identical MPN and specs
2a348192-fede-4dbd-980a-85ce9276e09b,CAT-LUB,EXACT_DUPLICATE,BUS-SYN-450562,NEC-SYN-342798,Identical MPN and specs
87c85cdf-55dd-45f9-bde4-b9179db1d31e,CAT-PPE,EXACT_DUPLICATE,NEC-SYN-305052,CPI-SYN-217376,Identical MPN and specs
455f7eb5-8134-474e-846a-305eb51295b7,CAT-BRG,EXACT_DUPLICATE,GME-SYN-376278,NEC-SYN-780436,Identical MPN and specs
ce1022fb-1d83-438a-9071-f0e432efe9fe,CAT-BRG,EXACT_DUPLICATE,AHM-SYN-371923,NEC-SYN-546838,Identical MPN and specs
caef2fd3-0455-4c10-af6d-253008261474,CAT-FST,EXACT_DUPLICATE,GME-SYN-486480,BUS-SYN-974822,Identical MPN and specs
8c538f43-fba4-4058-b3c7-a466bf213b48,CAT-PIP,EXACT_DUPLICATE,AHM-SYN-962621,GME-SYN-864759,Identical MPN and specs
9adb558d-5176-41fd-bde7-bf43cb9cdd77,CAT-CBL,EXACT_DUPLICATE,GME-SYN-117814,BUS-SYN-430943,Identical MPN and specs
548c6019-924a-4136-bd3a-bc0435a927e0,CAT-BRG,EXACT_DUPLICATE,CPI-SYN-389599,GME-SYN-980294,Identical MPN and specs
df26f68f-d4ac-40fb-8cf1-880c377f53b7,CAT-LUB,EXACT_DUPLICATE,NEC-SYN-364444,GME-SYN-358357,Identical MPN and specs
03ad2046-3e40-44b9-bec7-a35cf664fa63,CAT-PMP,EXACT_DUPLICATE,GME-SYN-315414,GME-SYN-903316,Identical MPN and specs
c5744383-5920-46e1-a10e-64c8b8f2dd22,CAT-ELC,EXACT_DUPLICATE,NEC-SYN-192876,AHM-SYN-657635,Identical MPN and specs
f0b929a5-d0ba-4bb7-957a-5108fe56d78e,CAT-PIP,EXACT_DUPLICATE,CPI-SYN-231115,NEC-SYN-394804,Identical MPN and specs
697afd66-4c79-4107-b9e2-8829363f1dfd,CAT-GSK,EXACT_DUPLICATE,GME-SYN-981272,NEC-SYN-395959,Identical MPN and specs
abc1f168-9ec8-4902-bf2d-496270c7841d,CAT-BRG,EXACT_DUPLICATE,CPI-SYN-416024,CPI-SYN-245477,Identical MPN and specs
948140ce-a9d0-4e30-b6ce-5e6d849881cb,CAT-MTR,EXACT_DUPLICATE,GME-SYN-243238,BUS-SYN-392889,Identical MPN and specs
84d3035d-ead1-406e-a424-b4b8ef38d17d,CAT-ELC,EXACT_DUPLICATE,NEC-SYN-539464,NEC-SYN-562450,Identical MPN and specs
715001ca-e51a-4315-b957-20e7dfb182df,CAT-FST,EXACT_DUPLICATE,BUS-SYN-994710,NEC-SYN-341841,Identical MPN and specs
805cc0b6-5ee6-40a0-9b45-eed26640fd16,CAT-BRG,EXACT_DUPLICATE,BUS-SYN-957227,AHM-SYN-590139,Identical MPN and specs
359dbee1-c19d-44aa-8342-431594c61145,CAT-PIP,EXACT_DUPLICATE,BUS-SYN-583581,NEC-SYN-719482,Identical MPN and specs
d90e15a8-71d4-4e0f-8809-9ba55c9d5f7a,CAT-PPE,EXACT_DUPLICATE,AHM-SYN-482664,GME-SYN-955670,Identical MPN and specs
1b09c809-6092-4fed-bdae-1c96261a193b,CAT-INS,EXACT_DUPLICATE,GME-SYN-810573,GME-SYN-655863,Identical MPN and specs
e39d547e-044c-41ce-86dd-78052e324dc1,CAT-FLG,EXACT_DUPLICATE,BUS-SYN-439229,GME-SYN-398913,Identical MPN and specs
146b289c-d696-4550-bbb5-a4d09b320c3e,CAT-PPE,EXACT_DUPLICATE,GME-SYN-830733,GME-SYN-405442,Identical MPN and specs
c169f632-a0cd-4d50-8886-0e43f2dce0d1,CAT-BRG,EXACT_DUPLICATE,AHM-SYN-327312,NEC-SYN-277447,Identical MPN and specs
8f258f50-a450-4e57-a3a4-c2085e757ca9,CAT-MTR,EXACT_DUPLICATE,AHM-SYN-549247,GME-SYN-861119,Identical MPN and specs
d78456d6-c4c0-41e4-bd98-5cd9d0db9431,CAT-PPE,EXACT_DUPLICATE,AHM-SYN-180417,NEC-SYN-793892,Identical MPN and specs
b37d343b-fb6d-4cff-8242-1d2f27421a94,CAT-CBL,EXACT_DUPLICATE,CPI-SYN-229246,GME-SYN-433366,Identical MPN and specs
99b5e191-1cb4-495f-9a43-c13dbf11450c,CAT-PMP,EXACT_DUPLICATE,BUS-SYN-705401,NEC-SYN-903283,Identical MPN and specs
798cfa40-85ed-4765-b409-7dd1c452bc9e,CAT-PMP,EXACT_DUPLICATE,CPI-SYN-502031,BUS-SYN-202810,Identical MPN and specs
ba7f2ef8-9fb4-4be6-8c93-1ab6c77b763b,CAT-PIP,EXACT_DUPLICATE,NEC-SYN-871550,GME-SYN-608828,Identical MPN and specs
c97cc135-2232-4bd1-8297-7f875d37849a,CAT-FST,EXACT_DUPLICATE,BUS-SYN-952779,NEC-SYN-539931,Identical MPN and specs
399fb31e-ddec-4b87-869b-8ddc363e0912,CAT-BRG,EXACT_DUPLICATE,BUS-SYN-771359,BUS-SYN-165725,Identical MPN and specs
34f9bd35-ed62-4e69-ae66-743c3547c7e1,CAT-INS,EXACT_DUPLICATE,NEC-SYN-240494,GME-SYN-269902,Identical MPN and specs
b817a038-9c9c-4901-95bf-61415a62f354,CAT-GSK,EXACT_DUPLICATE,AHM-SYN-244491,GME-SYN-764247,Identical MPN and specs
b0d73ccc-984f-4e54-8533-8cb480c023d5,CAT-MTR,EXACT_DUPLICATE,GME-SYN-157536,BUS-SYN-154721,Identical MPN and specs
e44336e3-ff2c-4863-9101-0a076d680d50,CAT-GSK,EXACT_DUPLICATE,CPI-SYN-218343,NEC-SYN-531394,Identical MPN and specs
fed457d7-1fae-480b-ae20-33cbec540b35,CAT-PPE,EXACT_DUPLICATE,BUS-SYN-704017,BUS-SYN-689089,Identical MPN and specs
0446ea59-57ce-4ac1-94b1-91b680852d27,CAT-FST,EXACT_DUPLICATE,GME-SYN-192503,AHM-SYN-870450,Identical MPN and specs
d4ac5b71-77c7-4f47-8c41-c6eaba8cc0de,CAT-BRG,EXACT_DUPLICATE,AHM-SYN-976824,CPI-SYN-415035,Identical MPN and specs
0864651c-90fe-4206-b874-a4088b16c906,CAT-FST,EXACT_DUPLICATE,BUS-SYN-238659,CPI-SYN-515744,Identical MPN and specs
9c90c48b-2484-43c3-a5a3-3cd4fa8cae48,CAT-FST,EXACT_DUPLICATE,CPI-SYN-415880,AHM-SYN-284261,Identical MPN and specs
5f7a637f-2969-4b9d-b2cc-d891c01995a1,CAT-FST,EXACT_DUPLICATE,CPI-SYN-331299,CPI-SYN-412985,Identical MPN and specs
e3cff221-aa8e-4c7d-a1d1-433be99b3261,CAT-MTR,EXACT_DUPLICATE,BUS-SYN-442075,CPI-SYN-309524,Identical MPN and specs
e26cef51-dd31-499a-a5d9-43b040be892d,CAT-FST,EXACT_DUPLICATE,BUS-SYN-665273,AHM-SYN-388630,Identical MPN and specs
db6db5fc-455f-4765-95db-68f01c44547d,CAT-PPE,EXACT_DUPLICATE,CPI-SYN-835653,BUS-SYN-888381,Identical MPN and specs
df24e81f-eda0-4fae-a405-bbf12277e74c,CAT-CBL,EXACT_DUPLICATE,AHM-SYN-864463,GME-SYN-250007,Identical MPN and specs
16ee3fba-d8cf-4799-a3e4-6dd1385d16fc,CAT-PPE,EXACT_DUPLICATE,BUS-SYN-292073,AHM-SYN-975501,Identical MPN and specs
afef9318-522f-40bd-8f30-353e36ae5308,CAT-BRG,EXACT_DUPLICATE,CPI-SYN-893256,CPI-SYN-846747,Identical MPN and specs
adc72aa1-c268-4336-b930-b3e09b19cf0c,CAT-VLV,EXACT_DUPLICATE,BUS-SYN-514110,NEC-SYN-681514,Identical MPN and specs
6042f7f8-b4e3-4ee0-b45c-b47d352c183d,CAT-CBL,EXACT_DUPLICATE,AHM-SYN-668114,NEC-SYN-944124,Identical MPN and specs
7d85088f-b1ea-4223-97f5-11918b5ac0ec,CAT-BRG,EXACT_DUPLICATE,AHM-SYN-359387,GME-SYN-566719,Identical MPN and specs
2e4a0d55-577d-4eb9-974f-1eb929b7c6a6,CAT-FST,EXACT_DUPLICATE,CPI-SYN-381498,AHM-SYN-600327,Identical MPN and specs
d50f82f0-7e7e-44f7-8b4d-c873ea56c346,CAT-MTR,EXACT_DUPLICATE,BUS-SYN-724914,GME-SYN-365388,Identical MPN and specs
5157e4d4-d404-4480-aa45-558fabe4e948,CAT-INS,EXACT_DUPLICATE,BUS-SYN-393893,NEC-SYN-780092,Identical MPN and specs
9ff2a41c-4ed7-41fb-841e-555f07992fa2,CAT-LUB,EXACT_DUPLICATE,CPI-SYN-511784,NEC-SYN-896154,Identical MPN and specs
82251cd5-6cd1-4520-98a8-15236b9cf013,CAT-ELC,EXACT_DUPLICATE,GME-SYN-124298,AHM-SYN-970545,Identical MPN and specs
2d3ac72d-6541-466d-8fb3-923e4ffbdc63,CAT-PIP,EXACT_DUPLICATE,AHM-SYN-786312,BUS-SYN-196207,Identical MPN and specs
e79f42ef-5112-4f1f-9c14-c9d1dc69170b,CAT-PPE,EXACT_DUPLICATE,GME-SYN-184921,GME-SYN-164810,Identical MPN and specs
bdb1246e-30f2-41ae-a6ca-656f19eb0fde,CAT-GSK,EXACT_DUPLICATE,BUS-SYN-274659,CPI-SYN-177149,Identical MPN and specs
33ca42e7-5871-4db6-b79b-159648e14d21,CAT-BRG,EXACT_DUPLICATE,NEC-SYN-655926,NEC-SYN-920819,Identical MPN and specs
cb7295a0-72ad-4e1d-9ef5-672ab0911169,CAT-VLV,EXACT_DUPLICATE,GME-SYN-662553,BUS-SYN-913894,Identical MPN and specs
c09b5df7-b9c0-43ed-a9d6-132b86246392,CAT-PPE,EXACT_DUPLICATE,GME-SYN-749047,CPI-SYN-471780,Identical MPN and specs
355d3ac1-9ada-41b6-b239-8c25f9121495,CAT-ELC,EXACT_DUPLICATE,GME-SYN-945977,CPI-SYN-467951,Identical MPN and specs
51784a57-84a3-4de2-a63e-dab80cf0e6ad,CAT-ELC,EXACT_DUPLICATE,AHM-SYN-540309,GME-SYN-209588,Identical MPN and specs
ede1a8da-00f9-444d-9351-0bf8991e4290,CAT-MTR,EXACT_DUPLICATE,CPI-SYN-955678,CPI-SYN-741198,Identical MPN and specs
483b8512-e445-49ff-af41-b76eaf221b7c,CAT-VLV,EXACT_DUPLICATE,GME-SYN-807826,AHM-SYN-958026,Identical MPN and specs
706c8a52-1fd3-40dd-bc6c-e48557c3c57d,CAT-ELC,EXACT_DUPLICATE,GME-SYN-469128,AHM-SYN-645202,Identical MPN and specs
161b50cf-1a56-4e24-ba45-c117edb98163,CAT-ELC,EXACT_DUPLICATE,BUS-SYN-793685,NEC-SYN-335645,Identical MPN and specs
9034fdf1-0da5-4fea-b677-7f86d1b41208,CAT-LUB,EXACT_DUPLICATE,NEC-SYN-236675,AHM-SYN-982234,Identical MPN and specs
d45350e6-da05-4a1d-9d11-e8125f4775b5,CAT-GSK,EXACT_DUPLICATE,CPI-SYN-663003,NEC-SYN-650503,Identical MPN and specs
4aa97eab-a95b-41f5-81a1-14588834bc0c,CAT-FLG,EXACT_DUPLICATE,AHM-SYN-827867,NEC-SYN-797016,Identical MPN and specs
fd779db5-7ff7-497c-95cb-ef26385377a8,CAT-LUB,EXACT_DUPLICATE,NEC-SYN-315190,AHM-SYN-771074,Identical MPN and specs
e67aa8cc-289b-4234-8323-018260b4fd89,CAT-PMP,EXACT_DUPLICATE,GME-SYN-473859,NEC-SYN-259887,Identical MPN and specs
10f7b95c-dbfe-4d38-8dfd-471f9172bbb9,CAT-PMP,EXACT_DUPLICATE,NEC-SYN-628460,BUS-SYN-345357,Identical MPN and specs
655d9e34-9a57-42fd-92dd-4ea04a72f85c,CAT-PMP,EXACT_DUPLICATE,CPI-SYN-724048,BUS-SYN-187321,Identical MPN and specs
2619f1f4-12af-4cf7-8ccc-5db658e45161,CAT-PMP,EXACT_DUPLICATE,AHM-SYN-350569,NEC-SYN-553006,Identical MPN and specs
c0c2114e-00ef-4b44-b5cf-39e497a562f5,CAT-INS,EXACT_DUPLICATE,CPI-SYN-714291,AHM-SYN-700946,Identical MPN and specs
7ce0b84f-0562-42d8-9312-5d265506bc1b,CAT-CBL,EXACT_DUPLICATE,AHM-SYN-928875,BUS-SYN-924633,Identical MPN and specs
7ac9fdaf-b5f7-4c68-829f-2bb44c0b3781,CAT-PIP,EXACT_DUPLICATE,AHM-SYN-909570,NEC-SYN-126475,Identical MPN and specs
9666f33c-75e6-4f9b-9f8f-95b28c09ba42,CAT-GSK,EXACT_DUPLICATE,NEC-SYN-611853,BUS-SYN-499553,Identical MPN and specs
44fd121a-77ca-454e-925b-7f43757d3a40,CAT-PMP,EXACT_DUPLICATE,NEC-SYN-390717,BUS-SYN-617742,Identical MPN and specs
1e50f31b-499c-40d5-8030-995029184a5f,CAT-INS,EXACT_DUPLICATE,AHM-SYN-876816,AHM-SYN-270824,Identical MPN and specs
2bd3e527-07e8-4914-b36a-e8f21dd3796f,CAT-PPE,EXACT_DUPLICATE,AHM-SYN-587916,CPI-SYN-237969,Identical MPN and specs
be5a59bd-d5d5-424f-afb5-da1450dde674,CAT-CBL,EXACT_DUPLICATE,CPI-SYN-712993,AHM-SYN-886368,Identical MPN and specs
a2779399-e7ff-4e05-b649-feb7373f8839,CAT-FLG,EXACT_DUPLICATE,AHM-SYN-708161,AHM-SYN-892991,Identical MPN and specs
612a11a8-dccf-4ad7-a964-8f5740ccd1b4,CAT-PIP,EXACT_DUPLICATE,CPI-SYN-645834,NEC-SYN-149191,Identical MPN and specs
3b88e5f2-918f-4641-bea6-a983830f22eb,CAT-VLV,EXACT_DUPLICATE,CPI-SYN-572793,BUS-SYN-464486,Identical MPN and specs
567a5f57-e689-4a3c-82a4-156de494f9f1,CAT-FST,EXACT_DUPLICATE,CPI-SYN-760294,GME-SYN-901817,Identical MPN and specs
16795e88-fe0c-4bc1-ab6f-7a612177d7bd,CAT-CBL,EXACT_DUPLICATE,NEC-SYN-620386,AHM-SYN-852689,Identical MPN and specs
64d81ec4-e36e-4162-9987-a4aa4d0e9c4a,CAT-CBL,EXACT_DUPLICATE,BUS-SYN-214679,AHM-SYN-281201,Identical MPN and specs
9ae89f4b-f19d-44f2-a677-6fd69acac9ac,CAT-BRG,EXACT_DUPLICATE,BUS-SYN-207009,BUS-SYN-487615,Identical MPN and specs
95a29c7c-479c-48fb-8376-6465a31923b0,CAT-FLG,EXACT_DUPLICATE,GME-SYN-348696,CPI-SYN-950948,Identical MPN and specs
aa2dc8bf-c8d7-47d1-beca-9c66a1ced4d6,CAT-PMP,EXACT_DUPLICATE,CPI-SYN-907228,BUS-SYN-601405,Identical MPN and specs
40f954f5-150b-4297-8208-c37fe3081743,CAT-ELC,EXACT_DUPLICATE,BUS-SYN-502871,NEC-SYN-715180,Identical MPN and specs
af12bfa1-8ff1-4094-90ca-880e163a2d9d,CAT-MTR,EXACT_DUPLICATE,NEC-SYN-801619,BUS-SYN-422421,Identical MPN and specs
263739f5-d678-407d-94e2-82dccd7814b0,CAT-VLV,EXACT_DUPLICATE,GME-SYN-973754,BUS-SYN-257319,Identical MPN and specs
88731d4d-558d-449b-99a8-849eaaf2db9b,CAT-FST,EXACT_DUPLICATE,BUS-SYN-416247,CPI-SYN-865327,Identical MPN and specs
7df5ec92-4708-4985-b18f-c72ed3b99e56,CAT-FST,EXACT_DUPLICATE,BUS-SYN-906580,NEC-SYN-309154,Identical MPN and specs
a3bb4d5f-fca8-4abd-b26a-cfb93b359273,CAT-PIP,EXACT_DUPLICATE,BUS-SYN-306121,GME-SYN-283521,Identical MPN and specs
f127b106-005a-4230-92b0-181aaa674838,CAT-FST,EXACT_DUPLICATE,BUS-SYN-211422,GME-SYN-196454,Identical MPN and specs
07de4af9-4830-47b5-b97b-ab51150a333a,CAT-PIP,EXACT_DUPLICATE,NEC-SYN-871707,NEC-SYN-581871,Identical MPN and specs
95cb6448-a1ff-41d5-a79a-ded390642d77,CAT-PIP,EXACT_DUPLICATE,CPI-SYN-764151,CPI-SYN-846143,Identical MPN and specs
7f870941-91e4-4bdb-8a82-50e0a87094f8,CAT-FST,EXACT_DUPLICATE,CPI-SYN-413390,CPI-SYN-118427,Identical MPN and specs
30349330-99e3-4da1-bf53-995c5eb609a5,CAT-GSK,EXACT_DUPLICATE,NEC-SYN-765292,GME-SYN-990545,Identical MPN and specs
e0bab0f7-f25a-4f86-b9f7-5965386d420d,CAT-FST,EXACT_DUPLICATE,GME-SYN-628724,GME-SYN-601346,Identical MPN and specs
4b757f9e-5f9f-4d39-ae32-7c856e44f5b6,CAT-VLV,EXACT_DUPLICATE,AHM-SYN-322699,GME-SYN-646439,Identical MPN and specs
a41cbb77-b407-4604-a2ef-ebd011f805f3,CAT-PPE,EXACT_DUPLICATE,GME-SYN-450234,AHM-SYN-607533,Identical MPN and specs
31ae1a94-cc87-41c6-ba98-220813bd766e,CAT-MTR,EXACT_DUPLICATE,AHM-SYN-363219,GME-SYN-428839,Identical MPN and specs
6568318e-db57-481f-a226-8df101bf130a,CAT-BRG,EXACT_DUPLICATE,CPI-SYN-311985,BUS-SYN-104869,Identical MPN and specs
58de3633-796b-41ca-a641-4fbad865fffd,CAT-INS,EXACT_DUPLICATE,AHM-SYN-862891,GME-SYN-344987,Identical MPN and specs
31ca6cbc-cfc2-4560-9c90-a584b1c388f1,CAT-GSK,EXACT_DUPLICATE,NEC-SYN-192946,AHM-SYN-777165,Identical MPN and specs
f47d651a-14f7-4a56-bc70-a52502c90083,CAT-INS,EXACT_DUPLICATE,BUS-SYN-977140,BUS-SYN-978793,Identical MPN and specs
c2b29107-e642-41f4-acf2-82dcfc0dec56,CAT-PPE,EXACT_DUPLICATE,NEC-SYN-769060,NEC-SYN-894715,Identical MPN and specs
5cf78c0a-e5ee-4daf-aced-2596988df185,CAT-PIP,EXACT_DUPLICATE,CPI-SYN-723450,BUS-SYN-948430,Identical MPN and specs
ec2c9944-3842-4f55-b00d-b8bdd7133bbb,CAT-MTR,EXACT_DUPLICATE,NEC-SYN-746471,NEC-SYN-188718,Identical MPN and specs
4d5216ff-a2ae-4f9d-8af2-76e5863954d7,CAT-FLG,EXACT_DUPLICATE,GME-SYN-800048,AHM-SYN-620424,Identical MPN and specs
17ae7b76-f3dd-4002-83bb-d557fb1536f2,CAT-ELC,EXACT_DUPLICATE,AHM-SYN-928924,BUS-SYN-190710,Identical MPN and specs
72ccfd4e-e82a-49ff-be53-44c92b39ce4f,CAT-CBL,EXACT_DUPLICATE,NEC-SYN-333047,GME-SYN-664842,Identical MPN and specs
558d23db-5e4a-4341-b542-93d04320e6d5,CAT-CBL,EXACT_DUPLICATE,NEC-SYN-353542,NEC-SYN-943538,Identical MPN and specs
896340c4-2b74-4134-a6a3-098c466ff7e3,CAT-CBL,EXACT_DUPLICATE,AHM-SYN-726576,BUS-SYN-478646,Identical MPN and specs
69eedd3f-99f4-4e9a-9466-9c94a32697a8,CAT-PIP,EXACT_DUPLICATE,BUS-SYN-974593,CPI-SYN-627305,Identical MPN and specs
d5280012-b7e6-4a0e-afd4-9d3c6164e0ef,CAT-FST,EXACT_DUPLICATE,NEC-SYN-645660,BUS-SYN-908379,Identical MPN and specs
53e8335f-a67e-4b09-963b-218840ce5254,CAT-PIP,EXACT_DUPLICATE,NEC-SYN-612136,GME-SYN-313412,Identical MPN and specs
f63ddaa3-c044-4075-a1e1-aba6a99fa2a7,CAT-INS,EXACT_DUPLICATE,NEC-SYN-979271,NEC-SYN-564819,Identical MPN and specs
eaa5a011-0ef1-4a14-80ec-6c09a08b8748,CAT-ELC,EXACT_DUPLICATE,GME-SYN-983208,NEC-SYN-374898,Identical MPN and specs
4f2f87e4-9966-4960-ae86-34826ae598dd,CAT-GSK,EXACT_DUPLICATE,CPI-SYN-736182,AHM-SYN-398642,Identical MPN and specs
b704f588-a628-4b31-9217-4ed7133d15fe,CAT-PMP,EXACT_DUPLICATE,CPI-SYN-263245,AHM-SYN-133652,Identical MPN and specs
25019999-69a7-43ed-948a-2515852f161d,CAT-PIP,EXACT_DUPLICATE,GME-SYN-501288,CPI-SYN-463377,Identical MPN and specs
5c210127-b6e7-440d-8d3c-eedf28cda2ef,CAT-ELC,EXACT_DUPLICATE,GME-SYN-195978,AHM-SYN-502073,Identical MPN and specs
5dcee3ab-3f17-4db3-a497-829ce7527bde,CAT-BRG,EXACT_DUPLICATE,AHM-SYN-455576,NEC-SYN-201843,Identical MPN and specs
4dfe4b4d-c346-4531-a985-e824abbbac28,CAT-MTR,EXACT_DUPLICATE,GME-SYN-263782,CPI-SYN-295358,Identical MPN and specs
b57a07d7-e61e-4f81-a8d2-f9b55ba7d423,CAT-LUB,EXACT_DUPLICATE,AHM-SYN-700829,AHM-SYN-289698,Identical MPN and specs
816feb2f-ed98-4fdb-bfc6-7fd84d2e1cd5,CAT-PMP,EXACT_DUPLICATE,CPI-SYN-216670,CPI-SYN-397719,Identical MPN and specs
8a47d817-f593-4b74-b22c-6c0691012af6,CAT-PPE,EXACT_DUPLICATE,CPI-SYN-849058,BUS-SYN-234879,Identical MPN and specs
c5ae8fc4-cd19-4e20-8f33-2d0106e765cf,CAT-GSK,EXACT_DUPLICATE,GME-SYN-425927,NEC-SYN-728988,Identical MPN and specs
41baa3f9-efa5-4da5-8e1e-e39edcc189ad,CAT-CBL,EXACT_DUPLICATE,CPI-SYN-266723,CPI-SYN-573646,Identical MPN and specs
3141466c-4923-4118-bed3-5e316dc7ed3a,CAT-VLV,EXACT_DUPLICATE,BUS-SYN-555054,AHM-SYN-854287,Identical MPN and specs
374a450b-561b-4b83-a34b-0a9823bc7fc8,CAT-CBL,EXACT_DUPLICATE,CPI-SYN-751292,BUS-SYN-211828,Identical MPN and specs
a65b3fee-3379-4a4c-8a11-68550516c8f4,CAT-VLV,EXACT_DUPLICATE,BUS-SYN-861424,CPI-SYN-555204,Identical MPN and specs
986cd452-2f9e-44cb-83f9-8dff0789ba22,CAT-MTR,EXACT_DUPLICATE,AHM-SYN-986822,GME-SYN-851214,Identical MPN and specs
220dd137-6f28-42e4-8018-64c5b6c37954,CAT-BRG,EXACT_DUPLICATE,NEC-SYN-520324,AHM-SYN-701806,Identical MPN and specs
1be7460c-eac3-4c17-ab1d-6bbe5052da36,CAT-GSK,EXACT_DUPLICATE,NEC-SYN-141813,AHM-SYN-250671,Identical MPN and specs
3ef5f454-9904-4cc4-9dfc-af151e221be0,CAT-ELC,EXACT_DUPLICATE,AHM-SYN-724872,NEC-SYN-886340,Identical MPN and specs
fc6e1915-46a4-4b64-a6bc-fd93801c938c,CAT-BRG,EXACT_DUPLICATE,AHM-SYN-819455,GME-SYN-737105,Identical MPN and specs
885fe2ad-966d-4de9-b4dd-9b1426a97094,CAT-PPE,EXACT_DUPLICATE,NEC-SYN-696920,GME-SYN-654194,Identical MPN and specs
773e4504-c93b-45f3-9669-c45db5dcad12,CAT-ELC,EXACT_DUPLICATE,AHM-SYN-502445,BUS-SYN-177209,Identical MPN and specs
6650ac3a-dc20-4dba-84b8-d63e853196d4,CAT-VLV,EXACT_DUPLICATE,GME-SYN-295107,CPI-SYN-650532,Identical MPN and specs
d6c754ef-315f-4fcd-847b-f94feaffe7b5,CAT-BRG,EXACT_DUPLICATE,NEC-SYN-491411,AHM-SYN-550789,Identical MPN and specs
feb6dd8d-972d-4f8c-9219-b85732b8c1fc,CAT-INS,EXACT_DUPLICATE,CPI-SYN-346363,CPI-SYN-861351,Identical MPN and specs
b09f386c-1c59-47f3-b1b6-3ded6abed588,CAT-VLV,EXACT_DUPLICATE,GME-SYN-261273,AHM-SYN-403952,Identical MPN and specs
fe630e2b-108b-4ce4-b149-d733933a884d,CAT-BRG,EXACT_DUPLICATE,NEC-SYN-998207,AHM-SYN-562014,Identical MPN and specs
b80653b7-5fb7-4dad-a79c-26165767e2cc,CAT-FLG,EXACT_DUPLICATE,CPI-SYN-654816,NEC-SYN-749923,Identical MPN and specs
45457474-27ba-4cbb-8806-f9a11614b644,CAT-BRG,EXACT_DUPLICATE,CPI-SYN-441893,AHM-SYN-331448,Identical MPN and specs
3805e245-5a16-4db9-883f-a9e14676f236,CAT-MTR,EXACT_DUPLICATE,AHM-SYN-995880,CPI-SYN-350833,Identical MPN and specs
c347ba6c-7bf2-43a6-ae5e-8d233528b8d6,CAT-FLG,EXACT_DUPLICATE,NEC-SYN-292107,AHM-SYN-443570,Identical MPN and specs
7c40b35b-2aef-4d9b-8eac-e73569767bcb,CAT-CBL,EXACT_DUPLICATE,AHM-SYN-650556,BUS-SYN-180990,Identical MPN and specs
19f7fd30-b93c-41f7-b26f-b4b28c186973,CAT-BRG,EXACT_DUPLICATE,AHM-SYN-726300,NEC-SYN-174184,Identical MPN and specs
30c947bd-8fa7-4d44-bd16-24c0f448ec84,CAT-LUB,EXACT_DUPLICATE,CPI-SYN-954055,BUS-SYN-220593,Identical MPN and specs
8e15b1a1-efc7-44db-8a8f-656ae41fb953,CAT-VLV,EXACT_DUPLICATE,CPI-SYN-329924,AHM-SYN-354199,Identical MPN and specs
07dd7cd8-05b8-45bf-a073-c4b875aa8890,CAT-INS,EXACT_DUPLICATE,AHM-SYN-204752,GME-SYN-609321,Identical MPN and specs
6a774e8c-ad1f-45da-9b65-314fbc061051,CAT-INS,EXACT_DUPLICATE,NEC-SYN-339156,BUS-SYN-361662,Identical MPN and specs
f61a825f-c5ca-4bc9-a3c4-61d166fa3807,CAT-FST,EXACT_DUPLICATE,BUS-SYN-296613,BUS-SYN-242518,Identical MPN and specs
bf987fea-cafe-4670-ad8a-41f6ca26170f,CAT-PIP,EXACT_DUPLICATE,AHM-SYN-495035,BUS-SYN-407147,Identical MPN and specs
d1ebbd0f-f5a8-4888-a928-cf745de7d3eb,CAT-BRG,EXACT_DUPLICATE,BUS-SYN-479972,CPI-SYN-669606,Identical MPN and specs
301e7db6-c65b-4620-89ac-02fb2d4ddb95,CAT-GSK,EXACT_DUPLICATE,GME-SYN-287557,NEC-SYN-274864,Identical MPN and specs
d55b40cf-b6dd-4514-89c7-7d6a7ed36bc4,CAT-INS,EXACT_DUPLICATE,CPI-SYN-814049,CPI-SYN-593389,Identical MPN and specs
72d02897-5d52-4ddf-8635-5efa241b1dd9,CAT-CBL,EXACT_DUPLICATE,CPI-SYN-363931,AHM-SYN-751491,Identical MPN and specs
ac2efb42-940d-4810-8bd4-6417bbfe977d,CAT-FST,EXACT_DUPLICATE,AHM-SYN-812337,GME-SYN-279657,Identical MPN and specs
0cf84f43-7575-498c-a205-353d092f149a,CAT-PMP,EXACT_DUPLICATE,AHM-SYN-852916,GME-SYN-919473,Identical MPN and specs
e0e353c3-4695-4bf3-92d2-4bc1050f0a1a,CAT-VLV,EXACT_DUPLICATE,GME-SYN-749867,CPI-SYN-108806,Identical MPN and specs
2fab9612-acc1-4b25-b375-0c37194f2acc,CAT-ELC,EXACT_DUPLICATE,CPI-SYN-174943,AHM-SYN-123551,Identical MPN and specs
2a45c87a-7a87-400f-a03c-bdd805753b32,CAT-INS,EXACT_DUPLICATE,GME-SYN-632425,GME-SYN-593513,Identical MPN and specs
70703967-b8cc-438e-8dcd-32ec521fd744,CAT-ELC,EXACT_DUPLICATE,BUS-SYN-778288,NEC-SYN-178631,Identical MPN and specs
b314966e-41a8-4b8a-bd2f-c0e6f4aec0b1,CAT-GSK,EXACT_DUPLICATE,BUS-SYN-166088,GME-SYN-321749,Identical MPN and specs
d9792cd7-b11f-4df8-83af-46ffb0816ed6,CAT-MTR,EXACT_DUPLICATE,NEC-SYN-291858,GME-SYN-932067,Identical MPN and specs
58a87e21-6c3a-49dd-b55d-61ce9ecec265,CAT-FST,EXACT_DUPLICATE,NEC-SYN-379079,BUS-SYN-368823,Identical MPN and specs
f959c686-e035-42b2-9be5-b0511ac23085,CAT-FLG,EXACT_DUPLICATE,NEC-SYN-219200,GME-SYN-293349,Identical MPN and specs
e4e82df0-f275-40c8-816e-949a6ad7e21f,CAT-FLG,EXACT_DUPLICATE,BUS-SYN-581234,GME-SYN-570953,Identical MPN and specs
1e10d5b2-0c3f-4d31-ab49-8935fe2fc18a,CAT-PIP,EXACT_DUPLICATE,CPI-SYN-515551,GME-SYN-871848,Identical MPN and specs
f44059c0-ee48-4692-8cc3-1e421c6fb545,CAT-ELC,EXACT_DUPLICATE,GME-SYN-124888,BUS-SYN-727026,Identical MPN and specs
44df5308-6382-4f0e-8a1f-e7be16280632,CAT-BRG,EXACT_DUPLICATE,CPI-SYN-440964,CPI-SYN-972229,Identical MPN and specs
ec290740-1f72-4e7a-aac4-7f79ea8f7315,CAT-BRG,EXACT_DUPLICATE,BUS-SYN-308591,NEC-SYN-970356,Identical MPN and specs
07acc483-b9eb-4749-b63b-3826f547c48d,CAT-LUB,EXACT_DUPLICATE,CPI-SYN-538557,NEC-SYN-630093,Identical MPN and specs
34bf44ee-2b24-4cbf-b685-202b7779dd76,CAT-ELC,EXACT_DUPLICATE,CPI-SYN-928371,BUS-SYN-526066,Identical MPN and specs
49cfc6dc-0456-4185-8c69-431891821a19,CAT-MTR,EXACT_DUPLICATE,CPI-SYN-699540,NEC-SYN-348485,Identical MPN and specs
1cc957af-d14c-4b1f-927c-237090ff7a40,CAT-ELC,EXACT_DUPLICATE,BUS-SYN-809601,AHM-SYN-734154,Identical MPN and specs
c271480e-04d6-43af-a249-c46393cd5b9f,CAT-PMP,EXACT_DUPLICATE,AHM-SYN-953467,NEC-SYN-268860,Identical MPN and specs
cc862743-74f6-4e31-8501-4cf819c28141,CAT-FLG,EXACT_DUPLICATE,GME-SYN-724083,CPI-SYN-538154,Identical MPN and specs
1b579427-4b0b-4323-9f7d-7b778220f5fa,CAT-LUB,EXACT_DUPLICATE,BUS-SYN-383464,CPI-SYN-283068,Identical MPN and specs
b233b2c5-85ea-49d1-a2c8-146bf64add0c,CAT-PIP,EXACT_DUPLICATE,NEC-SYN-159062,NEC-SYN-211800,Identical MPN and specs
df0139a2-0152-428d-b3fc-416d6fb2fa31,CAT-ELC,EXACT_DUPLICATE,NEC-SYN-603983,AHM-SYN-247206,Identical MPN and specs
c8f6025e-d0e7-4694-a0dc-93b9b15fb83e,CAT-PPE,EXACT_DUPLICATE,AHM-SYN-227850,AHM-SYN-165057,Identical MPN and specs
8dccead0-8b70-4fec-8d9f-96319d867eed,CAT-FST,EXACT_DUPLICATE,CPI-SYN-341774,CPI-SYN-323233,Identical MPN and specs
76ada4a5-cd65-41f6-a9ad-7b57dd10ac18,CAT-LUB,EXACT_DUPLICATE,NEC-SYN-785154,GME-SYN-143367,Identical MPN and specs
5dd4299a-2e25-4eba-83b0-208b48c90a9f,CAT-GSK,EXACT_DUPLICATE,BUS-SYN-308054,NEC-SYN-413284,Identical MPN and specs
2fd3a39a-ab31-4d06-9445-a87efc3ae400,CAT-ELC,EXACT_DUPLICATE,AHM-SYN-166263,CPI-SYN-849570,Identical MPN and specs
d799bea3-edcc-499a-816a-8c5e7acb0129,CAT-PMP,EXACT_DUPLICATE,CPI-SYN-974658,GME-SYN-994040,Identical MPN and specs
d211c169-c39e-4b5a-8590-1f0d4016946e,CAT-ELC,EXACT_DUPLICATE,BUS-SYN-776517,CPI-SYN-738945,Identical MPN and specs
7c76594d-c704-41de-bac8-5e6f429ecd96,CAT-ELC,EXACT_DUPLICATE,GME-SYN-998824,CPI-SYN-324335,Identical MPN and specs
d3f467d0-3652-4e49-9081-f10e0d2cf8ac,CAT-PMP,EXACT_DUPLICATE,CPI-SYN-477170,AHM-SYN-813723,Identical MPN and specs
a0f6f097-3f18-4b6f-ad6c-98ccda2e54f8,CAT-ELC,EXACT_DUPLICATE,CPI-SYN-749780,CPI-SYN-324151,Identical MPN and specs
1bc61780-dada-4bca-ac5f-363906a0327d,CAT-VLV,EXACT_DUPLICATE,AHM-SYN-571809,CPI-SYN-851326,Identical MPN and specs
ae881ef2-ee6c-4da6-9bfd-a2c67e295cfb,CAT-MTR,EXACT_DUPLICATE,NEC-SYN-404481,NEC-SYN-455589,Identical MPN and specs
51a38e51-38b4-40ad-9dc3-e240e73aead3,CAT-PPE,EXACT_DUPLICATE,CPI-SYN-577304,BUS-SYN-321704,Identical MPN and specs
002913fe-8ce3-4dd9-bcc4-f515b1c815c5,CAT-VLV,EXACT_DUPLICATE,AHM-SYN-587005,NEC-SYN-507143,Identical MPN and specs
e19b8083-05b5-4b8a-8d36-9a169a8edfc6,CAT-BRG,EXACT_DUPLICATE,CPI-SYN-559555,AHM-SYN-943055,Identical MPN and specs
32bea0b4-43d8-4e6b-9f5e-9e7cd42bbdb3,CAT-BRG,EXACT_DUPLICATE,AHM-SYN-959428,CPI-SYN-113957,Identical MPN and specs
2eb117d3-6fdf-4e15-bf87-52c045c41b8a,CAT-PMP,EXACT_DUPLICATE,GME-SYN-985929,GME-SYN-126888,Identical MPN and specs
130996d1-0c71-450c-ba32-161df18b1b44,CAT-MTR,EXACT_DUPLICATE,NEC-SYN-252353,BUS-SYN-728229,Identical MPN and specs
d7c3dcca-3782-4d98-9d6e-b70fb0349b1b,CAT-GSK,EXACT_DUPLICATE,AHM-SYN-906938,CPI-SYN-762409,Identical MPN and specs
1a1cc599-c22d-41de-93f7-3f2103201ff4,CAT-FST,EXACT_DUPLICATE,GME-SYN-534865,GME-SYN-833021,Identical MPN and specs
e2c89932-d6e8-4a9d-94ab-d0bbbffba6f3,CAT-CBL,EXACT_DUPLICATE,AHM-SYN-718546,CPI-SYN-167366,Identical MPN and specs
d28dbf0c-1fc9-4194-8568-00131e2be0dd,CAT-GSK,EXACT_DUPLICATE,CPI-SYN-155185,NEC-SYN-641109,Identical MPN and specs
6816cf17-b028-4702-b0f3-0c6b8ebb03a3,CAT-FLG,EXACT_DUPLICATE,GME-SYN-580631,GME-SYN-532374,Identical MPN and specs
f81010b3-615d-4f12-9197-39bc1a71708c,CAT-FLG,EXACT_DUPLICATE,AHM-SYN-946582,AHM-SYN-336292,Identical MPN and specs
3f7d6913-fa48-417f-93c6-1f8ec4a3d8bf,CAT-VLV,EXACT_DUPLICATE,CPI-SYN-232654,NEC-SYN-260949,Identical MPN and specs
dc219a63-efbd-4683-ba1b-5e1a81c132da,CAT-PMP,EXACT_DUPLICATE,BUS-SYN-991774,NEC-SYN-939148,Identical MPN and specs
301a0966-8632-4399-95d8-2c9f8d24194b,CAT-GSK,EXACT_DUPLICATE,GME-SYN-767391,NEC-SYN-868813,Identical MPN and specs
709edd45-523c-4014-be52-5ce8cde0dffe,CAT-LUB,EXACT_DUPLICATE,NEC-SYN-592674,AHM-SYN-930173,Identical MPN and specs
2459cdb3-ddc8-4609-b284-073e54228ddf,CAT-GSK,EXACT_DUPLICATE,GME-SYN-653393,NEC-SYN-299791,Identical MPN and specs
f4fb7f0b-7e1e-42dc-a3b2-f36770d8a8ce,CAT-GSK,EXACT_DUPLICATE,CPI-SYN-327583,AHM-SYN-442355,Identical MPN and specs
4bfef45b-f7d9-45c4-82dd-4dce16039600,CAT-FST,EXACT_DUPLICATE,GME-SYN-882904,GME-SYN-799667,Identical MPN and specs
3828e613-aa4c-48a0-b90b-a49742c0ba77,CAT-CBL,EXACT_DUPLICATE,NEC-SYN-714027,CPI-SYN-506385,Identical MPN and specs
a776f5c3-b783-4123-9429-aa22d697e6c6,CAT-PIP,EXACT_DUPLICATE,NEC-SYN-553348,CPI-SYN-771423,Identical MPN and specs
4045122b-b261-448a-9240-989e0f405317,CAT-BRG,EXACT_DUPLICATE,AHM-SYN-812537,GME-SYN-315670,Identical MPN and specs
f547628e-e945-4245-9a13-c471a0ad8d23,CAT-FLG,EXACT_DUPLICATE,BUS-SYN-296481,NEC-SYN-739060,Identical MPN and specs
e1eb7b6a-fe0e-4edd-989d-a0c69314edd2,CAT-LUB,EXACT_DUPLICATE,NEC-SYN-181886,NEC-SYN-184819,Identical MPN and specs
2863f4bd-a31b-48a8-8ab0-04070a92df6a,CAT-CBL,EXACT_DUPLICATE,CPI-SYN-102259,NEC-SYN-287310,Identical MPN and specs
115740b3-3e24-4f49-8f6d-3526327fbd57,CAT-CBL,EXACT_DUPLICATE,CPI-SYN-993568,BUS-SYN-620132,Identical MPN and specs
1605fa7b-6c37-4ff2-9252-8136fb82ea24,CAT-VLV,EXACT_DUPLICATE,NEC-SYN-796655,NEC-SYN-310689,Identical MPN and specs
e439eb7d-9a75-4086-898a-f0418d396b74,CAT-MTR,EXACT_DUPLICATE,CPI-SYN-485356,AHM-SYN-385422,Identical MPN and specs
da918f6c-ef38-4616-ad4e-bbcf126078a5,CAT-GSK,EXACT_DUPLICATE,BUS-SYN-250333,GME-SYN-429689,Identical MPN and specs
0f983388-ee85-487e-8e8e-c9bc070cdb32,CAT-FST,EXACT_DUPLICATE,NEC-SYN-474822,NEC-SYN-735444,Identical MPN and specs
77266fe0-7ee0-4625-909b-ccbe434f5ead,CAT-PMP,EXACT_DUPLICATE,GME-SYN-507298,BUS-SYN-200701,Identical MPN and specs
fd5e27e6-75d3-4fbc-bf5a-5bf31b06ebfd,CAT-BRG,EXACT_DUPLICATE,CPI-SYN-362313,BUS-SYN-284330,Identical MPN and specs
134ca5cb-5d4d-4d1a-9a72-aa55f07773f0,CAT-PMP,EXACT_DUPLICATE,CPI-SYN-577124,NEC-SYN-118137,Identical MPN and specs
5672ed21-9303-45d6-8166-d66bcd77f31c,CAT-FLG,EXACT_DUPLICATE,CPI-SYN-392681,NEC-SYN-641028,Identical MPN and specs
4f4939df-c3d2-4356-a03b-8f4c08772972,CAT-GSK,EXACT_DUPLICATE,GME-SYN-599428,CPI-SYN-279110,Identical MPN and specs
92b89a0e-0f6d-4e54-bb77-1d5739d67d18,CAT-PIP,EXACT_DUPLICATE,CPI-SYN-161884,BUS-SYN-769300,Identical MPN and specs
fe8ef425-4720-4658-9c99-ea71221f192f,CAT-BRG,EXACT_DUPLICATE,AHM-SYN-301837,CPI-SYN-952534,Identical MPN and specs
0e5d8a22-ffce-435e-9544-43440c4ce20f,CAT-CBL,EXACT_DUPLICATE,BUS-SYN-910161,CPI-SYN-596997,Identical MPN and specs
8b4235c0-5edf-41a4-b318-0ce2054c8a30,CAT-MTR,EXACT_DUPLICATE,AHM-SYN-113440,AHM-SYN-705676,Identical MPN and specs
2430f4f4-8a5d-4e6c-9ecc-06b376565d96,CAT-LUB,EXACT_DUPLICATE,NEC-SYN-597469,AHM-SYN-835542,Identical MPN and specs
b648ebbf-3637-446a-ac22-fc5bc782e43a,CAT-CBL,EXACT_DUPLICATE,CPI-SYN-624795,CPI-SYN-443795,Identical MPN and specs
be88d5bf-a163-4f62-b272-b81cda2c826f,CAT-CBL,EXACT_DUPLICATE,GME-SYN-361423,CPI-SYN-221578,Identical MPN and specs
0d287418-0d4d-43df-b472-65e6d38123a7,CAT-MTR,EXACT_DUPLICATE,CPI-SYN-750766,GME-SYN-797460,Identical MPN and specs
40c4082a-2a8e-4edd-a448-e0fd73c5b1a2,CAT-FST,EXACT_DUPLICATE,AHM-SYN-534769,CPI-SYN-379207,Identical MPN and specs
0b2ac233-3357-48c2-86f2-398e05e79ed9,CAT-CBL,EXACT_DUPLICATE,NEC-SYN-457501,NEC-SYN-558991,Identical MPN and specs
1a72a731-e562-4776-be97-922a9dad3ff6,CAT-PPE,EXACT_DUPLICATE,GME-SYN-513016,NEC-SYN-753290,Identical MPN and specs
31df15e9-05d8-42c2-bfc5-3e45687a66a9,CAT-FST,EXACT_DUPLICATE,NEC-SYN-580216,CPI-SYN-513107,Identical MPN and specs
dba7abf0-7da3-4a8a-81f1-1e199d6f030d,CAT-INS,EXACT_DUPLICATE,BUS-SYN-602584,NEC-SYN-624647,Identical MPN and specs
08d4f6db-e1b5-4c9b-8f80-5896ac48d322,CAT-PMP,EXACT_DUPLICATE,AHM-SYN-469756,AHM-SYN-876636,Identical MPN and specs
65f7519d-9da2-4752-8c0c-00e1af8de23f,CAT-LUB,EXACT_DUPLICATE,BUS-SYN-194107,GME-SYN-859156,Identical MPN and specs
37613e9c-c885-4a46-90f9-cea5d0eccb4f,CAT-LUB,EXACT_DUPLICATE,NEC-SYN-301122,AHM-SYN-310734,Identical MPN and specs
12b26f1d-8574-43b5-bafc-5bf79cd639b4,CAT-ELC,EXACT_DUPLICATE,AHM-SYN-112592,CPI-SYN-274800,Identical MPN and specs
3ec1757f-5700-4c43-a108-2e8f20d6a822,CAT-ELC,EXACT_DUPLICATE,GME-SYN-200956,AHM-SYN-597417,Identical MPN and specs
ebc78a8e-2fb5-4ef5-a8aa-fadd01b9bfd0,CAT-PPE,EXACT_DUPLICATE,BUS-SYN-503245,NEC-SYN-490077,Identical MPN and specs
bfe4a38a-02ef-4bb8-823f-75554c8ce444,CAT-PIP,EXACT_DUPLICATE,NEC-SYN-629175,AHM-SYN-881132,Identical MPN and specs
60aaecb3-9ce4-459b-ad33-74fc431863c1,CAT-PPE,EXACT_DUPLICATE,CPI-SYN-587684,BUS-SYN-301724,Identical MPN and specs
835e04be-4115-4ee8-a5bc-32d6cbf2e6a3,CAT-BRG,EXACT_DUPLICATE,NEC-SYN-310257,BUS-SYN-583670,Identical MPN and specs
83ece034-cca6-4151-801a-33f5c4330d49,CAT-GSK,EXACT_DUPLICATE,BUS-SYN-707496,NEC-SYN-221709,Identical MPN and specs
2d18bdbb-641f-4f71-b629-b1ee375d85bd,CAT-INS,EXACT_DUPLICATE,NEC-SYN-887159,GME-SYN-323896,Identical MPN and specs
eedd346f-100e-4dff-8873-da276822141a,CAT-ELC,EXACT_DUPLICATE,NEC-SYN-928855,GME-SYN-501271,Identical MPN and specs
3b606c03-5d1e-4d16-be1e-0cf52eaf6b7a,CAT-VLV,EXACT_DUPLICATE,NEC-SYN-763770,NEC-SYN-246677,Identical MPN and specs
3e7547f5-224c-4575-9466-4e9cf9ddb0ef,CAT-PPE,EXACT_DUPLICATE,CPI-SYN-199810,GME-SYN-354896,Identical MPN and specs
5e93471d-cfd5-4354-8b03-b71553dc0e7b,CAT-ELC,EXACT_DUPLICATE,GME-SYN-235981,GME-SYN-273154,Identical MPN and specs
3146af97-80a0-43b5-82e5-a1fbf2b410f1,CAT-PIP,EXACT_DUPLICATE,NEC-SYN-198408,GME-SYN-973752,Identical MPN and specs
6fa030ee-148b-4723-93e9-650a0e1b18ae,CAT-INS,EXACT_DUPLICATE,BUS-SYN-270559,GME-SYN-574163,Identical MPN and specs
1de87f9c-1bdf-4e27-ad94-591bb44ed2ea,CAT-ELC,EXACT_DUPLICATE,GME-SYN-902266,CPI-SYN-442607,Identical MPN and specs
86c4d690-3052-4199-b5c5-b49a18d62222,CAT-FST,EXACT_DUPLICATE,AHM-SYN-937261,NEC-SYN-237855,Identical MPN and specs
aef56442-2202-4588-95e6-a2c8f1d32e43,CAT-FST,EXACT_DUPLICATE,CPI-SYN-813837,AHM-SYN-788794,Identical MPN and specs
d07648a2-dfea-4554-87f4-930611e6217e,CAT-ELC,EXACT_DUPLICATE,NEC-SYN-601519,BUS-SYN-486942,Identical MPN and specs
78a43618-1b25-4da8-9716-d1d4b9ff0990,CAT-LUB,EXACT_DUPLICATE,CPI-SYN-616305,NEC-SYN-732656,Identical MPN and specs
ba94ddc7-5a64-4f3c-bcc0-5b98ddcb2c3d,CAT-FLG,EXACT_DUPLICATE,AHM-SYN-440003,BUS-SYN-673494,Identical MPN and specs
9591ea6d-ba3e-4374-8f4a-cd18441c6e8d,CAT-GSK,EXACT_DUPLICATE,BUS-SYN-224884,NEC-SYN-925534,Identical MPN and specs
65b27512-e2a0-4638-9a30-16dc236cf62e,CAT-PIP,EXACT_DUPLICATE,GME-SYN-263460,NEC-SYN-422295,Identical MPN and specs
b13a4c3e-894f-4b8f-8fbf-fac788e3c1fa,CAT-ELC,EXACT_DUPLICATE,GME-SYN-153621,AHM-SYN-834301,Identical MPN and specs
efc9dea9-5f9c-4356-934f-465da0445ab1,CAT-INS,EXACT_DUPLICATE,GME-SYN-331705,AHM-SYN-928576,Identical MPN and specs
822d2832-6f27-44af-b4ea-2953769d5a34,CAT-INS,NEAR_DUPLICATE,NEC-SYN-779472,AHM-SYN-515013,Missing text attribute but same MPN
9b3e92fe-9e27-47b2-8ed2-7275699da6a0,CAT-PIP,NEAR_DUPLICATE,AHM-SYN-927950,NEC-SYN-184998,Missing text attribute but same MPN
da5abc8d-d533-4dee-a23d-f5af37c52314,CAT-BRG,NEAR_DUPLICATE,BUS-SYN-461606,NEC-SYN-125387,Missing text attribute but same MPN
4b45f1a9-a48e-451b-9475-d0e906427d46,CAT-PIP,NEAR_DUPLICATE,GME-SYN-712325,NEC-SYN-947683,Missing text attribute but same MPN
9b613010-cb1a-432c-9c34-77a3d1499fc2,CAT-FST,NEAR_DUPLICATE,GME-SYN-973735,AHM-SYN-957027,Missing text attribute but same MPN
7251bc67-c456-485e-ad3a-fff54e3eae1a,CAT-FLG,NEAR_DUPLICATE,BUS-SYN-657712,BUS-SYN-621664,Missing text attribute but same MPN
dd0bccb9-2ad4-4609-a92c-134346e147e3,CAT-INS,NEAR_DUPLICATE,BUS-SYN-499688,BUS-SYN-826257,Missing text attribute but same MPN
8e88e0de-c576-4621-b034-302f0c56ace1,CAT-BRG,NEAR_DUPLICATE,AHM-SYN-798156,AHM-SYN-702144,Missing text attribute but same MPN
9f40d39a-b552-4818-bcf5-531ff5e038d0,CAT-PIP,NEAR_DUPLICATE,CPI-SYN-970682,CPI-SYN-352372,Missing text attribute but same MPN
cc1f683d-7c1c-4850-af39-433372bbec79,CAT-ELC,NEAR_DUPLICATE,NEC-SYN-201057,AHM-SYN-935789,Missing text attribute but same MPN
86b6f45d-1922-431c-a923-b8c881d75f8d,CAT-PIP,NEAR_DUPLICATE,BUS-SYN-965569,AHM-SYN-785087,Missing text attribute but same MPN
ef2cb195-0f27-42fa-92ad-49e730308dc4,CAT-GSK,NEAR_DUPLICATE,GME-SYN-756024,AHM-SYN-139790,Missing text attribute but same MPN
dcbb1df1-0d5b-43fc-b2eb-2967c2b44ef7,CAT-PPE,NEAR_DUPLICATE,AHM-SYN-109853,BUS-SYN-143352,Missing text attribute but same MPN
477425b0-5ab9-4904-a060-beb23f3fd334,CAT-CBL,NEAR_DUPLICATE,NEC-SYN-888033,CPI-SYN-135540,Missing text attribute but same MPN
c333138f-df46-4884-a301-41feea0cb93d,CAT-PPE,NEAR_DUPLICATE,CPI-SYN-162866,AHM-SYN-513111,Missing text attribute but same MPN
40061d41-dd17-40f6-bc7e-c4993db0efba,CAT-PIP,NEAR_DUPLICATE,NEC-SYN-527978,AHM-SYN-558558,Missing text attribute but same MPN
5127e141-eb8f-4041-8aa8-e00982eefb24,CAT-FLG,NEAR_DUPLICATE,GME-SYN-674036,CPI-SYN-379718,Missing text attribute but same MPN
e7eedf55-500f-4c5d-a288-6ff84f63b7ee,CAT-PPE,NEAR_DUPLICATE,GME-SYN-533988,GME-SYN-134698,Missing text attribute but same MPN
09a530e7-0e30-4c58-be4d-7218656d8a03,CAT-PPE,NEAR_DUPLICATE,AHM-SYN-174046,BUS-SYN-961368,Missing text attribute but same MPN
5452992f-d79c-4078-be81-599a5d2f8158,CAT-FST,NEAR_DUPLICATE,GME-SYN-825627,AHM-SYN-240662,Missing text attribute but same MPN
418131a4-11d4-4200-a78e-d47c50e7830d,CAT-PPE,NEAR_DUPLICATE,GME-SYN-467096,BUS-SYN-277234,Missing text attribute but same MPN
61015492-3568-43c7-a745-2f50375a42af,CAT-INS,NEAR_DUPLICATE,NEC-SYN-214718,NEC-SYN-849388,Missing text attribute but same MPN
840a3817-6303-4ca5-a44c-6780d4cfd735,CAT-MTR,NEAR_DUPLICATE,NEC-SYN-873815,BUS-SYN-717038,Missing text attribute but same MPN
b82db719-874b-445a-be2d-5ebd459604fe,CAT-INS,NEAR_DUPLICATE,GME-SYN-276124,NEC-SYN-224985,Missing text attribute but same MPN
72beca96-b62d-499c-890f-580681fd5ccb,CAT-FST,NEAR_DUPLICATE,NEC-SYN-458525,NEC-SYN-261618,Missing text attribute but same MPN
0caca638-69e8-49b0-b790-adf7a4e9dea5,CAT-FST,NEAR_DUPLICATE,CPI-SYN-692033,GME-SYN-743317,Missing text attribute but same MPN
788da102-ae66-4651-aa82-88321b60a69b,CAT-PPE,NEAR_DUPLICATE,NEC-SYN-502920,GME-SYN-558390,Missing text attribute but same MPN
75928a70-65e8-4a69-8aac-8e2ec09745f7,CAT-VLV,NEAR_DUPLICATE,BUS-SYN-880630,AHM-SYN-420128,Missing text attribute but same MPN
4e3fbf73-b4b5-4888-89f0-23186991a6b1,CAT-PIP,NEAR_DUPLICATE,BUS-SYN-320396,CPI-SYN-830519,Missing text attribute but same MPN
79bd2451-1a15-45c7-ae6c-161d73b3bf3d,CAT-FST,NEAR_DUPLICATE,AHM-SYN-819290,BUS-SYN-872829,Missing text attribute but same MPN
fc975dbe-01bb-48d4-873d-cfc18438b647,CAT-CBL,NEAR_DUPLICATE,CPI-SYN-706435,AHM-SYN-739308,Missing text attribute but same MPN
7e2cd7f5-f2f9-4f55-9ff8-75f842f7d5c3,CAT-MTR,NEAR_DUPLICATE,NEC-SYN-513888,NEC-SYN-938269,Missing text attribute but same MPN
20397ea2-6de8-4ab6-87ef-c0252a1fc8de,CAT-FLG,NEAR_DUPLICATE,NEC-SYN-473090,GME-SYN-317818,Missing text attribute but same MPN
8d388394-023e-4594-9b7f-0d7bb731b3ea,CAT-VLV,NEAR_DUPLICATE,CPI-SYN-768485,AHM-SYN-228236,Missing text attribute but same MPN
83bb1a9c-87a2-41bc-a2b6-0e6c7cf62656,CAT-GSK,NEAR_DUPLICATE,BUS-SYN-909015,BUS-SYN-680441,Missing text attribute but same MPN
eaf38aa8-051d-4cc3-a07b-c427e9333e52,CAT-MTR,NEAR_DUPLICATE,BUS-SYN-824658,NEC-SYN-317568,Missing text attribute but same MPN
818fbc43-00c9-46f8-bc57-fd9b9d76585a,CAT-PIP,NEAR_DUPLICATE,AHM-SYN-684077,NEC-SYN-544529,Missing text attribute but same MPN
64c308f1-1b17-4449-a97b-d41d4408a03f,CAT-PPE,NEAR_DUPLICATE,BUS-SYN-115959,BUS-SYN-350151,Missing text attribute but same MPN
43948526-faba-4a25-b820-6fef07b0e0ad,CAT-LUB,NEAR_DUPLICATE,BUS-SYN-217600,BUS-SYN-125359,Missing text attribute but same MPN
fad0329d-ceb7-423f-8e75-23229f4fafa4,CAT-BRG,NEAR_DUPLICATE,NEC-SYN-433597,AHM-SYN-308222,Missing text attribute but same MPN
3b37e7f0-abe6-448e-a277-7c2d931a63ad,CAT-VLV,NEAR_DUPLICATE,BUS-SYN-312964,AHM-SYN-935444,Missing text attribute but same MPN
5ebce4ea-8b84-4a79-bcb5-d2879f5c3486,CAT-LUB,NEAR_DUPLICATE,CPI-SYN-457478,GME-SYN-587215,Missing text attribute but same MPN
84133558-2d02-4c46-8599-ae7b7ca723ad,CAT-PPE,NEAR_DUPLICATE,AHM-SYN-390342,BUS-SYN-641679,Missing text attribute but same MPN
22873a03-e07d-4d8d-aa95-e701b5e263ab,CAT-PPE,NEAR_DUPLICATE,BUS-SYN-685629,AHM-SYN-221643,Missing text attribute but same MPN
3977f98e-5b03-4cf2-9daa-c425cf6a5a52,CAT-GSK,NEAR_DUPLICATE,CPI-SYN-203867,BUS-SYN-513395,Missing text attribute but same MPN
0b8a4cd1-888e-427c-9917-2fcbea658f0b,CAT-BRG,NEAR_DUPLICATE,AHM-SYN-949299,BUS-SYN-699762,Missing text attribute but same MPN
f38c4d92-ca54-4b0f-8ef7-6f99a21b3790,CAT-FLG,NEAR_DUPLICATE,BUS-SYN-161881,AHM-SYN-321926,Missing text attribute but same MPN
e3bfc1fa-8402-4641-ad1b-b133968df97d,CAT-CBL,NEAR_DUPLICATE,NEC-SYN-107759,BUS-SYN-892657,Missing text attribute but same MPN
52847fd1-bb49-4732-865a-21a8a3b15169,CAT-INS,NEAR_DUPLICATE,GME-SYN-617682,GME-SYN-629106,Missing text attribute but same MPN
7f2b6f7a-67cb-44fe-b6c9-4715c7558d7a,CAT-LUB,NEAR_DUPLICATE,AHM-SYN-929270,NEC-SYN-947694,Missing text attribute but same MPN
4d10bec3-dbac-4293-9002-b164b1703f9c,CAT-FLG,NEAR_DUPLICATE,GME-SYN-500887,GME-SYN-804836,Missing text attribute but same MPN
3c4a58af-a4c3-4c66-b280-a83907fc1de5,CAT-PPE,NEAR_DUPLICATE,GME-SYN-724782,GME-SYN-856707,Missing text attribute but same MPN
9dfa39d9-0e2e-4554-b4a0-576c6d4a12bd,CAT-BRG,NEAR_DUPLICATE,AHM-SYN-931296,BUS-SYN-723899,Missing text attribute but same MPN
1c7dd060-623a-46bc-bdc3-7705a3185deb,CAT-FLG,NEAR_DUPLICATE,NEC-SYN-730808,BUS-SYN-480347,Missing text attribute but same MPN
e3002bae-267b-4984-a671-a7792b28357c,CAT-PPE,NEAR_DUPLICATE,NEC-SYN-379265,BUS-SYN-629067,Missing text attribute but same MPN
ef9331df-d85b-4c4f-9e40-89ff6672753b,CAT-LUB,NEAR_DUPLICATE,CPI-SYN-524982,CPI-SYN-847046,Missing text attribute but same MPN
e398e0b0-6e92-4700-90b7-fd8da885c164,CAT-MTR,NEAR_DUPLICATE,BUS-SYN-314148,GME-SYN-903265,Missing text attribute but same MPN
32ad9db1-91f1-4414-b573-cf286fc047fc,CAT-PMP,NEAR_DUPLICATE,GME-SYN-996053,AHM-SYN-343422,Missing text attribute but same MPN
4258b162-dba8-44cd-9c05-545aefd7333d,CAT-FLG,NEAR_DUPLICATE,BUS-SYN-502878,BUS-SYN-831391,Missing text attribute but same MPN
e77a206c-17c9-4491-b9af-2dd97dd00f79,CAT-ELC,NEAR_DUPLICATE,BUS-SYN-540053,BUS-SYN-456175,Missing text attribute but same MPN
097a97ac-f4cc-4107-8310-cc338275474c,CAT-CBL,NEAR_DUPLICATE,BUS-SYN-282386,GME-SYN-213062,Missing text attribute but same MPN
9ae93d79-1ab6-46af-a4c7-7ebf81bfcbdc,CAT-INS,NEAR_DUPLICATE,NEC-SYN-392124,AHM-SYN-583355,Missing text attribute but same MPN
9889fdf7-b1dd-4f42-947d-3c6395df3db3,CAT-LUB,NEAR_DUPLICATE,AHM-SYN-292623,NEC-SYN-891756,Missing text attribute but same MPN
9e180c63-08fe-4d87-88c5-2bbc64280cb8,CAT-PPE,NEAR_DUPLICATE,BUS-SYN-279138,CPI-SYN-899518,Missing text attribute but same MPN
7a869b06-0840-4e26-96ab-2a1f41413148,CAT-ELC,NEAR_DUPLICATE,AHM-SYN-345069,CPI-SYN-203478,Missing text attribute but same MPN
e9fb782b-6549-466d-a59e-0bfcfb40e169,CAT-CBL,NEAR_DUPLICATE,GME-SYN-191308,BUS-SYN-997782,Missing text attribute but same MPN
9dfd8dd6-be02-40ea-9549-e3863ab908dc,CAT-INS,NEAR_DUPLICATE,AHM-SYN-143205,CPI-SYN-731683,Missing text attribute but same MPN
ecc2b0f9-0427-456e-8d39-668257d65887,CAT-VLV,NEAR_DUPLICATE,CPI-SYN-683893,GME-SYN-116335,Missing text attribute but same MPN
b41395b7-f4aa-41fe-a1cd-f047eeb80290,CAT-VLV,NEAR_DUPLICATE,CPI-SYN-386423,AHM-SYN-998763,Missing text attribute but same MPN
de198dce-8015-4070-bd38-12d2ce74bdde,CAT-BRG,NEAR_DUPLICATE,GME-SYN-571689,NEC-SYN-602929,Missing text attribute but same MPN
882909d4-8534-4869-9fab-95e445fc5e10,CAT-CBL,NEAR_DUPLICATE,NEC-SYN-694725,BUS-SYN-234190,Missing text attribute but same MPN
e35aaad0-a550-48c4-bc57-636b32d849a2,CAT-MTR,NEAR_DUPLICATE,BUS-SYN-581335,GME-SYN-722036,Missing text attribute but same MPN
34cf80c7-8172-47a2-b7eb-f5af88b942ba,CAT-PPE,NEAR_DUPLICATE,NEC-SYN-226661,BUS-SYN-207662,Missing text attribute but same MPN
c5af1697-fc8e-4f55-ae3a-3ea12aecdc48,CAT-MTR,NEAR_DUPLICATE,AHM-SYN-530403,BUS-SYN-445615,Missing text attribute but same MPN
b916b4c8-0b59-4cae-895b-305af1beb318,CAT-BRG,NEAR_DUPLICATE,GME-SYN-182715,NEC-SYN-309826,Missing text attribute but same MPN
1b7b9c87-74bc-43c3-95dd-ee280afe4722,CAT-INS,NEAR_DUPLICATE,CPI-SYN-156460,BUS-SYN-885491,Missing text attribute but same MPN
c2892f95-1950-4495-8819-7f36d541cb95,CAT-PMP,NEAR_DUPLICATE,GME-SYN-492615,GME-SYN-964981,Missing text attribute but same MPN
6f3d717e-ea7d-4122-8dcf-4cbec5c6f226,CAT-CBL,NEAR_DUPLICATE,NEC-SYN-529699,GME-SYN-400182,Missing text attribute but same MPN
61cb4de6-0f99-4939-b4d2-9b522afcaa4c,CAT-PIP,NEAR_DUPLICATE,GME-SYN-736071,CPI-SYN-913982,Missing text attribute but same MPN
b3592fee-e74b-42d0-9c8d-78dba7af7a5c,CAT-PIP,NEAR_DUPLICATE,CPI-SYN-740130,NEC-SYN-234067,Missing text attribute but same MPN
a811f458-9a3b-4a5b-b574-a3f402ad84c9,CAT-MTR,NEAR_DUPLICATE,BUS-SYN-883250,NEC-SYN-561593,Missing text attribute but same MPN
0b31853c-a792-4660-b8af-f41a18904147,CAT-MTR,NEAR_DUPLICATE,GME-SYN-674206,NEC-SYN-136756,Missing text attribute but same MPN
96b1901f-c753-4b15-9704-5290ae7cf05b,CAT-FLG,NEAR_DUPLICATE,CPI-SYN-919772,GME-SYN-921981,Missing text attribute but same MPN
8ab907d0-4003-47aa-83eb-a8513ec99ae8,CAT-LUB,NEAR_DUPLICATE,GME-SYN-912954,GME-SYN-360769,Missing text attribute but same MPN
681d5982-0bc4-4399-b1b1-1330db93424b,CAT-LUB,NEAR_DUPLICATE,BUS-SYN-424827,GME-SYN-453246,Missing text attribute but same MPN
3ce563c6-7902-41a4-a357-eb615c127984,CAT-FST,NEAR_DUPLICATE,GME-SYN-935088,CPI-SYN-158355,Missing text attribute but same MPN
bc5ef2a8-ac2b-4297-b851-3b0904bbefc4,CAT-CBL,NEAR_DUPLICATE,NEC-SYN-129317,NEC-SYN-158680,Missing text attribute but same MPN
555e7a56-3f96-427e-9fa8-ac154a72aaaf,CAT-MTR,NEAR_DUPLICATE,CPI-SYN-536910,GME-SYN-758344,Missing text attribute but same MPN
e718687e-d3c9-4baf-b1de-4b9ad21bcdc6,CAT-VLV,NEAR_DUPLICATE,BUS-SYN-133085,NEC-SYN-442776,Missing text attribute but same MPN
0da8579a-ab08-4a20-ae0e-7ee67e1de639,CAT-BRG,NEAR_DUPLICATE,NEC-SYN-852953,AHM-SYN-902187,Missing text attribute but same MPN
96b10bf7-ef29-4107-89d2-c28913cee859,CAT-MTR,NEAR_DUPLICATE,CPI-SYN-379077,CPI-SYN-395691,Missing text attribute but same MPN
20706039-49bf-4f32-8b72-123cc963070d,CAT-PPE,NEAR_DUPLICATE,CPI-SYN-417119,GME-SYN-994097,Missing text attribute but same MPN
4f56bdb4-9369-4367-b2e7-63cbd8a5abda,CAT-VLV,NEAR_DUPLICATE,GME-SYN-169254,BUS-SYN-887706,Missing text attribute but same MPN
20faa3b3-8321-4cc6-a720-c3aebe7e1fd2,CAT-PIP,NEAR_DUPLICATE,AHM-SYN-137081,AHM-SYN-909773,Missing text attribute but same MPN
3094051e-0438-46f7-8816-4f1b1eb20a03,CAT-PMP,NEAR_DUPLICATE,GME-SYN-886544,GME-SYN-916141,Missing text attribute but same MPN
9b8ff01c-ce1b-4a15-92b1-f551a0eea406,CAT-PPE,NEAR_DUPLICATE,CPI-SYN-303170,BUS-SYN-652318,Missing text attribute but same MPN
b176bc5e-b362-4e9a-b8bc-b2d1442a9ebe,CAT-PIP,NEAR_DUPLICATE,NEC-SYN-920307,CPI-SYN-151808,Missing text attribute but same MPN
d8c7f4cb-674c-4b36-b31f-85a5abfde479,CAT-INS,NEAR_DUPLICATE,BUS-SYN-900638,AHM-SYN-493670,Missing text attribute but same MPN
9e4b218c-9b94-4397-8cc0-f1a737413af7,CAT-CBL,NEAR_DUPLICATE,AHM-SYN-509241,CPI-SYN-704964,Missing text attribute but same MPN
0e039652-d5f1-4e1c-ac59-206c3c629eb8,CAT-FST,NEAR_DUPLICATE,NEC-SYN-925110,AHM-SYN-749509,Missing text attribute but same MPN
f842b2c5-6e34-412c-b133-e7be10c30dee,CAT-LUB,NEAR_DUPLICATE,CPI-SYN-679678,CPI-SYN-762459,Missing text attribute but same MPN
c4e739bb-a1da-40c9-9382-b537f7aaaf4e,CAT-PMP,NEAR_DUPLICATE,GME-SYN-808980,CPI-SYN-954892,Missing text attribute but same MPN
dd392e31-6949-46de-9e9c-4af39d67b55e,CAT-ELC,NEAR_DUPLICATE,GME-SYN-892084,CPI-SYN-682777,Missing text attribute but same MPN
d4220a67-4b98-467d-bafc-a5cf27a705b8,CAT-PMP,NEAR_DUPLICATE,GME-SYN-796377,AHM-SYN-388382,Missing text attribute but same MPN
2ff03ea8-82fb-4c7a-a5ea-b359a1c33f9d,CAT-PMP,NEAR_DUPLICATE,GME-SYN-167024,AHM-SYN-444333,Missing text attribute but same MPN
44aa4ade-f40a-46be-b8d3-b8576b1ee9a0,CAT-FLG,NEAR_DUPLICATE,BUS-SYN-545473,GME-SYN-118882,Missing text attribute but same MPN
a99df934-aa8e-400d-a125-0489047d8f3b,CAT-FST,NEAR_DUPLICATE,GME-SYN-620115,BUS-SYN-151075,Missing text attribute but same MPN
4df421ca-621d-4033-ae60-4c82191029fd,CAT-MTR,NEAR_DUPLICATE,CPI-SYN-714830,CPI-SYN-810648,Missing text attribute but same MPN
e06a99b5-019a-40f3-b4d2-d8c8c1d38188,CAT-GSK,NEAR_DUPLICATE,CPI-SYN-173298,NEC-SYN-819290,Missing text attribute but same MPN
dc784aef-007e-4664-9433-5b5c7d932e57,CAT-ELC,NEAR_DUPLICATE,GME-SYN-575453,AHM-SYN-889238,Missing text attribute but same MPN
f7267971-a1d7-477e-a27a-459abeac491f,CAT-PMP,NEAR_DUPLICATE,GME-SYN-874650,CPI-SYN-527500,Missing text attribute but same MPN
80c0e925-66d3-468f-bfd1-4346d88b555e,CAT-BRG,NEAR_DUPLICATE,AHM-SYN-906934,CPI-SYN-750563,Missing text attribute but same MPN
85fb8090-acbd-439e-8064-4737039f44f2,CAT-PPE,NEAR_DUPLICATE,GME-SYN-921513,BUS-SYN-997690,Missing text attribute but same MPN
6da7f67a-19fa-4139-8456-9273fe0cb916,CAT-CBL,NEAR_DUPLICATE,BUS-SYN-235223,GME-SYN-631999,Missing text attribute but same MPN
46803431-2d6f-4008-88e5-c5a45695c180,CAT-VLV,NEAR_DUPLICATE,NEC-SYN-577923,BUS-SYN-394472,Missing text attribute but same MPN
217c28c5-0e53-4f78-9b29-897ed9d1f480,CAT-GSK,NEAR_DUPLICATE,AHM-SYN-763896,NEC-SYN-956501,Missing text attribute but same MPN
1a14dcf2-825d-4397-bc5f-301a722eebcb,CAT-FST,NEAR_DUPLICATE,NEC-SYN-908875,CPI-SYN-815408,Missing text attribute but same MPN
34d7b62c-6523-40e5-adb6-028687bdfeb0,CAT-FST,NEAR_DUPLICATE,NEC-SYN-887714,CPI-SYN-464966,Missing text attribute but same MPN
7fa195b0-6fa4-4556-bd09-23bcde99d609,CAT-CBL,NEAR_DUPLICATE,AHM-SYN-693753,GME-SYN-961809,Missing text attribute but same MPN
08f182d6-6c06-4591-89d0-3fd25e88cda8,CAT-VLV,NEAR_DUPLICATE,NEC-SYN-153236,NEC-SYN-648091,Missing text attribute but same MPN
0f00f31a-be43-415d-84af-bca9f7c07221,CAT-BRG,NEAR_DUPLICATE,BUS-SYN-974618,CPI-SYN-917792,Missing text attribute but same MPN
f32668ec-f222-4c5e-b1c6-b57176bef2a5,CAT-PIP,NEAR_DUPLICATE,CPI-SYN-727902,CPI-SYN-825138,Missing text attribute but same MPN
2ae40871-b422-44ff-a929-2746c0060af1,CAT-GSK,NEAR_DUPLICATE,NEC-SYN-827721,AHM-SYN-661128,Missing text attribute but same MPN
bb4ff7bd-ad5c-4e81-9480-886a425d0763,CAT-ELC,NEAR_DUPLICATE,CPI-SYN-428847,CPI-SYN-950805,Missing text attribute but same MPN
15b1c2cb-e1d7-4c98-9e8e-bc68a0653697,CAT-MTR,NEAR_DUPLICATE,BUS-SYN-910362,AHM-SYN-425625,Missing text attribute but same MPN
890b6bc6-c4c9-4759-aea1-ba2b9a3190f8,CAT-CBL,NEAR_DUPLICATE,CPI-SYN-528509,NEC-SYN-265510,Missing text attribute but same MPN
a9955897-4693-4d5a-a230-83d865e1c316,CAT-MTR,NEAR_DUPLICATE,AHM-SYN-371858,CPI-SYN-775788,Missing text attribute but same MPN
8f1b4de5-1ebf-4b7e-b405-6314f6328d4e,CAT-LUB,NEAR_DUPLICATE,BUS-SYN-943035,NEC-SYN-882054,Missing text attribute but same MPN
ba419d33-c417-4143-8949-db2981c42329,CAT-FST,NEAR_DUPLICATE,GME-SYN-243368,AHM-SYN-571570,Missing text attribute but same MPN
47044769-eefc-4f46-8212-36ba5ffae259,CAT-FLG,NEAR_DUPLICATE,GME-SYN-408104,NEC-SYN-705201,Missing text attribute but same MPN
05408ecf-676b-4052-816c-d1dddbde9b04,CAT-MTR,NEAR_DUPLICATE,BUS-SYN-740891,BUS-SYN-546108,Missing text attribute but same MPN
4ebebd44-9138-45bc-bb4d-9bb00e283692,CAT-CBL,NEAR_DUPLICATE,CPI-SYN-393318,GME-SYN-924631,Missing text attribute but same MPN
a41d2527-110e-4704-863c-8a7a3f7bafaa,CAT-ELC,NEAR_DUPLICATE,AHM-SYN-931056,NEC-SYN-601229,Missing text attribute but same MPN
d62251cb-a46f-4af3-acef-a7051d1ef3f0,CAT-BRG,NEAR_DUPLICATE,BUS-SYN-627015,AHM-SYN-829990,Missing text attribute but same MPN
cac38011-0f34-4cf4-b2c7-f5934e12ffd0,CAT-ELC,NEAR_DUPLICATE,NEC-SYN-141839,BUS-SYN-473581,Missing text attribute but same MPN
88f810ea-4877-41c9-8842-0bdf10ff55d0,CAT-PMP,NEAR_DUPLICATE,CPI-SYN-459493,BUS-SYN-638920,Missing text attribute but same MPN
5960abb3-0e65-4b74-998f-91007198dbe6,CAT-FLG,NEAR_DUPLICATE,CPI-SYN-487362,CPI-SYN-992996,Missing text attribute but same MPN
b3a9f8c7-2005-49a7-a8fa-a7d05cbd8320,CAT-PPE,NEAR_DUPLICATE,CPI-SYN-534053,CPI-SYN-316239,Missing text attribute but same MPN
ec3628da-dd1a-4cde-b569-6f979ce46d96,CAT-BRG,NEAR_DUPLICATE,GME-SYN-649985,NEC-SYN-731785,Missing text attribute but same MPN
9526d128-786d-4c30-92e8-a9b6445306ba,CAT-LUB,NEAR_DUPLICATE,AHM-SYN-644535,BUS-SYN-539494,Missing text attribute but same MPN
afbfbcd7-2933-4761-9d5b-9e1ab8aaf315,CAT-CBL,NEAR_DUPLICATE,CPI-SYN-979511,CPI-SYN-831447,Missing text attribute but same MPN
f9206a7a-f0c4-4c52-a864-b5d136cbfaa4,CAT-BRG,NEAR_DUPLICATE,BUS-SYN-151561,AHM-SYN-302559,Missing text attribute but same MPN
945cd362-4925-4b09-a299-6d17d1cda1e8,CAT-MTR,NEAR_DUPLICATE,CPI-SYN-409067,GME-SYN-797930,Missing text attribute but same MPN
7767b469-d6c0-4cfb-b4d5-ac778c8a66d9,CAT-FLG,NEAR_DUPLICATE,GME-SYN-287637,AHM-SYN-440707,Missing text attribute but same MPN
19268621-eeba-4031-86c9-c1889906b490,CAT-VLV,NEAR_DUPLICATE,CPI-SYN-942065,NEC-SYN-517398,Missing text attribute but same MPN
fc633053-3b6c-4af8-a119-3d244929c1e7,CAT-GSK,NEAR_DUPLICATE,GME-SYN-454220,BUS-SYN-198681,Missing text attribute but same MPN
2d352918-2b1b-4c56-96bc-b77ac76ac580,CAT-PIP,NEAR_DUPLICATE,BUS-SYN-604089,NEC-SYN-945670,Missing text attribute but same MPN
11c3d152-69c6-4c24-91d8-87a361f6f9cd,CAT-FST,NEAR_DUPLICATE,BUS-SYN-926840,GME-SYN-202040,Missing text attribute but same MPN
a00b2df9-4877-4033-a7dd-20a1232801e2,CAT-LUB,NEAR_DUPLICATE,AHM-SYN-164261,CPI-SYN-406822,Missing text attribute but same MPN
01770694-c687-49b6-a462-5ca069527f08,CAT-FLG,NEAR_DUPLICATE,NEC-SYN-426358,GME-SYN-284368,Missing text attribute but same MPN
dcc93cf2-ce85-4c7e-9d26-b76a8c2b1fa7,CAT-CBL,NEAR_DUPLICATE,GME-SYN-649903,BUS-SYN-126719,Missing text attribute but same MPN
60d79ab6-ebc4-4487-bc98-ac904f3c9410,CAT-PPE,NEAR_DUPLICATE,CPI-SYN-714770,BUS-SYN-689093,Missing text attribute but same MPN
bb67fc8d-e383-40ad-a1d2-cdacc521ddb4,CAT-PPE,NEAR_DUPLICATE,NEC-SYN-100413,GME-SYN-248682,Missing text attribute but same MPN
bc966f1a-6221-4e9c-b3c2-e5a51965b9ea,CAT-GSK,NEAR_DUPLICATE,BUS-SYN-520666,CPI-SYN-641388,Missing text attribute but same MPN
7fe3bc33-a83b-4b86-9216-bc18d2bd95c4,CAT-ELC,NEAR_DUPLICATE,NEC-SYN-863522,AHM-SYN-301357,Missing text attribute but same MPN
7702d152-1353-4649-879b-1a3a5525c59b,CAT-VLV,NEAR_DUPLICATE,NEC-SYN-323878,BUS-SYN-120789,Missing text attribute but same MPN
feadfec5-5b0c-4134-8ca0-27a51ab631d2,CAT-FST,NEAR_DUPLICATE,BUS-SYN-893078,GME-SYN-848180,Missing text attribute but same MPN
8b85effa-fa01-43ae-8908-c14fae45d929,CAT-LUB,NEAR_DUPLICATE,BUS-SYN-577074,GME-SYN-103717,Missing text attribute but same MPN
40067d72-f037-4325-8c0d-e6a987626f95,CAT-CBL,NEAR_DUPLICATE,NEC-SYN-249905,GME-SYN-149086,Missing text attribute but same MPN
3172e786-7465-4104-a309-a5e16362c2a1,CAT-PIP,NEAR_DUPLICATE,NEC-SYN-259560,NEC-SYN-191782,Missing text attribute but same MPN
179a6438-0bfc-4f3a-817e-2da658d2180f,CAT-BRG,NEAR_DUPLICATE,NEC-SYN-927463,GME-SYN-783669,Missing text attribute but same MPN
17501a08-cf53-4f62-9b93-3d2b6a8ab9d0,CAT-GSK,NEAR_DUPLICATE,BUS-SYN-282911,BUS-SYN-174046,Missing text attribute but same MPN
e7e94c39-404d-4830-bccc-f46849a326ef,CAT-PIP,NEAR_DUPLICATE,CPI-SYN-767969,AHM-SYN-529090,Missing text attribute but same MPN
01fc7b65-e8a7-455e-a4e4-14f4f01318ff,CAT-BRG,NEAR_DUPLICATE,GME-SYN-702244,NEC-SYN-555943,Missing text attribute but same MPN
c21c9504-97d0-408a-bbc3-dec3b1dd8fca,CAT-BRG,NEAR_DUPLICATE,GME-SYN-322808,AHM-SYN-681894,Missing text attribute but same MPN
8c669fa9-f27e-4e9f-a6be-4ebdd9fde050,CAT-PMP,NEAR_DUPLICATE,NEC-SYN-352488,CPI-SYN-669917,Missing text attribute but same MPN
23a0841f-9755-43f9-933d-f4877469c904,CAT-ELC,NEAR_DUPLICATE,AHM-SYN-137700,CPI-SYN-810460,Missing text attribute but same MPN
d3264835-b44a-4af1-8691-519833bb33ca,CAT-PPE,NEAR_DUPLICATE,CPI-SYN-491965,CPI-SYN-622592,Missing text attribute but same MPN
0badf153-e793-40ac-9af1-44d2265a0b34,CAT-PPE,NEAR_DUPLICATE,AHM-SYN-777387,NEC-SYN-763670,Missing text attribute but same MPN
9670ea34-e7d4-4d16-8cc9-3ad74e32b9c2,CAT-ELC,NEAR_DUPLICATE,BUS-SYN-848982,GME-SYN-718075,Missing text attribute but same MPN
453b1098-7799-4652-aecc-72ea009f4eb0,CAT-BRG,NEAR_DUPLICATE,BUS-SYN-217220,NEC-SYN-207095,Missing text attribute but same MPN
c0b0f9b5-0782-4394-bb7b-eacbbe187eda,CAT-PPE,NEAR_DUPLICATE,BUS-SYN-503574,GME-SYN-136567,Missing text attribute but same MPN
78bd223e-fc00-4135-b13f-fb06e6d0e49a,CAT-FST,NEAR_DUPLICATE,GME-SYN-445862,BUS-SYN-104671,Missing text attribute but same MPN
0ce7d848-0d1b-4393-8edf-c3ef90f5b39d,CAT-PIP,NEAR_DUPLICATE,GME-SYN-197022,GME-SYN-378299,Missing text attribute but same MPN
af260371-fa41-4dae-9461-78371c48f73f,CAT-VLV,NEAR_DUPLICATE,CPI-SYN-721138,GME-SYN-500003,Missing text attribute but same MPN
59427d26-8924-4e73-89d7-69cf9f91eeb1,CAT-MTR,NEAR_DUPLICATE,AHM-SYN-204777,AHM-SYN-498749,Missing text attribute but same MPN
642df2fe-09fe-4458-9391-4602f1d084f4,CAT-PIP,NEAR_DUPLICATE,NEC-SYN-723852,GME-SYN-613380,Missing text attribute but same MPN
4a9ce093-31b6-4504-b1d9-0311a1033b88,CAT-MTR,NEAR_DUPLICATE,GME-SYN-515566,GME-SYN-666489,Missing text attribute but same MPN
f5ad6f30-3685-4f3b-a25e-002675ab9e81,CAT-BRG,NEAR_DUPLICATE,CPI-SYN-351792,BUS-SYN-940406,Missing text attribute but same MPN
94261abe-c9f4-422a-8731-9dccdb36caad,CAT-ELC,NEAR_DUPLICATE,BUS-SYN-466724,BUS-SYN-930350,Missing text attribute but same MPN
f0210382-2866-4fdc-aa9a-7895955cffc1,CAT-MTR,NEAR_DUPLICATE,BUS-SYN-958156,GME-SYN-223381,Missing text attribute but same MPN
4c9dbd30-5a1b-4afc-92f7-c4c431c96795,CAT-FST,NEAR_DUPLICATE,NEC-SYN-681817,NEC-SYN-115709,Missing text attribute but same MPN
9754735d-cc6b-46d2-a942-db7aadd148d1,CAT-VLV,NEAR_DUPLICATE,BUS-SYN-207513,GME-SYN-902670,Missing text attribute but same MPN
8a46e5cb-d9c6-48ff-89b1-309436773119,CAT-PPE,NEAR_DUPLICATE,NEC-SYN-861768,BUS-SYN-147703,Missing text attribute but same MPN
dbaa5806-7988-4cdd-8974-5790479213f7,CAT-FLG,NEAR_DUPLICATE,GME-SYN-463359,GME-SYN-728639,Missing text attribute but same MPN
55071361-ba06-4160-9ff7-190751d685a9,CAT-ELC,NEAR_DUPLICATE,AHM-SYN-589178,CPI-SYN-243738,Missing text attribute but same MPN
c7660ee8-8424-4654-8233-1a5818f1315d,CAT-GSK,NEAR_DUPLICATE,NEC-SYN-463649,AHM-SYN-124334,Missing text attribute but same MPN
0ba1be71-d535-4282-9a5e-94f15cb102f5,CAT-PIP,NEAR_DUPLICATE,BUS-SYN-604907,NEC-SYN-321633,Missing text attribute but same MPN
5ce6fc5b-56dc-430a-a839-62b95a32ef0c,CAT-FST,NEAR_DUPLICATE,CPI-SYN-254053,CPI-SYN-166229,Missing text attribute but same MPN
1609e941-4086-4739-b109-727e2ab88a4e,CAT-GSK,NEAR_DUPLICATE,AHM-SYN-867803,BUS-SYN-185050,Missing text attribute but same MPN
d6fb2e63-710d-4db4-8ab0-f743a2ecf4b2,CAT-PPE,NEAR_DUPLICATE,AHM-SYN-547968,GME-SYN-290604,Missing text attribute but same MPN
c4a87621-48ef-4159-84fb-54a20e443dce,CAT-CBL,NEAR_DUPLICATE,CPI-SYN-833894,CPI-SYN-589511,Missing text attribute but same MPN
4266eb56-6852-439f-8f81-2614676bfdf7,CAT-FST,NEAR_DUPLICATE,GME-SYN-742104,BUS-SYN-836901,Missing text attribute but same MPN
6efae46d-6da3-42e5-af38-87dc4208bfac,CAT-ELC,NEAR_DUPLICATE,BUS-SYN-646711,BUS-SYN-743295,Missing text attribute but same MPN
faf5a5d9-c3fa-4609-b51a-c577f5962be3,CAT-BRG,NEAR_DUPLICATE,NEC-SYN-983879,NEC-SYN-997940,Missing text attribute but same MPN
67de06d6-6d4a-4b78-a23a-afc3cd2310ab,CAT-PMP,NEAR_DUPLICATE,GME-SYN-157970,NEC-SYN-950261,Missing text attribute but same MPN
36f01b32-ed29-4886-9bdb-b376b9ff4cbe,CAT-PPE,NEAR_DUPLICATE,NEC-SYN-834073,GME-SYN-963215,Missing text attribute but same MPN
7d5d0b9d-d61b-45d8-8316-71c651de0bea,CAT-VLV,NEAR_DUPLICATE,BUS-SYN-705933,AHM-SYN-886557,Missing text attribute but same MPN
a14050e2-e209-4a15-a99f-beae334ddefa,CAT-MTR,NEAR_DUPLICATE,AHM-SYN-236299,CPI-SYN-596564,Missing text attribute but same MPN
64fd572d-91cc-4a4d-b1df-5430b6644c26,CAT-INS,NEAR_DUPLICATE,CPI-SYN-498128,BUS-SYN-274057,Missing text attribute but same MPN
5fad80d0-cf10-42dd-8315-9d572e8cd51e,CAT-MTR,NEAR_DUPLICATE,AHM-SYN-504029,GME-SYN-857790,Missing text attribute but same MPN
4663b6ff-b8d7-4b89-b047-958e2b976aa5,CAT-CBL,NEAR_DUPLICATE,AHM-SYN-472495,GME-SYN-461324,Missing text attribute but same MPN
a601b5f2-7be8-4374-ae05-6dc2b07914c0,CAT-LUB,NEAR_DUPLICATE,NEC-SYN-970696,NEC-SYN-897513,Missing text attribute but same MPN
82bae73e-31b6-4920-a37d-c6b96b506faa,CAT-ELC,NEAR_DUPLICATE,AHM-SYN-649164,AHM-SYN-331931,Missing text attribute but same MPN
3d47521f-dd6a-406a-aafb-b8fc590d473d,CAT-PPE,NEAR_DUPLICATE,GME-SYN-740330,BUS-SYN-652185,Missing text attribute but same MPN
28cc6763-e361-499f-a58c-acbc9e2a47db,CAT-MTR,NEAR_DUPLICATE,BUS-SYN-777253,NEC-SYN-877335,Missing text attribute but same MPN
1ba70141-2b71-4778-a215-a470338f2eda,CAT-INS,NEAR_DUPLICATE,GME-SYN-523797,CPI-SYN-338458,Missing text attribute but same MPN
865671cd-5e43-4077-bf48-e74e61f5369d,CAT-FST,NEAR_DUPLICATE,CPI-SYN-919800,GME-SYN-427043,Missing text attribute but same MPN
c0c04050-838b-482e-bba0-922bf430609e,CAT-PMP,NEAR_DUPLICATE,AHM-SYN-749680,AHM-SYN-863917,Missing text attribute but same MPN
b3765efc-60f2-4090-b951-c02dd062480c,CAT-MTR,NEAR_DUPLICATE,GME-SYN-761874,BUS-SYN-650109,Missing text attribute but same MPN
bf4e3ab6-3a5b-4dd7-a88a-3b81e88347c1,CAT-PMP,NEAR_DUPLICATE,BUS-SYN-798346,BUS-SYN-220345,Missing text attribute but same MPN
96f7bb46-760f-4d8d-be1e-4963007869e7,CAT-PMP,NEAR_DUPLICATE,AHM-SYN-841455,NEC-SYN-721006,Missing text attribute but same MPN
f5296f8b-302a-4960-8452-642a930376f6,CAT-LUB,NEAR_DUPLICATE,NEC-SYN-285403,AHM-SYN-255392,Missing text attribute but same MPN
124f8203-1123-4da2-9097-d033b3cc56db,CAT-PIP,NEAR_DUPLICATE,AHM-SYN-551784,GME-SYN-909045,Missing text attribute but same MPN
b4d5ca89-61a1-4066-82d5-d678a735c42a,CAT-PMP,NEAR_DUPLICATE,AHM-SYN-830998,BUS-SYN-959118,Missing text attribute but same MPN
67e0f318-1b2c-433d-9a31-6265f014efc1,CAT-VLV,NEAR_DUPLICATE,GME-SYN-128892,GME-SYN-770814,Missing text attribute but same MPN
47cd39c3-9e55-4e5d-92f4-4f8f5a0ee4b1,CAT-ELC,NEAR_DUPLICATE,AHM-SYN-861756,BUS-SYN-764281,Missing text attribute but same MPN
a85cb7b9-2d05-4cfe-91d5-be0d57ba5739,CAT-INS,NEAR_DUPLICATE,CPI-SYN-834006,AHM-SYN-343846,Missing text attribute but same MPN
a30e05d4-9628-4984-b678-84236bcce4ce,CAT-MTR,NEAR_DUPLICATE,BUS-SYN-253125,GME-SYN-145265,Missing text attribute but same MPN
436f2af6-edd1-4c30-946f-8578922c3e94,CAT-LUB,NEAR_DUPLICATE,CPI-SYN-595039,BUS-SYN-301219,Missing text attribute but same MPN
4711c497-7cf4-4dcd-9acc-67380d296fe8,CAT-PPE,NEAR_DUPLICATE,NEC-SYN-715289,BUS-SYN-171905,Missing text attribute but same MPN
0a7da9de-a884-4cbb-8555-f1c5a0ffa5a1,CAT-GSK,NEAR_DUPLICATE,NEC-SYN-394285,GME-SYN-597742,Missing text attribute but same MPN
96f076f5-40fd-4160-bbad-7e6ac46a0e56,CAT-FLG,NEAR_DUPLICATE,AHM-SYN-298029,GME-SYN-613850,Missing text attribute but same MPN
90395185-cb1c-47dc-9c37-9bd3da7ef8fc,CAT-CBL,NEAR_DUPLICATE,GME-SYN-981713,NEC-SYN-781889,Missing text attribute but same MPN
d36f1675-6abb-4737-8b58-d70d06fa1d97,CAT-LUB,NEAR_DUPLICATE,AHM-SYN-888710,AHM-SYN-106987,Missing text attribute but same MPN
ff59cc5d-f624-4359-b778-d70936ada727,CAT-PIP,NEAR_DUPLICATE,GME-SYN-599204,NEC-SYN-664542,Missing text attribute but same MPN
5f72e716-6f7b-4b99-8513-cee2ba743350,CAT-PPE,NEAR_DUPLICATE,NEC-SYN-379226,AHM-SYN-436100,Missing text attribute but same MPN
a370d751-3b87-4e1f-a45e-6fdb95bb0237,CAT-FLG,NEAR_DUPLICATE,CPI-SYN-525707,CPI-SYN-566602,Missing text attribute but same MPN
43133e45-092f-4837-a59d-5936eaccb632,CAT-FLG,NEAR_DUPLICATE,GME-SYN-655007,CPI-SYN-376650,Missing text attribute but same MPN
8c67cc0e-44be-4a5a-b2dd-ba8454a5f98a,CAT-BRG,NEAR_DUPLICATE,CPI-SYN-674776,BUS-SYN-770558,Missing text attribute but same MPN
f37b21a9-6949-459e-af25-0a90362e54b9,CAT-CBL,NEAR_DUPLICATE,BUS-SYN-568951,AHM-SYN-760699,Missing text attribute but same MPN
17cef387-8200-4fc0-9e9b-44ff195a3ff0,CAT-PIP,NEAR_DUPLICATE,CPI-SYN-334689,AHM-SYN-866098,Missing text attribute but same MPN
4a62dca1-feb1-41c6-9d3e-ffd451a3749d,CAT-GSK,NEAR_DUPLICATE,CPI-SYN-627738,BUS-SYN-425675,Missing text attribute but same MPN
1d56a890-a7c1-4c11-afa4-afcedefd9bbe,CAT-PIP,NEAR_DUPLICATE,GME-SYN-418908,NEC-SYN-730795,Missing text attribute but same MPN
44720323-76da-4b6a-8133-3bec971e85fa,CAT-INS,NEAR_DUPLICATE,AHM-SYN-185852,GME-SYN-289269,Missing text attribute but same MPN
1ca682fa-7a23-451e-9ff0-8f6f23d94a41,CAT-PMP,NEAR_DUPLICATE,CPI-SYN-500903,CPI-SYN-541543,Missing text attribute but same MPN
c1957255-af49-4aa3-bde2-a697e97ad774,CAT-FLG,NEAR_DUPLICATE,AHM-SYN-769468,GME-SYN-296898,Missing text attribute but same MPN
fb6d2954-4ff6-4346-af30-b701f276f281,CAT-PMP,NEAR_DUPLICATE,NEC-SYN-190285,NEC-SYN-483932,Missing text attribute but same MPN
ffc90c47-b9a6-46ba-8467-92ea29d52669,CAT-GSK,NEAR_DUPLICATE,NEC-SYN-384045,AHM-SYN-897814,Missing text attribute but same MPN
bd690cf6-f7a3-490c-be3b-a3dbe0bf5e17,CAT-PPE,NEAR_DUPLICATE,NEC-SYN-601696,CPI-SYN-724996,Missing text attribute but same MPN
72b1be1e-cc2d-4cd0-abc1-09c0c173b779,CAT-PPE,NEAR_DUPLICATE,CPI-SYN-592990,NEC-SYN-864121,Missing text attribute but same MPN
237d8c54-4f6c-47df-95ee-0d74e83405da,CAT-PMP,NEAR_DUPLICATE,NEC-SYN-857893,BUS-SYN-101693,Missing text attribute but same MPN
5aed6c46-814d-42a2-bb20-63e7d9863364,CAT-GSK,NEAR_DUPLICATE,GME-SYN-924301,GME-SYN-601343,Missing text attribute but same MPN
5c1aa889-3dee-4108-819e-8dca8e3acaf7,CAT-INS,NEAR_DUPLICATE,NEC-SYN-194423,BUS-SYN-378540,Missing text attribute but same MPN
4013f20d-880f-480c-a694-7831863c5a40,CAT-INS,NEAR_DUPLICATE,AHM-SYN-463651,AHM-SYN-956428,Missing text attribute but same MPN
021a7a22-af6c-47b0-9cf4-75a57c161e0f,CAT-MTR,NEAR_DUPLICATE,GME-SYN-295023,NEC-SYN-315672,Missing text attribute but same MPN
03e51e37-5ddd-4a67-aeb3-995485eef5ab,CAT-CBL,NEAR_DUPLICATE,BUS-SYN-536202,AHM-SYN-693864,Missing text attribute but same MPN
7860c053-826c-4640-9698-25cd37992b98,CAT-GSK,NEAR_DUPLICATE,NEC-SYN-972090,NEC-SYN-841892,Missing text attribute but same MPN
6091733d-072c-44c0-aded-1625c26159de,CAT-PMP,NEAR_DUPLICATE,NEC-SYN-381618,NEC-SYN-337731,Missing text attribute but same MPN
a8609348-2541-46d6-b815-4964603c1b74,CAT-VLV,NEAR_DUPLICATE,GME-SYN-638642,BUS-SYN-956100,Missing text attribute but same MPN
41e5dd21-f527-48d3-906e-420814c6ef24,CAT-PMP,NEAR_DUPLICATE,CPI-SYN-325685,AHM-SYN-243352,Missing text attribute but same MPN
ab69f674-0719-42d4-b49c-8b2cfb60b145,CAT-PMP,NEAR_DUPLICATE,AHM-SYN-438374,GME-SYN-799707,Missing text attribute but same MPN
6e4b5bb5-42d7-40a7-8380-e27f3ddd03de,CAT-MTR,NEAR_DUPLICATE,NEC-SYN-254329,CPI-SYN-585477,Missing text attribute but same MPN
c05ccda9-aa55-447a-bece-82f3fdab65e0,CAT-CBL,NEAR_DUPLICATE,AHM-SYN-148921,CPI-SYN-736908,Missing text attribute but same MPN
134f8f42-8d19-4946-9152-3308984a4cf2,CAT-GSK,NEAR_DUPLICATE,CPI-SYN-852298,CPI-SYN-574239,Missing text attribute but same MPN
a8b59493-8e7a-4aa4-9400-db5ebc48f895,CAT-GSK,NEAR_DUPLICATE,AHM-SYN-231614,GME-SYN-388606,Missing text attribute but same MPN
92573543-7d89-4ed7-8b06-a20e22488930,CAT-LUB,NEAR_DUPLICATE,AHM-SYN-207346,AHM-SYN-653909,Missing text attribute but same MPN
d3662d27-48ee-45d2-b58e-a552b44c3966,CAT-ELC,NEAR_DUPLICATE,GME-SYN-952427,BUS-SYN-856539,Missing text attribute but same MPN
f5b4456e-74c1-4b2d-a0d2-b1dfd669bb22,CAT-BRG,NEAR_DUPLICATE,CPI-SYN-638553,GME-SYN-171480,Missing text attribute but same MPN
5de5f805-ec18-4cdd-94a3-14c2b3dce5fc,CAT-FLG,NEAR_DUPLICATE,BUS-SYN-237879,BUS-SYN-109235,Missing text attribute but same MPN
76fcb39a-f039-4718-8896-80925487f1c8,CAT-GSK,NEAR_DUPLICATE,CPI-SYN-198960,AHM-SYN-545422,Missing text attribute but same MPN
2786fdf7-f0bb-47e2-8319-a29ef9a65862,CAT-CBL,NEAR_DUPLICATE,NEC-SYN-246769,AHM-SYN-390978,Missing text attribute but same MPN
4a348931-2c52-470d-8fdd-8db0dcd0164f,CAT-ELC,NEAR_DUPLICATE,NEC-SYN-246820,AHM-SYN-151424,Missing text attribute but same MPN
01b6c3af-b846-4b42-a7e6-9215cfcc7c4a,CAT-FLG,NEAR_DUPLICATE,CPI-SYN-393002,GME-SYN-295516,Missing text attribute but same MPN
fcf31bcc-a269-46fe-9e8f-addb6df763bd,CAT-PIP,NEAR_DUPLICATE,GME-SYN-677266,CPI-SYN-861246,Missing text attribute but same MPN
2247a7d1-23e4-4396-acf5-b8d3d0a5160d,CAT-PMP,NEAR_DUPLICATE,GME-SYN-421127,NEC-SYN-567346,Missing text attribute but same MPN
3747144c-2308-49aa-b8b5-97683aa2ba97,CAT-ELC,NEAR_DUPLICATE,AHM-SYN-335341,CPI-SYN-916617,Missing text attribute but same MPN
6b8801b5-04bf-4862-a799-c210b1734d7f,CAT-BRG,NEAR_DUPLICATE,NEC-SYN-784515,GME-SYN-190600,Missing text attribute but same MPN
58f6849e-565d-45ca-aaef-7c2a47f6ae95,CAT-FST,NEAR_DUPLICATE,NEC-SYN-808785,BUS-SYN-387408,Missing text attribute but same MPN
3b98da13-7d85-4311-ae4e-bc3dcca132a2,CAT-PIP,NEAR_DUPLICATE,GME-SYN-514544,BUS-SYN-466795,Missing text attribute but same MPN
b6603993-52e3-43aa-8753-e0439c8d87fa,CAT-PPE,NEAR_DUPLICATE,GME-SYN-557909,AHM-SYN-896251,Missing text attribute but same MPN
2179291a-46e8-4fd9-b51e-afbd4b601c56,CAT-PPE,NEAR_DUPLICATE,CPI-SYN-730192,GME-SYN-642096,Missing text attribute but same MPN
c9ba5213-ee69-411d-89ae-38867dbfcff4,CAT-FST,NEAR_DUPLICATE,CPI-SYN-248094,BUS-SYN-365105,Missing text attribute but same MPN
955cb810-2b00-4b3e-9a60-80ce371ea2e7,CAT-LUB,NEAR_DUPLICATE,NEC-SYN-673205,NEC-SYN-919042,Missing text attribute but same MPN
18760e03-bcb5-47ae-861e-2e53f6e28615,CAT-ELC,NEAR_DUPLICATE,CPI-SYN-779663,GME-SYN-602335,Missing text attribute but same MPN
1392ad65-c585-4eb7-90b2-27078663a00b,CAT-LUB,NEAR_DUPLICATE,GME-SYN-103615,AHM-SYN-704826,Missing text attribute but same MPN
e2ddf3d1-b95c-4235-99a9-c53c92a5725d,CAT-BRG,NEAR_DUPLICATE,AHM-SYN-777256,CPI-SYN-568755,Missing text attribute but same MPN
d20c6870-8001-4556-9dc0-56dd56481f1c,CAT-MTR,NEAR_DUPLICATE,BUS-SYN-622276,BUS-SYN-261913,Missing text attribute but same MPN
fc5c538c-969a-4b34-8c38-ad9e4b9c2cc0,CAT-LUB,NEAR_DUPLICATE,GME-SYN-476262,NEC-SYN-379909,Missing text attribute but same MPN
79437253-3595-455e-a82e-463decd3c5d2,CAT-PPE,NEAR_DUPLICATE,BUS-SYN-533759,NEC-SYN-219817,Missing text attribute but same MPN
2da26dde-71c9-41fd-a328-95cb324bbdd0,CAT-MTR,NEAR_DUPLICATE,GME-SYN-367596,NEC-SYN-123307,Missing text attribute but same MPN
1e56ade5-28b0-4084-902d-114dad85eee9,CAT-FLG,NEAR_DUPLICATE,NEC-SYN-746971,CPI-SYN-357761,Missing text attribute but same MPN
04331d66-9cd5-415f-bfc6-f16befada57d,CAT-MTR,NEAR_DUPLICATE,NEC-SYN-148148,BUS-SYN-657812,Missing text attribute but same MPN
88a78969-5b5b-4649-8548-47ac7bc53fb5,CAT-PPE,NEAR_DUPLICATE,CPI-SYN-677364,GME-SYN-847849,Missing text attribute but same MPN
0c5572ac-acdc-4aa9-8bfe-956d3ab5ae9c,CAT-PMP,NEAR_DUPLICATE,GME-SYN-960725,CPI-SYN-122580,Missing text attribute but same MPN
ce8bc9be-6ed8-4ed7-86bc-9e73b7535110,CAT-PPE,NEAR_DUPLICATE,NEC-SYN-697092,AHM-SYN-779964,Missing text attribute but same MPN
ff96d502-1621-4d19-94f2-0258665da35c,CAT-VLV,NEAR_DUPLICATE,AHM-SYN-737628,CPI-SYN-727716,Missing text attribute but same MPN
147a4c23-efa9-4005-b366-ab4b509bc971,CAT-PIP,NEAR_DUPLICATE,AHM-SYN-520945,CPI-SYN-117089,Missing text attribute but same MPN
f04a8805-3cf8-4e7e-b6ca-81642d0cc56f,CAT-GSK,NEAR_DUPLICATE,BUS-SYN-225040,GME-SYN-620244,Missing text attribute but same MPN
b64df552-b2ba-4c16-b239-04084a182e7c,CAT-FST,NEAR_DUPLICATE,AHM-SYN-381976,NEC-SYN-387235,Missing text attribute but same MPN
a80ab047-1466-493a-8e90-56682ae7c5f1,CAT-INS,NEAR_DUPLICATE,CPI-SYN-961092,CPI-SYN-847570,Missing text attribute but same MPN
943b97b1-e945-4452-a32f-f50049df6164,CAT-GSK,NEAR_DUPLICATE,GME-SYN-905737,AHM-SYN-132071,Missing text attribute but same MPN
a62fd617-92ce-4648-8f1e-668f63febf9d,CAT-CBL,NEAR_DUPLICATE,CPI-SYN-563399,CPI-SYN-893985,Missing text attribute but same MPN
a92ec581-0e97-458e-88a9-ab9ffb1caf3e,CAT-BRG,NEAR_DUPLICATE,CPI-SYN-924562,AHM-SYN-787330,Missing text attribute but same MPN
dea57ee4-fb9a-4fb3-a078-3dfc0359c82c,CAT-ELC,NEAR_DUPLICATE,GME-SYN-973523,NEC-SYN-443079,Missing text attribute but same MPN
54358de4-0af5-48d0-a4e9-4d499e4e2bcd,CAT-PMP,NEAR_DUPLICATE,AHM-SYN-752028,GME-SYN-937603,Missing text attribute but same MPN
c83de998-0022-470a-8526-6c029b96525f,CAT-PMP,NEAR_DUPLICATE,CPI-SYN-637242,BUS-SYN-244705,Missing text attribute but same MPN
f4af8e8b-d668-408e-93a8-c1076217808a,CAT-GSK,NEAR_DUPLICATE,BUS-SYN-967836,BUS-SYN-361966,Missing text attribute but same MPN
737b19c1-2b20-4667-9f5c-6df068e77c68,CAT-FLG,NEAR_DUPLICATE,NEC-SYN-224400,BUS-SYN-361891,Missing text attribute but same MPN
9f1e885b-5cbc-4be6-8e4c-4c751605541e,CAT-CBL,NEAR_DUPLICATE,BUS-SYN-804333,AHM-SYN-308438,Missing text attribute but same MPN
2f1b31cd-5a97-496c-bc33-a03ed36a8247,CAT-PIP,NEAR_DUPLICATE,NEC-SYN-747488,CPI-SYN-940721,Missing text attribute but same MPN
36531718-481e-4480-93eb-d681bcb3f265,CAT-PMP,NEAR_DUPLICATE,GME-SYN-427568,AHM-SYN-492028,Missing text attribute but same MPN
d1de2bae-885e-49e2-a5bb-876901506940,CAT-MTR,NEAR_DUPLICATE,AHM-SYN-860825,CPI-SYN-731288,Missing text attribute but same MPN
ff8dbd58-2b6a-405c-a51e-3624fa963d7c,CAT-VLV,NEAR_DUPLICATE,NEC-SYN-863395,CPI-SYN-142978,Missing text attribute but same MPN
7b6c8266-0d36-445e-acd8-ffe3e7a5a388,CAT-FST,NEAR_DUPLICATE,CPI-SYN-684993,BUS-SYN-454847,Missing text attribute but same MPN
2c19f1f4-b61c-491d-965c-a2901aaa9901,CAT-INS,NEAR_DUPLICATE,NEC-SYN-544725,AHM-SYN-101246,Missing text attribute but same MPN
a6226fd2-8f99-4040-83a1-84849488412f,CAT-CBL,NEAR_DUPLICATE,AHM-SYN-162207,BUS-SYN-800851,Missing text attribute but same MPN
ef605d84-84ec-409e-8e4d-26917137ba66,CAT-PMP,NEAR_DUPLICATE,GME-SYN-839898,GME-SYN-991594,Missing text attribute but same MPN
7fc5901e-5bd3-41de-8fd7-2d5b22ad9d70,CAT-BRG,NEAR_DUPLICATE,BUS-SYN-814205,BUS-SYN-880629,Missing text attribute but same MPN
c3fb2278-0ae1-49a1-a959-f7bcd8046712,CAT-BRG,NEAR_DUPLICATE,GME-SYN-450349,BUS-SYN-381684,Missing text attribute but same MPN
5e2eb837-c024-4680-a52c-1bf608b6d6cb,CAT-PPE,NEAR_DUPLICATE,AHM-SYN-507837,GME-SYN-551837,Missing text attribute but same MPN
7d594d14-ea24-4efc-ad81-5c34579cdf10,CAT-FST,NEAR_DUPLICATE,GME-SYN-802019,AHM-SYN-450017,Missing text attribute but same MPN
821fe279-d127-4e81-9e01-7fc728fd1cfc,CAT-PMP,NEAR_DUPLICATE,CPI-SYN-501314,AHM-SYN-344629,Missing text attribute but same MPN
53f95619-78ca-443b-8398-e1ce27c90f67,CAT-VLV,NEAR_DUPLICATE,BUS-SYN-594493,NEC-SYN-793625,Missing text attribute but same MPN
decf9d37-ce95-48a2-a38a-69e049f8956b,CAT-LUB,NEAR_DUPLICATE,CPI-SYN-800276,BUS-SYN-255682,Missing text attribute but same MPN
f8747755-ee88-493a-bfdc-c0a0ad2f20b4,CAT-GSK,NEAR_DUPLICATE,GME-SYN-198010,GME-SYN-537208,Missing text attribute but same MPN
e7c3ccfc-78c4-4392-a28c-38ea201e8434,CAT-ELC,NEAR_DUPLICATE,GME-SYN-861920,AHM-SYN-305410,Missing text attribute but same MPN
b8098502-c5c9-4130-b392-72b679579cf8,CAT-PPE,NEAR_DUPLICATE,BUS-SYN-690904,GME-SYN-205003,Missing text attribute but same MPN
11dc4c68-f28c-42b9-aefb-846e37dec646,CAT-FLG,NEAR_DUPLICATE,AHM-SYN-148948,BUS-SYN-929896,Missing text attribute but same MPN
1139e116-2b11-40a4-b59a-d2b0f1f0b84a,CAT-FST,NEAR_DUPLICATE,BUS-SYN-359506,NEC-SYN-558761,Missing text attribute but same MPN
5e102682-4efc-48db-a9a3-6a9bc67c965a,CAT-CBL,NEAR_DUPLICATE,AHM-SYN-118782,CPI-SYN-591930,Missing text attribute but same MPN
78b4bb48-4a04-4e6f-b0d3-bc8682048a8c,CAT-MTR,NEAR_DUPLICATE,GME-SYN-556934,BUS-SYN-359047,Missing text attribute but same MPN
adab1304-5630-4959-aa9b-a0c917d5ab11,CAT-FST,NEAR_DUPLICATE,BUS-SYN-703484,GME-SYN-851464,Missing text attribute but same MPN
145251ba-f91d-4d6a-936b-1112fd17d0ee,CAT-CBL,NEAR_DUPLICATE,CPI-SYN-527113,GME-SYN-801318,Missing text attribute but same MPN
f45fdd6b-7ef7-47fb-ab66-6e0dd5e0941c,CAT-FLG,NEAR_DUPLICATE,NEC-SYN-304513,NEC-SYN-869877,Missing text attribute but same MPN
27713c83-2bbe-4094-bad7-0f154b6e32bc,CAT-LUB,NEAR_DUPLICATE,CPI-SYN-500225,AHM-SYN-851316,Missing text attribute but same MPN
1f08e064-8945-4450-9a69-e5fd4ca7d691,CAT-MTR,NEAR_DUPLICATE,NEC-SYN-444295,BUS-SYN-205677,Missing text attribute but same MPN
d0bef481-5289-4060-8763-364d801d6c3c,CAT-MTR,NEAR_DUPLICATE,AHM-SYN-513820,NEC-SYN-797807,Missing text attribute but same MPN
46129fe1-f7b6-46f7-8fdd-b7598fc20fe8,CAT-MTR,NEAR_DUPLICATE,BUS-SYN-570366,BUS-SYN-997706,Missing text attribute but same MPN
4a132a2c-992c-47ad-a1b8-e7fafbbddd0e,CAT-PIP,NEAR_DUPLICATE,GME-SYN-202751,AHM-SYN-333382,Missing text attribute but same MPN
52669de4-a904-4f99-86ed-98eb895c1909,CAT-PMP,NEAR_DUPLICATE,AHM-SYN-727215,AHM-SYN-966811,Missing text attribute but same MPN
e48e87d4-c90d-4031-8da5-9c6cdbf8310a,CAT-VLV,NEAR_DUPLICATE,NEC-SYN-103637,CPI-SYN-429069,Missing text attribute but same MPN
84417925-7512-42dc-9491-039c2da7da3c,CAT-PIP,NEAR_DUPLICATE,NEC-SYN-780140,NEC-SYN-899549,Missing text attribute but same MPN
c0f66321-f175-44d5-bfb7-5521a70f98c2,CAT-GSK,NEAR_DUPLICATE,GME-SYN-126456,CPI-SYN-640122,Missing text attribute but same MPN
28d5d932-04f3-4d65-b8a4-c569f188ee7a,CAT-PMP,NEAR_DUPLICATE,NEC-SYN-786394,GME-SYN-675933,Missing text attribute but same MPN
de58b3f2-cf82-47cd-a4f3-f34c22a93369,CAT-PMP,NEAR_DUPLICATE,CPI-SYN-919281,GME-SYN-356308,Missing text attribute but same MPN
2e49c62f-4216-4a05-87ce-b3cc554c0113,CAT-FST,NEAR_DUPLICATE,AHM-SYN-541252,AHM-SYN-208713,Missing text attribute but same MPN
df154d65-03a3-442a-9b45-6c42c0a6224b,CAT-ELC,NEAR_DUPLICATE,NEC-SYN-140272,CPI-SYN-143143,Missing text attribute but same MPN
4e21bd70-8afe-48f1-bff3-d693465eebef,CAT-CBL,NEAR_DUPLICATE,BUS-SYN-543265,CPI-SYN-290677,Missing text attribute but same MPN
ec51d2f8-3259-4ce2-82ba-99fc493f096a,CAT-PPE,NEAR_DUPLICATE,AHM-SYN-670226,BUS-SYN-453753,Missing text attribute but same MPN
0eeef6fd-8e60-4bd7-877f-b59afb8c898a,CAT-CBL,NEAR_DUPLICATE,NEC-SYN-725648,NEC-SYN-562667,Missing text attribute but same MPN
008802f6-d5d9-427a-9d1c-a3e3359bc5e8,CAT-MTR,NEAR_DUPLICATE,CPI-SYN-343573,GME-SYN-627280,Missing text attribute but same MPN
95cc4130-1208-479e-beaf-b2a8c70e0bff,CAT-PPE,NEAR_DUPLICATE,AHM-SYN-603171,BUS-SYN-556802,Missing text attribute but same MPN
07770eb1-abeb-4330-ab76-7267e0f1297c,CAT-ELC,NEAR_DUPLICATE,CPI-SYN-736760,NEC-SYN-186710,Missing text attribute but same MPN
44bbb587-4ce7-421c-ad8f-288592a55768,CAT-PPE,NEAR_DUPLICATE,GME-SYN-863183,AHM-SYN-429266,Missing text attribute but same MPN
bb8ce92f-be0b-42ff-8b44-f02d6163410c,CAT-GSK,NEAR_DUPLICATE,CPI-SYN-323775,GME-SYN-948469,Missing text attribute but same MPN
57a2b371-a96c-477d-b87e-d6b52c7047fc,CAT-PIP,NEAR_DUPLICATE,AHM-SYN-208195,BUS-SYN-417617,Missing text attribute but same MPN
92651c88-e29d-4355-a914-83883b009016,CAT-VLV,NEAR_DUPLICATE,BUS-SYN-515272,GME-SYN-193516,Missing text attribute but same MPN
970247ea-a7b2-4bf6-8c1e-a4645af6420c,CAT-LUB,NEAR_DUPLICATE,NEC-SYN-119463,AHM-SYN-211655,Missing text attribute but same MPN
f55214a2-d88d-4f81-b8c2-194c123cb1b4,CAT-INS,NEAR_DUPLICATE,AHM-SYN-453024,GME-SYN-970494,Missing text attribute but same MPN
628019fd-1bc6-49c9-b125-15cf4e03bc91,CAT-MTR,NEAR_DUPLICATE,NEC-SYN-859777,CPI-SYN-484909,Missing text attribute but same MPN
0b67a548-1f67-4fe5-81f7-2254ac5f5887,CAT-LUB,NEAR_DUPLICATE,NEC-SYN-514613,GME-SYN-579645,Missing text attribute but same MPN
bcf3f246-c533-4fcc-9ea3-5b09900b20f5,CAT-VLV,NEAR_DUPLICATE,CPI-SYN-126574,GME-SYN-736204,Missing text attribute but same MPN
70d2eb36-b9c5-40c4-9149-129885579e19,CAT-VLV,NEAR_DUPLICATE,AHM-SYN-635460,BUS-SYN-326835,Missing text attribute but same MPN
d55fa685-a2f7-4766-9bf4-89c914a499f7,CAT-LUB,NEAR_DUPLICATE,CPI-SYN-959358,CPI-SYN-338896,Missing text attribute but same MPN
add37043-750b-41a4-afc0-f532639bd58b,CAT-FLG,NEAR_DUPLICATE,NEC-SYN-344368,BUS-SYN-734159,Missing text attribute but same MPN
4c9694a6-67f1-4571-80eb-7da5ffa61e75,CAT-PPE,NEAR_DUPLICATE,NEC-SYN-405593,BUS-SYN-676374,Missing text attribute but same MPN
1a0d6100-ebdb-4c8d-9f3c-c661fcacf3fd,CAT-PIP,NEAR_DUPLICATE,CPI-SYN-685266,GME-SYN-198880,Missing text attribute but same MPN
8e30f21e-b6b9-4fdc-8690-2c7a447191af,CAT-GSK,NEAR_DUPLICATE,GME-SYN-968884,GME-SYN-881651,Missing text attribute but same MPN
8d27e32c-ce0a-4708-8814-6a4391339566,CAT-FLG,NEAR_DUPLICATE,NEC-SYN-572764,GME-SYN-555246,Missing text attribute but same MPN
62458be6-f619-484c-8561-84fae6ee6539,CAT-MTR,NEAR_DUPLICATE,GME-SYN-923148,AHM-SYN-806183,Missing text attribute but same MPN
f4a1a41f-244f-4cdc-ae1e-aab713e4dcd0,CAT-BRG,NEAR_DUPLICATE,CPI-SYN-143628,BUS-SYN-115146,Missing text attribute but same MPN
5bcbc05a-348a-4998-8b9a-a14c336bf3ab,CAT-FST,NEAR_DUPLICATE,NEC-SYN-106352,BUS-SYN-672345,Missing text attribute but same MPN
6f7a37d3-b049-458f-983e-ecfd5b20a46c,CAT-FLG,NEAR_DUPLICATE,GME-SYN-689208,NEC-SYN-315012,Missing text attribute but same MPN
c3d21fd5-c477-49d8-9073-92947836ee67,CAT-MTR,NEAR_DUPLICATE,GME-SYN-819580,AHM-SYN-753905,Missing text attribute but same MPN
0b30025d-f64a-464a-8817-330a1335c980,CAT-VLV,NEAR_DUPLICATE,NEC-SYN-639441,NEC-SYN-509533,Missing text attribute but same MPN
1825d981-b139-40a2-917a-ac6cfe51ee12,CAT-INS,NEAR_DUPLICATE,NEC-SYN-903332,AHM-SYN-820272,Missing text attribute but same MPN
1347387d-e833-4b72-988b-f3d5c4eafec3,CAT-MTR,NEAR_DUPLICATE,GME-SYN-342534,NEC-SYN-147908,Missing text attribute but same MPN
c50740a0-1bfd-4c68-a7ff-f7aea77d560f,CAT-MTR,NEAR_DUPLICATE,CPI-SYN-371239,BUS-SYN-186179,Missing text attribute but same MPN
e700076d-429e-46d1-bb99-505083493e19,CAT-CBL,NEAR_DUPLICATE,NEC-SYN-809557,NEC-SYN-631305,Missing text attribute but same MPN
ee26012d-af84-4cc3-8293-8fff24356950,CAT-PIP,NEAR_DUPLICATE,CPI-SYN-310167,BUS-SYN-735262,Missing text attribute but same MPN
83486b4e-b0df-49f8-8319-de75e3725f2e,CAT-GSK,NEAR_DUPLICATE,AHM-SYN-431761,GME-SYN-642760,Missing text attribute but same MPN
8072612f-d99e-40c0-b2ed-8bed131c4ec7,CAT-PPE,NEAR_DUPLICATE,NEC-SYN-724612,CPI-SYN-507841,Missing text attribute but same MPN
13adca97-548e-4686-b0de-523e95830110,CAT-ELC,NEAR_DUPLICATE,GME-SYN-582590,CPI-SYN-776060,Missing text attribute but same MPN
07e0ffa6-411d-4d60-af48-24cd03620122,CAT-FLG,NEAR_DUPLICATE,CPI-SYN-887804,BUS-SYN-337803,Missing text attribute but same MPN
a0b6ec81-8ac1-47db-929c-86a6647a1e70,CAT-VLV,NEAR_DUPLICATE,AHM-SYN-809111,AHM-SYN-479283,Missing text attribute but same MPN
5ce19d1b-ad33-4e84-bcae-39e3adc33f9f,CAT-GSK,NEAR_DUPLICATE,CPI-SYN-650533,BUS-SYN-481418,Missing text attribute but same MPN
c8c1c4f8-f3f5-4e6e-91c4-f7461ea4614a,CAT-GSK,NEAR_DUPLICATE,BUS-SYN-701950,CPI-SYN-915416,Missing text attribute but same MPN
f47a8f56-bd43-4f10-8b38-90512ae970d0,CAT-MTR,NEAR_DUPLICATE,BUS-SYN-556813,NEC-SYN-923743,Missing text attribute but same MPN
0987c42e-b128-4e7b-81a3-8c6a017538c7,CAT-CBL,NEAR_DUPLICATE,BUS-SYN-620519,BUS-SYN-465239,Missing text attribute but same MPN
892f850e-7ebb-405a-809f-6e1b7b33b0e8,CAT-MTR,NEAR_DUPLICATE,NEC-SYN-777918,CPI-SYN-772789,Missing text attribute but same MPN
76f0f7dd-25df-4088-889a-14a20aaec348,CAT-VLV,NEAR_DUPLICATE,CPI-SYN-179184,AHM-SYN-219712,Missing text attribute but same MPN
8b95cd37-97fe-4d1f-a911-ad4dc8fe9bb0,CAT-PPE,NEAR_DUPLICATE,GME-SYN-874173,NEC-SYN-191088,Missing text attribute but same MPN
ff360fe9-7898-41bc-9d5b-b6604b4a37ed,CAT-PPE,NEAR_DUPLICATE,AHM-SYN-452866,GME-SYN-869977,Missing text attribute but same MPN
ca3a32ff-ad8a-44ba-b484-189a875c1f31,CAT-LUB,NEAR_DUPLICATE,BUS-SYN-190139,GME-SYN-243117,Missing text attribute but same MPN
6760b0ac-31b4-44a0-b75b-2bd7a486db73,CAT-PMP,NEAR_DUPLICATE,NEC-SYN-530804,NEC-SYN-728790,Missing text attribute but same MPN
bad5df33-04f9-49cc-888f-e6ec7b8d4d9c,CAT-FLG,NEAR_DUPLICATE,CPI-SYN-944919,BUS-SYN-719988,Missing text attribute but same MPN
a5e4a5e9-537b-4715-8eee-405d25466ff9,CAT-BRG,NEAR_DUPLICATE,BUS-SYN-341484,AHM-SYN-642110,Missing text attribute but same MPN
0230f1f1-990f-4e1b-bd13-7d52661e5f2b,CAT-MTR,NEAR_DUPLICATE,NEC-SYN-656042,NEC-SYN-124835,Missing text attribute but same MPN
d43ff910-b98e-4f9a-920b-47a466b82d17,CAT-FLG,NEAR_DUPLICATE,NEC-SYN-743683,GME-SYN-318378,Missing text attribute but same MPN
ca2f2aa2-137b-4c54-aad7-5f43f5b7f045,CAT-GSK,NEAR_DUPLICATE,CPI-SYN-415783,AHM-SYN-959699,Missing text attribute but same MPN
5a834096-f67c-4dbe-99b6-0519e76f50e5,CAT-CBL,NEAR_DUPLICATE,GME-SYN-597007,BUS-SYN-913984,Missing text attribute but same MPN
44d3a3af-5fec-471f-8022-9c5ea3c8e831,CAT-GSK,NEAR_DUPLICATE,CPI-SYN-862561,NEC-SYN-608295,Missing text attribute but same MPN
7f83efa8-88e5-4f0d-8621-65863d599365,CAT-BRG,NEAR_DUPLICATE,CPI-SYN-160922,CPI-SYN-397456,Missing text attribute but same MPN
7e84f2a1-dff3-4af5-a47f-4095a7bb7e1a,CAT-BRG,NEAR_DUPLICATE,BUS-SYN-793722,CPI-SYN-686537,Missing text attribute but same MPN
2bebcb0d-e068-47d9-aabe-34e4d4649871,CAT-BRG,NEAR_DUPLICATE,AHM-SYN-529040,GME-SYN-279731,Missing text attribute but same MPN
f4ad8cf4-3130-4ca8-a8ca-a7fd249efe08,CAT-FST,NEAR_DUPLICATE,CPI-SYN-658645,GME-SYN-289138,Missing text attribute but same MPN
ddce36e0-76e4-4e14-a6da-4fbecb7b8a16,CAT-FLG,NEAR_DUPLICATE,CPI-SYN-215551,BUS-SYN-339886,Missing text attribute but same MPN
28a4ee1e-49bc-4915-86a1-7642fe44ce23,CAT-LUB,NEAR_DUPLICATE,BUS-SYN-904400,GME-SYN-601196,Missing text attribute but same MPN
4bdc5f1f-bdf3-44f0-97ef-3e741ff9a5b5,CAT-PPE,NEAR_DUPLICATE,NEC-SYN-478693,NEC-SYN-636741,Missing text attribute but same MPN
5ec145c5-6715-416e-8a6c-d3388d742d52,CAT-GSK,NEAR_DUPLICATE,BUS-SYN-314849,CPI-SYN-370412,Missing text attribute but same MPN
8148cd81-0513-4cba-adfb-1feedc41e6b0,CAT-VLV,NEAR_DUPLICATE,BUS-SYN-203386,CPI-SYN-259334,Missing text attribute but same MPN
1947de2e-3113-4881-8a7f-1ff222de7aa4,CAT-BRG,NEAR_DUPLICATE,AHM-SYN-726728,BUS-SYN-956115,Missing text attribute but same MPN
06a39e43-e28d-453e-8efc-f9a945b16a97,CAT-FLG,NEAR_DUPLICATE,BUS-SYN-464219,AHM-SYN-461697,Missing text attribute but same MPN
450fcd7a-231c-4474-8296-e8a5b7bbb2bc,CAT-GSK,NEAR_DUPLICATE,GME-SYN-419488,GME-SYN-857165,Missing text attribute but same MPN
e84b191d-76ea-42b0-a0ac-887601e73727,CAT-GSK,NEAR_DUPLICATE,NEC-SYN-869598,GME-SYN-424205,Missing text attribute but same MPN
d23e5d9c-ed87-4d4a-9686-0c65d3688d36,CAT-PMP,NEAR_DUPLICATE,AHM-SYN-490082,BUS-SYN-813698,Missing text attribute but same MPN
74839865-1b85-49df-a38c-d4af8a6380e5,CAT-INS,NEAR_DUPLICATE,BUS-SYN-807723,AHM-SYN-544791,Missing text attribute but same MPN
8dcd0139-e6e6-4d2a-9e40-15461789b0f1,CAT-INS,NEAR_DUPLICATE,BUS-SYN-391240,NEC-SYN-676767,Missing text attribute but same MPN
107f4dd2-8330-4f8d-85e0-6eb9f09004e2,CAT-VLV,NEAR_DUPLICATE,AHM-SYN-656213,AHM-SYN-921634,Missing text attribute but same MPN
a7ab6f3c-b83c-47e6-b805-8b370421bf48,CAT-LUB,NEAR_DUPLICATE,BUS-SYN-334860,BUS-SYN-832353,Missing text attribute but same MPN
7f009f88-0fb8-49ed-827a-3adbbf9d84bf,CAT-MTR,NEAR_DUPLICATE,BUS-SYN-153443,NEC-SYN-834768,Missing text attribute but same MPN
eea5bee0-4985-47e5-873f-0cf0028e3889,CAT-VLV,NEAR_DUPLICATE,CPI-SYN-602688,NEC-SYN-317212,Missing text attribute but same MPN
1c4e40de-c534-449e-8bae-7cba76c3613f,CAT-FLG,NEAR_DUPLICATE,AHM-SYN-681652,NEC-SYN-516188,Missing text attribute but same MPN
7120c101-d2f0-4e92-afdb-d2194e2adb8a,CAT-PPE,NEAR_DUPLICATE,BUS-SYN-245335,GME-SYN-900234,Missing text attribute but same MPN
a130efd7-1a1a-4f9f-8ae0-763b6b569f9a,CAT-BRG,NEAR_DUPLICATE,CPI-SYN-155117,AHM-SYN-207713,Missing text attribute but same MPN
7b31c28e-70ce-41a0-9ad5-4f8aa309138e,CAT-GSK,NEAR_DUPLICATE,CPI-SYN-965616,AHM-SYN-179877,Missing text attribute but same MPN
e9da48f4-03ac-494a-b82e-3d6aef50c557,CAT-PIP,NEAR_DUPLICATE,AHM-SYN-254445,NEC-SYN-648433,Missing text attribute but same MPN
222b7d49-edb6-492a-bb27-ff215ba97986,CAT-VLV,NEAR_DUPLICATE,GME-SYN-420531,NEC-SYN-311248,Missing text attribute but same MPN
f833f1c7-aea8-4364-a580-d363686cc23c,CAT-MTR,NEAR_DUPLICATE,AHM-SYN-132819,GME-SYN-751631,Missing text attribute but same MPN
c95c4be1-c7a1-4f66-ac61-691fec6de900,CAT-PPE,NEAR_DUPLICATE,CPI-SYN-870307,AHM-SYN-552055,Missing text attribute but same MPN
4f292a0a-0b4c-4487-93ba-9be7fa9ece28,CAT-PIP,NEAR_DUPLICATE,AHM-SYN-672170,GME-SYN-936206,Missing text attribute but same MPN
12aa1519-d87d-447a-8605-1d83dc689c0b,CAT-FLG,NEAR_DUPLICATE,CPI-SYN-423316,NEC-SYN-534101,Missing text attribute but same MPN
ad5c03e7-5252-49ca-8e63-00c0c84927fe,CAT-LUB,NEAR_DUPLICATE,CPI-SYN-261085,NEC-SYN-370144,Missing text attribute but same MPN
cd1a11cd-be86-497f-922c-0de9c1f26dd0,CAT-VLV,NEAR_DUPLICATE,NEC-SYN-352924,GME-SYN-843768,Missing text attribute but same MPN
17d0b5b5-360c-481e-8be3-a04c83240fde,CAT-MTR,NEAR_DUPLICATE,GME-SYN-652437,NEC-SYN-290725,Missing text attribute but same MPN
39400ccd-db0c-4e85-b939-1b599fd1437e,CAT-LUB,NEAR_DUPLICATE,CPI-SYN-870463,CPI-SYN-569026,Missing text attribute but same MPN
31c8c08f-a989-4d53-9ef9-5b4c6dff22e3,CAT-CBL,NEAR_DUPLICATE,AHM-SYN-699340,CPI-SYN-673815,Missing text attribute but same MPN
3f2b6977-29ed-4ef6-bb49-d2f904d1cde2,CAT-CBL,NEAR_DUPLICATE,AHM-SYN-890630,GME-SYN-628257,Missing text attribute but same MPN
f0664acf-7898-40a0-87d4-6bf8d71ef4cd,CAT-LUB,NEAR_DUPLICATE,AHM-SYN-862361,BUS-SYN-854718,Missing text attribute but same MPN
a3524331-2096-4d16-bb62-dffaf9ec78f1,CAT-PMP,NEAR_DUPLICATE,NEC-SYN-683861,NEC-SYN-694921,Missing text attribute but same MPN
563bc662-66c7-4e1d-b062-f9c5e43a27f7,CAT-PIP,NEAR_DUPLICATE,AHM-SYN-288960,CPI-SYN-742715,Missing text attribute but same MPN
cc3a4afa-1102-4a89-8e85-8dbfae2e6c4d,CAT-CBL,NEAR_DUPLICATE,GME-SYN-621403,NEC-SYN-685457,Missing text attribute but same MPN
7852dda5-c00a-4a30-9f93-b4db0624fef3,CAT-FST,NEAR_DUPLICATE,NEC-SYN-907246,BUS-SYN-634920,Missing text attribute but same MPN
214934ba-fc11-45ae-9985-b7a41923b583,CAT-VLV,NEAR_DUPLICATE,NEC-SYN-188362,GME-SYN-640415,Missing text attribute but same MPN
b90dc181-65b6-4747-801e-2d5bff848c5a,CAT-BRG,NEAR_DUPLICATE,AHM-SYN-701164,NEC-SYN-779664,Missing text attribute but same MPN
789192ce-50fa-40fc-a7a6-6b846ea1f592,CAT-CBL,NEAR_DUPLICATE,NEC-SYN-625659,CPI-SYN-258005,Missing text attribute but same MPN
adf1269a-7b88-46c8-bdfa-d989bddf9572,CAT-LUB,NEAR_DUPLICATE,AHM-SYN-419461,BUS-SYN-149889,Missing text attribute but same MPN
8babdd02-415f-4e43-a0db-10c06a26fa96,CAT-INS,NEAR_DUPLICATE,CPI-SYN-550640,GME-SYN-579252,Missing text attribute but same MPN
ccc0f016-4437-4d59-9b25-b08ee1fe1cdf,CAT-CBL,NEAR_DUPLICATE,BUS-SYN-945130,GME-SYN-259109,Missing text attribute but same MPN
93869816-c1e5-4b40-86ab-8de8863f6cf5,CAT-LUB,NEAR_DUPLICATE,NEC-SYN-152815,GME-SYN-262600,Missing text attribute but same MPN
f6a3d40d-cd6b-43c9-ac67-89bd2fbe3ab8,CAT-INS,NEAR_DUPLICATE,BUS-SYN-971196,NEC-SYN-443973,Missing text attribute but same MPN
63f28930-356c-47bf-8b55-3ab179a3d289,CAT-CBL,NEAR_DUPLICATE,BUS-SYN-380465,NEC-SYN-623779,Missing text attribute but same MPN
45c539a3-7706-4a60-a222-4113593edd43,CAT-FLG,NEAR_DUPLICATE,NEC-SYN-765690,GME-SYN-715361,Missing text attribute but same MPN
01d3dec7-e1ea-4b24-9255-f867fc6fc7c1,CAT-ELC,NEAR_DUPLICATE,BUS-SYN-921483,CPI-SYN-380968,Missing text attribute but same MPN
9dbebb21-0127-4383-938e-c5e40df0cba1,CAT-MTR,NEAR_DUPLICATE,GME-SYN-517428,GME-SYN-709327,Missing text attribute but same MPN
a7e10a0b-74d3-4473-82a4-2eeb986d648c,CAT-FLG,NEAR_DUPLICATE,AHM-SYN-845373,NEC-SYN-364766,Missing text attribute but same MPN
ba9585e6-327d-4b87-8181-b8861841e3f5,CAT-GSK,NEAR_DUPLICATE,AHM-SYN-530271,GME-SYN-284231,Missing text attribute but same MPN
f6f0910b-e1d2-49a0-9a13-3bd35c55820b,CAT-CBL,NEAR_DUPLICATE,GME-SYN-235486,CPI-SYN-125666,Missing text attribute but same MPN
e1576e40-b6ee-4a02-8928-9ce86ed96080,CAT-PPE,NEAR_DUPLICATE,BUS-SYN-300169,CPI-SYN-822909,Missing text attribute but same MPN
60dcfc17-0e39-4387-86d6-466ccb66ffb2,CAT-MTR,NEAR_DUPLICATE,BUS-SYN-162729,NEC-SYN-183212,Missing text attribute but same MPN
0003839e-8689-4120-a750-ab1cccd60002,CAT-FLG,NEAR_DUPLICATE,AHM-SYN-812564,GME-SYN-334587,Missing text attribute but same MPN
5b2d959b-828a-4ace-a8cf-34a611fed930,CAT-PPE,NEAR_DUPLICATE,GME-SYN-566692,BUS-SYN-186436,Missing text attribute but same MPN
1c6eb5cf-726f-43e8-a0fe-5e372b662352,CAT-INS,NEAR_DUPLICATE,NEC-SYN-732539,GME-SYN-279256,Missing text attribute but same MPN
c9a11ce3-ebd5-410f-a6f7-bfd2d3a1ef7a,CAT-PMP,NEAR_DUPLICATE,AHM-SYN-501316,BUS-SYN-645142,Missing text attribute but same MPN
d19f2d05-aa00-4673-9350-ca57735a2a00,CAT-MTR,NEAR_DUPLICATE,AHM-SYN-841728,AHM-SYN-312426,Missing text attribute but same MPN
474a379e-12af-4bb9-9c56-60cb1fda99df,CAT-MTR,NEAR_DUPLICATE,NEC-SYN-445438,AHM-SYN-521548,Missing text attribute but same MPN
3b163df2-b1f7-470b-9ae8-c40d5130dc42,CAT-MTR,NEAR_DUPLICATE,BUS-SYN-755223,CPI-SYN-722463,Missing text attribute but same MPN
e545bed0-95f9-4aa0-8c2e-280d568950ee,CAT-BRG,NEAR_DUPLICATE,BUS-SYN-351384,CPI-SYN-126432,Missing text attribute but same MPN
1bec59e1-561a-4809-ac4a-68122b39718e,CAT-INS,NEAR_DUPLICATE,GME-SYN-344530,AHM-SYN-259468,Missing text attribute but same MPN
795fb434-ebf7-4d72-86e3-a5ade524234e,CAT-GSK,NEAR_DUPLICATE,AHM-SYN-434992,NEC-SYN-553095,Missing text attribute but same MPN
e137c685-53bd-4b2d-ac54-d12ba3ea18cb,CAT-PIP,NEAR_DUPLICATE,BUS-SYN-770719,AHM-SYN-643967,Missing text attribute but same MPN
a49e1d58-10f6-4637-8fec-5f762c0ac76e,CAT-PPE,NEAR_DUPLICATE,NEC-SYN-765352,NEC-SYN-112602,Missing text attribute but same MPN
c09e1792-b8fd-45bb-8a4b-89ed64510494,CAT-PIP,NEAR_DUPLICATE,CPI-SYN-157217,AHM-SYN-356438,Missing text attribute but same MPN
fd1a43c6-de64-4362-8fff-2cb74c800f39,CAT-MTR,NEAR_DUPLICATE,CPI-SYN-384262,GME-SYN-160748,Missing text attribute but same MPN
7b932dda-fcb9-445d-98c0-216ac811e18a,CAT-FLG,NEAR_DUPLICATE,BUS-SYN-162652,NEC-SYN-297962,Missing text attribute but same MPN
849cb58b-6841-42f1-ab07-679388c82993,CAT-PMP,NEAR_DUPLICATE,BUS-SYN-279654,CPI-SYN-596456,Missing text attribute but same MPN
b9015402-c3c5-4d56-8625-fe9b6c300bf8,CAT-FST,NEAR_DUPLICATE,BUS-SYN-960604,GME-SYN-822809,Missing text attribute but same MPN
173ab417-5a92-4057-9c1e-6e7c11a4ff09,CAT-VLV,NEAR_DUPLICATE,GME-SYN-783867,CPI-SYN-354352,Missing text attribute but same MPN
c2bd8543-99ce-4a31-9924-7dcb7c5fb6bf,CAT-PIP,NEAR_DUPLICATE,AHM-SYN-881218,AHM-SYN-561012,Missing text attribute but same MPN
3a2858d9-369f-4b9a-ae9f-f46114a5df30,CAT-GSK,NEAR_DUPLICATE,GME-SYN-198073,CPI-SYN-930586,Missing text attribute but same MPN
b5a4439d-8368-404c-9429-4bcdf54a6689,CAT-PIP,NEAR_DUPLICATE,AHM-SYN-576104,AHM-SYN-710641,Missing text attribute but same MPN
c90d56c3-b136-424a-93b4-ad409b798a81,CAT-PIP,NEAR_DUPLICATE,CPI-SYN-897566,AHM-SYN-771228,Missing text attribute but same MPN
3eaec461-4a13-4e87-9760-001c8c1a6529,CAT-PPE,NEAR_DUPLICATE,AHM-SYN-314123,NEC-SYN-427224,Missing text attribute but same MPN
4034b3b9-17da-489f-a009-0383531d2903,CAT-LUB,NEAR_DUPLICATE,NEC-SYN-996425,BUS-SYN-818792,Missing text attribute but same MPN
4925d43c-31cc-4804-8dcc-e5a40c2c0970,CAT-CBL,NEAR_DUPLICATE,BUS-SYN-430035,GME-SYN-700352,Missing text attribute but same MPN
a4080a0a-cc9b-45df-925b-0f4310ff163d,CAT-INS,NEAR_DUPLICATE,BUS-SYN-728248,BUS-SYN-338491,Missing text attribute but same MPN
17574237-9902-4f6e-b059-b38f52fb7f53,CAT-ELC,NEAR_DUPLICATE,GME-SYN-880036,CPI-SYN-173453,Missing text attribute but same MPN
817d8f02-5e0d-48cc-a4ae-2515f7cb812d,CAT-GSK,NEAR_DUPLICATE,BUS-SYN-608899,GME-SYN-457517,Missing text attribute but same MPN
1d1033f1-7e76-485a-aa2b-eac275351cc6,CAT-LUB,NEAR_DUPLICATE,AHM-SYN-872151,BUS-SYN-701942,Missing text attribute but same MPN
24a8c4e3-38e8-419a-aaed-03a632e09bd7,CAT-PIP,NEAR_DUPLICATE,NEC-SYN-376537,AHM-SYN-962191,Missing text attribute but same MPN
39df805f-c07d-4d71-8aba-eb7f8c700b3e,CAT-BRG,NEAR_DUPLICATE,NEC-SYN-354714,CPI-SYN-396838,Missing text attribute but same MPN
88269670-0092-4369-8a6c-2f41d6c5652b,CAT-VLV,NEAR_DUPLICATE,AHM-SYN-252647,CPI-SYN-619381,Missing text attribute but same MPN
720ade96-70b6-449b-a50e-ae34e1441e0a,CAT-GSK,NEAR_DUPLICATE,GME-SYN-706512,NEC-SYN-190498,Missing text attribute but same MPN
8eb352c9-d5d2-48d2-9c21-26604cd4b676,CAT-MTR,NEAR_DUPLICATE,CPI-SYN-949305,AHM-SYN-193268,Missing text attribute but same MPN
f839c6a2-73ae-4006-ab07-f22aa69f2f0a,CAT-PIP,NEAR_DUPLICATE,GME-SYN-595707,NEC-SYN-745025,Missing text attribute but same MPN
a70d04fe-3f1b-46d2-bb4b-a062b459272a,CAT-PIP,NEAR_DUPLICATE,CPI-SYN-354642,CPI-SYN-535785,Missing text attribute but same MPN
7d92a504-f5a3-4977-8f8c-dc738feaa071,CAT-PPE,NEAR_DUPLICATE,NEC-SYN-897044,NEC-SYN-853412,Missing text attribute but same MPN
9149aa97-d69b-4f4f-9111-5d065972307e,CAT-VLV,NEAR_DUPLICATE,GME-SYN-587336,CPI-SYN-628621,Missing text attribute but same MPN
dd5e23b3-a927-4193-91be-b6f6c2c1e1e9,CAT-MTR,NEAR_DUPLICATE,NEC-SYN-444769,GME-SYN-709303,Missing text attribute but same MPN
9589d390-adf1-475b-ab04-1783b152e415,CAT-GSK,NEAR_DUPLICATE,AHM-SYN-494236,AHM-SYN-296774,Missing text attribute but same MPN
4ba8abed-e17d-4f1b-aa1e-fdf3b94eebc5,CAT-LUB,NEAR_DUPLICATE,BUS-SYN-508740,BUS-SYN-353855,Missing text attribute but same MPN
3d289efe-d04d-4a4c-bf6e-e16bd59b411d,CAT-MTR,NEAR_DUPLICATE,GME-SYN-146768,CPI-SYN-211192,Missing text attribute but same MPN
c387eb3b-2e75-4a35-b73f-b242cf7d2176,CAT-GSK,NEAR_DUPLICATE,CPI-SYN-305883,GME-SYN-491973,Missing text attribute but same MPN
c64b998e-7235-4e24-ab32-96dc25df766e,CAT-FLG,NEAR_DUPLICATE,NEC-SYN-432548,BUS-SYN-141725,Missing text attribute but same MPN
bb134d6e-c876-4f93-82b8-1fc7e66ca3cb,CAT-LUB,NEAR_DUPLICATE,GME-SYN-141137,CPI-SYN-956323,Missing text attribute but same MPN
caf6000c-f876-4214-b575-9688234f7fdc,CAT-INS,NEAR_DUPLICATE,CPI-SYN-539466,AHM-SYN-657232,Missing text attribute but same MPN
ddd7bb8d-02a6-4f35-b430-c837a2ec36f6,CAT-MTR,NEAR_DUPLICATE,BUS-SYN-454744,CPI-SYN-611207,Missing text attribute but same MPN
36bed6e9-d043-43e4-b0f8-20409eb0d543,CAT-INS,NEAR_DUPLICATE,BUS-SYN-847685,AHM-SYN-965281,Missing text attribute but same MPN
f8f66879-b72e-4800-91e2-af2baa3b63bd,CAT-BRG,NEAR_DUPLICATE,AHM-SYN-328755,BUS-SYN-337517,Missing text attribute but same MPN
313b4db9-0eff-4364-aeae-1584bc4a521e,CAT-PIP,NEAR_DUPLICATE,CPI-SYN-441161,GME-SYN-449598,Missing text attribute but same MPN
8b0f81a7-b2e7-415d-9b40-3febfe033ede,CAT-INS,NEAR_DUPLICATE,AHM-SYN-106191,BUS-SYN-915833,Missing text attribute but same MPN
180543e0-7716-4271-bcf6-968ffdec084c,CAT-FST,NEAR_DUPLICATE,CPI-SYN-337857,CPI-SYN-319422,Missing text attribute but same MPN
7b4c11d6-a03e-4b67-849c-0bf8e5d9f272,CAT-BRG,NEAR_DUPLICATE,AHM-SYN-962302,CPI-SYN-943940,Missing text attribute but same MPN
932d71ac-9bc6-456e-b74d-05468d1021e2,CAT-CBL,NEAR_DUPLICATE,BUS-SYN-561420,NEC-SYN-467758,Missing text attribute but same MPN
08c3d146-614e-4186-92cb-08679b9a3399,CAT-PPE,NEAR_DUPLICATE,AHM-SYN-958423,BUS-SYN-535664,Missing text attribute but same MPN
1f01c083-6391-4c87-847c-7fb6ee0ead73,CAT-CBL,NEAR_DUPLICATE,NEC-SYN-999612,BUS-SYN-328247,Missing text attribute but same MPN
7d46f1c0-8ce4-4512-a25e-413548272a00,CAT-VLV,NEAR_DUPLICATE,CPI-SYN-709352,BUS-SYN-694796,Missing text attribute but same MPN
fe016033-31e1-44b5-b682-dc85f4e224cc,CAT-PMP,NEAR_DUPLICATE,BUS-SYN-105851,AHM-SYN-724377,Missing text attribute but same MPN
230d8c78-d528-4052-b6c8-ba3408a9980a,CAT-VLV,NEAR_DUPLICATE,AHM-SYN-819176,BUS-SYN-448477,Missing text attribute but same MPN
5f2ea11b-cefe-42e7-9a30-110a1880be91,CAT-LUB,NEAR_DUPLICATE,NEC-SYN-863027,AHM-SYN-206571,Missing text attribute but same MPN
4c116b0a-a72b-4462-bf15-e20188f5f161,CAT-PIP,NEAR_DUPLICATE,GME-SYN-655916,GME-SYN-430440,Missing text attribute but same MPN
1d3c9f78-ad5c-49b8-a135-f0c37ebbc500,CAT-BRG,NEAR_DUPLICATE,GME-SYN-503184,NEC-SYN-490551,Missing text attribute but same MPN
3dddaba8-1f4d-4f89-aa48-692ac7c8ca0c,CAT-MTR,NEAR_DUPLICATE,CPI-SYN-677565,NEC-SYN-113683,Missing text attribute but same MPN
199eb12a-70d6-450f-99a5-938401b29cc5,CAT-PPE,NEAR_DUPLICATE,CPI-SYN-109667,GME-SYN-727636,Missing text attribute but same MPN
a248cfee-3277-4e4a-b206-a52147c6ddef,CAT-ELC,NEAR_DUPLICATE,AHM-SYN-649207,CPI-SYN-456834,Missing text attribute but same MPN
26556099-9328-4296-94a4-d41c59be713a,CAT-CBL,NEAR_DUPLICATE,AHM-SYN-755913,AHM-SYN-749980,Missing text attribute but same MPN
4f400c99-1fc6-458a-8ee5-e08015d9c48b,CAT-FST,NEAR_DUPLICATE,AHM-SYN-718868,CPI-SYN-375755,Missing text attribute but same MPN
cba61aec-d866-4046-9b21-bb82470b77ba,CAT-BRG,NEAR_DUPLICATE,BUS-SYN-543524,BUS-SYN-158899,Missing text attribute but same MPN
b4194bad-518d-491e-b523-ec2ee3816b18,CAT-VLV,NEAR_DUPLICATE,GME-SYN-401320,CPI-SYN-584168,Missing text attribute but same MPN
d10e8c00-c373-4d06-8fa5-2d7a07a9fc5b,CAT-FST,NEAR_DUPLICATE,NEC-SYN-545625,CPI-SYN-297674,Missing text attribute but same MPN
42c2686a-14b7-4f23-be7e-6fbb213e2b86,CAT-PMP,NEAR_DUPLICATE,AHM-SYN-837223,NEC-SYN-158833,Missing text attribute but same MPN
30eae8db-8ec7-4413-a595-5693386453c3,CAT-ELC,NEAR_DUPLICATE,CPI-SYN-402798,AHM-SYN-789916,Missing text attribute but same MPN
51d535d4-ce8c-4223-906f-b05812e1c641,CAT-PPE,NEAR_DUPLICATE,AHM-SYN-341099,BUS-SYN-294813,Missing text attribute but same MPN
ec90609b-8392-4269-adea-6a20e11fe83b,CAT-BRG,NEAR_DUPLICATE,BUS-SYN-296907,AHM-SYN-569648,Missing text attribute but same MPN
2be89cee-4a1f-464a-86c3-46553cff40d3,CAT-PPE,NEAR_DUPLICATE,BUS-SYN-121296,CPI-SYN-944701,Missing text attribute but same MPN
5037ccab-f832-413b-aec0-f7dc36db2672,CAT-GSK,NEAR_DUPLICATE,AHM-SYN-836297,NEC-SYN-570015,Missing text attribute but same MPN
8d1cadf2-8762-4840-af2c-58c1d9d323c6,CAT-VLV,NEAR_DUPLICATE,BUS-SYN-242076,CPI-SYN-122393,Missing text attribute but same MPN
e33bec95-a931-4bc9-822b-468b0a16521a,CAT-PIP,NEAR_DUPLICATE,CPI-SYN-469216,GME-SYN-978848,Missing text attribute but same MPN
27883089-908b-4de5-8acd-e2cc9bf39907,CAT-BRG,NEAR_DUPLICATE,BUS-SYN-806365,NEC-SYN-967165,Missing text attribute but same MPN
616ae62b-a636-46e4-ac5a-05407d69859e,CAT-CBL,NEAR_DUPLICATE,CPI-SYN-294317,GME-SYN-271234,Missing text attribute but same MPN
da491df0-2c6d-42e4-b901-251a4448145e,CAT-MTR,NEAR_DUPLICATE,GME-SYN-450644,AHM-SYN-579789,Missing text attribute but same MPN
97832bb5-3a47-41fd-b053-1c9b8f10d2b7,CAT-ELC,NEAR_DUPLICATE,AHM-SYN-251930,AHM-SYN-255252,Missing text attribute but same MPN
deb89b50-15a1-4167-9b3a-9d35300f398c,CAT-BRG,NEAR_DUPLICATE,CPI-SYN-802970,AHM-SYN-246915,Missing text attribute but same MPN
265d7c65-ef54-48d2-9d58-40d8a730e774,CAT-BRG,NEAR_DUPLICATE,CPI-SYN-172234,CPI-SYN-308966,Missing text attribute but same MPN
1e37ac8a-0b2b-4a48-b6cb-d40aedab1420,CAT-VLV,NEAR_DUPLICATE,NEC-SYN-819077,CPI-SYN-857942,Missing text attribute but same MPN
83907fbf-b949-4278-a53c-0a7587da9313,CAT-CBL,NEAR_DUPLICATE,GME-SYN-664179,AHM-SYN-158553,Missing text attribute but same MPN
0381ff26-836b-4e04-9e30-2451e3f77bfe,CAT-CBL,NEAR_DUPLICATE,GME-SYN-879052,BUS-SYN-676664,Missing text attribute but same MPN
b494c793-e059-4fb6-97a9-c2c51803e6df,CAT-ELC,NEAR_DUPLICATE,NEC-SYN-402981,CPI-SYN-642439,Missing text attribute but same MPN
8c26b8b4-2d16-4de2-8784-4da90cbeadb3,CAT-CBL,NEAR_DUPLICATE,BUS-SYN-357897,CPI-SYN-179115,Missing text attribute but same MPN
c83e7bac-8a61-4b93-a702-ddfb19e593da,CAT-FLG,NEAR_DUPLICATE,NEC-SYN-457933,BUS-SYN-807649,Missing text attribute but same MPN
2ba0ea9f-5ad5-4c1a-940a-e3716313acae,CAT-LUB,NEAR_DUPLICATE,AHM-SYN-428430,BUS-SYN-343297,Missing text attribute but same MPN
8ae5d68b-1d2c-4dc5-8c25-88a2ac1c6d6f,CAT-CBL,NEAR_DUPLICATE,AHM-SYN-554823,GME-SYN-452929,Missing text attribute but same MPN
80a148e7-59a5-43a4-afc8-d6336c9bbf54,CAT-ELC,NEAR_DUPLICATE,GME-SYN-524285,AHM-SYN-144414,Missing text attribute but same MPN
06088009-5b78-410f-860d-da19185f67fc,CAT-BRG,NEAR_DUPLICATE,NEC-SYN-924715,BUS-SYN-208796,Missing text attribute but same MPN
11f917d6-38e7-494d-831c-251d40ae6ae1,CAT-LUB,NEAR_DUPLICATE,CPI-SYN-156213,BUS-SYN-976518,Missing text attribute but same MPN
8ef1ab48-6350-42d4-8b02-9121d7da869d,CAT-PMP,NEAR_DUPLICATE,BUS-SYN-803112,GME-SYN-467983,Missing text attribute but same MPN
5df120dd-8538-4a7b-8b22-a7e2c237134e,CAT-FST,NEAR_DUPLICATE,BUS-SYN-424789,AHM-SYN-860279,Missing text attribute but same MPN
deb90ca4-839c-4bc9-a273-d191dd00addf,CAT-INS,NEAR_DUPLICATE,NEC-SYN-521992,BUS-SYN-405789,Missing text attribute but same MPN
55c080f6-7d3d-4052-a074-c4b6cffbad76,CAT-ELC,NEAR_DUPLICATE,CPI-SYN-786660,AHM-SYN-350553,Missing text attribute but same MPN
b456ab20-a0d8-4cfe-803d-ec1306a088ec,CAT-ELC,NEAR_DUPLICATE,CPI-SYN-259822,AHM-SYN-772620,Missing text attribute but same MPN
bc306d50-2cc4-4511-a96a-9d2bf01a5858,CAT-INS,NEAR_DUPLICATE,BUS-SYN-558294,BUS-SYN-302846,Missing text attribute but same MPN
bbad27ff-a578-4cbd-88ce-5272bedd20fe,CAT-GSK,NEAR_DUPLICATE,GME-SYN-346451,NEC-SYN-976676,Missing text attribute but same MPN
93873fe2-131b-48e4-bbd2-f9d0869bd703,CAT-MTR,NEAR_DUPLICATE,BUS-SYN-704010,NEC-SYN-700679,Missing text attribute but same MPN
7daee558-2412-4317-b7c9-df30553c25c1,CAT-MTR,NEAR_DUPLICATE,AHM-SYN-905166,BUS-SYN-482671,Missing text attribute but same MPN
5fa3a9c8-ce1c-4a65-802d-e761f8c9e3ff,CAT-FLG,NEAR_DUPLICATE,AHM-SYN-626587,CPI-SYN-930029,Missing text attribute but same MPN
aa2dc581-6fba-4bf4-acc3-85eea98d2bcb,CAT-FST,NEAR_DUPLICATE,NEC-SYN-669787,AHM-SYN-673527,Missing text attribute but same MPN
b2133edf-92bb-411a-8aac-2d30c67deaac,CAT-PIP,NEAR_DUPLICATE,CPI-SYN-635421,NEC-SYN-882916,Missing text attribute but same MPN
c7a98f3c-bf9a-486d-b037-86ae2669bb5a,CAT-LUB,NEAR_DUPLICATE,GME-SYN-153223,CPI-SYN-777877,Missing text attribute but same MPN
6cc6813f-01fb-4a25-94d1-5200e9041e09,CAT-BRG,NEAR_DUPLICATE,AHM-SYN-211950,CPI-SYN-247976,Missing text attribute but same MPN
97fb2af8-bb9f-4ffa-9c0d-63ec6af95f95,CAT-FLG,NEAR_DUPLICATE,NEC-SYN-171131,AHM-SYN-500265,Missing text attribute but same MPN
5a9eb11a-94e3-4dcd-be2e-17bf204706ea,CAT-CBL,NEAR_DUPLICATE,CPI-SYN-992451,CPI-SYN-649010,Missing text attribute but same MPN
e8b5e1bc-3a4f-47f4-8f08-394b4946580b,CAT-FLG,NEAR_DUPLICATE,BUS-SYN-235888,NEC-SYN-773495,Missing text attribute but same MPN
f973c47a-e3d8-466f-8e6c-19eda4155cce,CAT-PMP,NEAR_DUPLICATE,AHM-SYN-237660,GME-SYN-896804,Missing text attribute but same MPN
8eaa9270-bdec-4a4a-8b82-4daca7e70c89,CAT-FST,NEAR_DUPLICATE,GME-SYN-338682,AHM-SYN-338431,Missing text attribute but same MPN
2fc0e164-717d-4f59-a16c-54daef06a115,CAT-LUB,NEAR_DUPLICATE,NEC-SYN-715575,GME-SYN-274133,Missing text attribute but same MPN
39c3def4-01a4-4942-9604-4a0b57c7ee8c,CAT-FST,NEAR_DUPLICATE,AHM-SYN-487764,GME-SYN-129193,Missing text attribute but same MPN
8b73f86f-7a6d-46b1-b1ce-73525f75d998,CAT-CBL,NEAR_DUPLICATE,CPI-SYN-735833,NEC-SYN-508220,Missing text attribute but same MPN
2c90dc23-d9cf-4707-a2e4-e73e4be0b94f,CAT-MTR,NEAR_DUPLICATE,BUS-SYN-942687,BUS-SYN-178968,Missing text attribute but same MPN
70998839-b18e-4269-b434-268dffcc3050,CAT-PMP,NEAR_DUPLICATE,GME-SYN-112474,CPI-SYN-199299,Missing text attribute but same MPN
858cfe48-5a7d-4a59-9bc4-9f7a4222d22b,CAT-MTR,NEAR_DUPLICATE,CPI-SYN-267066,CPI-SYN-291270,Missing text attribute but same MPN
8674a4d5-c32e-4bcb-bff7-1b487b3f4841,CAT-VLV,NEAR_DUPLICATE,GME-SYN-323127,NEC-SYN-804059,Missing text attribute but same MPN
9322919b-1306-4445-a551-0e1abe9d071d,CAT-VLV,NEAR_DUPLICATE,CPI-SYN-634375,CPI-SYN-676713,Missing text attribute but same MPN
bcfd7eb9-58c9-4863-8a5b-27a042f2b2e5,CAT-VLV,NEAR_DUPLICATE,AHM-SYN-702324,GME-SYN-950979,Missing text attribute but same MPN
1538354d-1136-4377-afaf-762101307aae,CAT-ELC,NEAR_DUPLICATE,GME-SYN-749533,GME-SYN-924648,Missing text attribute but same MPN
e21d9bb7-94c9-441f-b4af-932940559bba,CAT-GSK,NEAR_DUPLICATE,GME-SYN-142147,GME-SYN-132950,Missing text attribute but same MPN
67fe3abb-a8ec-4c91-a00d-d1aa5950a876,CAT-MTR,NEAR_DUPLICATE,AHM-SYN-938074,CPI-SYN-906821,Missing text attribute but same MPN
4a7c4407-c2aa-48e4-acc6-6b92f9e279e4,CAT-INS,NEAR_DUPLICATE,AHM-SYN-877281,GME-SYN-497208,Missing text attribute but same MPN
c2efb729-a51a-4072-af02-15a3e5096a70,CAT-PMP,NEAR_DUPLICATE,GME-SYN-993137,NEC-SYN-965274,Missing text attribute but same MPN
db8e83eb-e392-4d1a-b4c8-cbe830d7dc0f,CAT-INS,NEAR_DUPLICATE,AHM-SYN-891017,BUS-SYN-375345,Missing text attribute but same MPN
4b0ffa23-ecf0-463d-a900-1da023f1ab61,CAT-VLV,NEAR_DUPLICATE,BUS-SYN-911561,GME-SYN-466342,Missing text attribute but same MPN
c44df997-9916-4c15-90c4-fa17217d0cc9,CAT-PIP,NEAR_DUPLICATE,BUS-SYN-807867,CPI-SYN-715298,Missing text attribute but same MPN
1a1da622-6192-4cd9-a72f-0b522b8c9742,CAT-CBL,NEAR_DUPLICATE,GME-SYN-548727,BUS-SYN-514877,Missing text attribute but same MPN
6591a8e7-84c6-4655-a222-d254631b5cf2,CAT-PIP,NEAR_DUPLICATE,AHM-SYN-741855,GME-SYN-638185,Missing text attribute but same MPN
ab32ce72-1567-454a-b442-ef0a46da8f86,CAT-FLG,NEAR_DUPLICATE,AHM-SYN-429178,AHM-SYN-532133,Missing text attribute but same MPN
9ca835dd-771f-4ea2-bf93-40c7a7fc3fe2,CAT-ELC,NEAR_DUPLICATE,CPI-SYN-146934,NEC-SYN-260139,Missing text attribute but same MPN
7138e223-abc4-47f5-90b6-af5a01a90bfc,CAT-LUB,NEAR_DUPLICATE,BUS-SYN-687886,GME-SYN-860282,Missing text attribute but same MPN
9b748e67-1121-4394-ad5c-0ded71d6ec7c,CAT-INS,NEAR_DUPLICATE,GME-SYN-452534,BUS-SYN-447489,Missing text attribute but same MPN
7e39ef7b-4a4c-4f92-a7e1-7a0ce6e24281,CAT-PIP,NEAR_DUPLICATE,GME-SYN-205992,NEC-SYN-708048,Missing text attribute but same MPN
f56c7b16-a240-4d39-be11-98aace4615d5,CAT-ELC,NEAR_DUPLICATE,CPI-SYN-408045,AHM-SYN-753889,Missing text attribute but same MPN
2e7decfa-e46b-4578-8c13-7c43b608ed90,CAT-VLV,NEAR_DUPLICATE,NEC-SYN-717629,GME-SYN-349231,Missing text attribute but same MPN
a93be07b-db68-4aa4-85b7-3faf76236ccd,CAT-PMP,NEAR_DUPLICATE,CPI-SYN-563111,BUS-SYN-321698,Missing text attribute but same MPN
74c8884b-ef57-4bdc-ae3d-47b06869682b,CAT-GSK,NEAR_DUPLICATE,NEC-SYN-114092,AHM-SYN-562349,Missing text attribute but same MPN
8c2a9252-a108-4f8f-9d8d-13fe666a493f,CAT-PPE,NEAR_DUPLICATE,BUS-SYN-513701,BUS-SYN-792128,Missing text attribute but same MPN
e1ca7227-1d65-4ffa-a326-8ced74e74340,CAT-FLG,NEAR_DUPLICATE,BUS-SYN-380337,BUS-SYN-689553,Missing text attribute but same MPN
ff3873fd-69ed-4ac6-ad5b-0612be135d37,CAT-LUB,NEAR_DUPLICATE,NEC-SYN-317159,CPI-SYN-932441,Missing text attribute but same MPN
c955f74d-69bb-4fa3-bf07-7db458bd42e7,CAT-PIP,NEAR_DUPLICATE,BUS-SYN-699321,GME-SYN-749022,Missing text attribute but same MPN
41837000-fad4-48a1-8a4c-52a3f3115c40,CAT-ELC,NEAR_DUPLICATE,BUS-SYN-389835,AHM-SYN-778238,Missing text attribute but same MPN
1877e0f5-0583-4ca6-825a-ede3777950ee,CAT-BRG,NEAR_DUPLICATE,CPI-SYN-625049,GME-SYN-324616,Missing text attribute but same MPN
667a177d-cef0-4b2f-a09f-47eb2267db76,CAT-GSK,NEAR_DUPLICATE,AHM-SYN-942356,AHM-SYN-111357,Missing text attribute but same MPN
9746a65c-dfdc-4b86-bbd8-65160bfd8781,CAT-GSK,NEAR_DUPLICATE,AHM-SYN-438915,CPI-SYN-554948,Missing text attribute but same MPN
b2feb0da-f02a-4a9b-bbc8-232156da3bf6,CAT-BRG,NEAR_DUPLICATE,BUS-SYN-965120,BUS-SYN-868495,Missing text attribute but same MPN
d3720abb-9d58-4941-aea0-1c82124c0eb6,CAT-PMP,NEAR_DUPLICATE,CPI-SYN-842157,BUS-SYN-769669,Missing text attribute but same MPN
c8beff5b-8c41-4a29-8669-4b2d7a5f99ff,CAT-CBL,NEAR_DUPLICATE,AHM-SYN-120157,CPI-SYN-706859,Missing text attribute but same MPN
094ac840-7c30-4ba1-b144-cf0f0122f6ef,CAT-PMP,NEAR_DUPLICATE,BUS-SYN-882784,AHM-SYN-146669,Missing text attribute but same MPN
8fc1dc50-a025-4a8e-8c47-46da6534436e,CAT-FST,NEAR_DUPLICATE,BUS-SYN-408202,CPI-SYN-436895,Missing text attribute but same MPN
4f1d60e1-8f86-4fb1-adbe-b124bd4f96f5,CAT-FST,NEAR_DUPLICATE,GME-SYN-550582,AHM-SYN-506991,Missing text attribute but same MPN
acaa0edb-ea9d-4ae8-aaa3-bde9e9abda70,CAT-GSK,NEAR_DUPLICATE,GME-SYN-545020,NEC-SYN-285056,Missing text attribute but same MPN
91533701-5325-403b-aee4-556e8d066a48,CAT-CBL,NEAR_DUPLICATE,GME-SYN-479094,BUS-SYN-226975,Missing text attribute but same MPN
ae902b18-9b4c-4906-aaba-2aa2857cd230,CAT-FST,NEAR_DUPLICATE,AHM-SYN-901832,NEC-SYN-100878,Missing text attribute but same MPN
a6c1028f-6eee-4b41-a0b9-3ae84025c22d,CAT-GSK,NEAR_DUPLICATE,AHM-SYN-407512,CPI-SYN-482204,Missing text attribute but same MPN
0b1e1bd5-f833-46f0-b093-c37271deadf9,CAT-FLG,NEAR_DUPLICATE,GME-SYN-201268,CPI-SYN-538989,Missing text attribute but same MPN
09cd3416-28d5-4752-85b5-e4841b1719a4,CAT-PIP,NEAR_DUPLICATE,GME-SYN-910670,AHM-SYN-880754,Missing text attribute but same MPN
e2686810-79b6-4dd2-b437-3dc34c5da3be,CAT-ELC,NEAR_DUPLICATE,BUS-SYN-460262,NEC-SYN-903161,Missing text attribute but same MPN
c751cbdb-6469-4594-973c-18d815a890df,CAT-BRG,NEAR_DUPLICATE,CPI-SYN-159461,BUS-SYN-483437,Missing text attribute but same MPN
efdfcc02-c9e2-4c82-8d62-88dd136d4d3d,CAT-PPE,NEAR_DUPLICATE,CPI-SYN-776765,BUS-SYN-382305,Missing text attribute but same MPN
39206eab-f2e0-4d09-a7d8-e6bd8570e41e,CAT-MTR,NEAR_DUPLICATE,CPI-SYN-771218,NEC-SYN-248048,Missing text attribute but same MPN
44e4737f-386a-4d76-8484-912865035058,CAT-BRG,NEAR_DUPLICATE,BUS-SYN-714518,GME-SYN-249787,Missing text attribute but same MPN
2cf9743b-f381-4b18-98e7-700dfedf081a,CAT-PIP,NEAR_DUPLICATE,AHM-SYN-256526,CPI-SYN-255633,Missing text attribute but same MPN
ad7781d6-35a8-4e1f-954d-d19a467571d3,CAT-FLG,NEAR_DUPLICATE,CPI-SYN-141344,BUS-SYN-845283,Missing text attribute but same MPN
b97b4463-86a5-4111-ab7e-eadbfd81a7bc,CAT-ELC,NEAR_DUPLICATE,AHM-SYN-691148,BUS-SYN-184483,Missing text attribute but same MPN
b597518e-6218-462d-9e21-0fdb6f640a65,CAT-PMP,NEAR_DUPLICATE,GME-SYN-904800,BUS-SYN-582282,Missing text attribute but same MPN
856e2e61-627b-4fcb-abb6-f6b0b2471cfb,CAT-INS,NEAR_DUPLICATE,BUS-SYN-681608,GME-SYN-159672,Missing text attribute but same MPN
1c05c8bd-fbef-429a-8b5d-872127e339bb,CAT-VLV,NEAR_DUPLICATE,GME-SYN-726765,GME-SYN-688029,Missing text attribute but same MPN
44b22d0d-c3d5-4484-80ff-c977586b7269,CAT-FST,NEAR_DUPLICATE,GME-SYN-413879,NEC-SYN-286501,Missing text attribute but same MPN
634b9ea8-31f8-4bea-94f0-fcdb527dc765,CAT-PPE,NEAR_DUPLICATE,CPI-SYN-338132,BUS-SYN-471555,Missing text attribute but same MPN
bb7971f1-eb3d-4faa-9124-69d2b98a6bac,CAT-VLV,NEAR_DUPLICATE,NEC-SYN-569959,AHM-SYN-682515,Missing text attribute but same MPN
2d026e4a-6b39-4806-b445-946dc644919e,CAT-ELC,NEAR_DUPLICATE,AHM-SYN-347852,AHM-SYN-713847,Missing text attribute but same MPN
d3204927-f09e-4b65-b00a-8b3201b19ad1,CAT-INS,NEAR_DUPLICATE,CPI-SYN-184876,BUS-SYN-355923,Missing text attribute but same MPN
7a038e40-119b-4fbc-9d32-fc97441cbd38,CAT-FST,NEAR_DUPLICATE,NEC-SYN-887557,GME-SYN-611027,Missing text attribute but same MPN
1a7fa8d9-73ce-450f-a22b-6d4bc5ef12e8,CAT-PPE,NEAR_DUPLICATE,GME-SYN-523021,CPI-SYN-107702,Missing text attribute but same MPN
3ed4877d-22a9-4d03-8a18-652ebff3e7c3,CAT-LUB,NEAR_DUPLICATE,GME-SYN-598096,CPI-SYN-701063,Missing text attribute but same MPN
07a4ed89-360a-4146-a151-d09d61bd3735,CAT-CBL,NEAR_DUPLICATE,NEC-SYN-427065,GME-SYN-989104,Missing text attribute but same MPN
e4182bc7-5aed-4021-9519-ff2271a3e9f1,CAT-VLV,NEAR_DUPLICATE,BUS-SYN-733038,GME-SYN-897556,Missing text attribute but same MPN
e4037817-b273-4816-a173-c8a140a98417,CAT-PPE,NEAR_DUPLICATE,GME-SYN-644629,BUS-SYN-108468,Missing text attribute but same MPN
b2cc415c-be13-48ef-8969-9177546cd25b,CAT-LUB,NEAR_DUPLICATE,CPI-SYN-371022,CPI-SYN-327778,Missing text attribute but same MPN
ea2c491f-9e5f-4dac-8b53-77a141e78f83,CAT-BRG,NEAR_DUPLICATE,AHM-SYN-403876,CPI-SYN-113227,Missing text attribute but same MPN
bddd353b-ffc7-46d2-b3cf-38b67842f3c5,CAT-PPE,NEAR_DUPLICATE,AHM-SYN-756888,NEC-SYN-435686,Missing text attribute but same MPN
9189b116-d75c-4533-b52f-443f4e67930a,CAT-GSK,NEAR_DUPLICATE,BUS-SYN-548546,AHM-SYN-530095,Missing text attribute but same MPN
d1ad6dd4-da92-43c0-b407-f652256de981,CAT-PMP,NEAR_DUPLICATE,NEC-SYN-653537,NEC-SYN-633943,Missing text attribute but same MPN
b0a1a422-526c-4a08-914c-05f3bfc66c81,CAT-ELC,NEAR_DUPLICATE,BUS-SYN-929463,GME-SYN-825360,Missing text attribute but same MPN
b5e033c5-169b-40dd-9ef2-b2b9b7690c1e,CAT-LUB,NEAR_DUPLICATE,CPI-SYN-254902,NEC-SYN-961542,Missing text attribute but same MPN
10be3c35-0f65-4f88-a176-283ab87ab510,CAT-CBL,NEAR_DUPLICATE,BUS-SYN-334120,BUS-SYN-779305,Missing text attribute but same MPN
d57849fd-1f09-458b-8597-ad4655dd1366,CAT-BRG,NEAR_DUPLICATE,AHM-SYN-534819,GME-SYN-657109,Missing text attribute but same MPN
1a02081c-0fcf-4e17-9300-350dec01b2e6,CAT-ELC,NEAR_DUPLICATE,BUS-SYN-181785,BUS-SYN-519396,Missing text attribute but same MPN
1756aa51-9134-4af6-9208-21333023f698,CAT-FST,NEAR_DUPLICATE,CPI-SYN-463746,CPI-SYN-539119,Missing text attribute but same MPN
96c4362e-3618-41bc-8c8b-3ac3bbe21c16,CAT-GSK,NEAR_DUPLICATE,CPI-SYN-982476,AHM-SYN-680354,Missing text attribute but same MPN
c7c06e1c-901a-4104-9098-224bcee8a0ba,CAT-MTR,NEAR_DUPLICATE,GME-SYN-615895,NEC-SYN-107198,Missing text attribute but same MPN
d725dae1-db02-431c-b310-e8f75a67f590,CAT-PMP,NEAR_DUPLICATE,CPI-SYN-880444,GME-SYN-272956,Missing text attribute but same MPN
aaf1cf3e-ea38-43a1-93d1-d659676a60f6,CAT-VLV,NEAR_DUPLICATE,NEC-SYN-929899,NEC-SYN-436162,Missing text attribute but same MPN
e8648b91-1983-44ca-9419-a81873ada392,CAT-FST,NEAR_DUPLICATE,NEC-SYN-506751,CPI-SYN-841730,Missing text attribute but same MPN
b0a167eb-f157-4a50-bc8c-dec8db1ca8a2,CAT-BRG,NEAR_DUPLICATE,BUS-SYN-904649,NEC-SYN-244464,Missing text attribute but same MPN
fb7405fc-9f07-46e3-a89b-cabd4762667e,CAT-GSK,NEAR_DUPLICATE,CPI-SYN-403137,AHM-SYN-892274,Missing text attribute but same MPN
d834696d-f02f-40c9-a50a-d1e58dee60f2,CAT-PIP,NEAR_DUPLICATE,AHM-SYN-606656,CPI-SYN-396788,Missing text attribute but same MPN
b2eb2867-192a-4d2b-bca2-aa4fd84ec191,CAT-GSK,NEAR_DUPLICATE,CPI-SYN-915028,NEC-SYN-499359,Missing text attribute but same MPN
fd5b0e93-78f1-4a8e-aac7-b4fc3c939757,CAT-PMP,NEAR_DUPLICATE,AHM-SYN-621957,CPI-SYN-790907,Missing text attribute but same MPN
8a4e9e91-2973-43ff-a4e7-f0325e50c8c0,CAT-FST,NEAR_DUPLICATE,AHM-SYN-175138,NEC-SYN-737545,Missing text attribute but same MPN
6bf86b6b-9097-4f7d-9afe-ab89d9dad4d2,CAT-CBL,NEAR_DUPLICATE,GME-SYN-548865,GME-SYN-248518,Missing text attribute but same MPN
592413a8-03e4-4c65-83bc-58609efc3a4d,CAT-CBL,NEAR_DUPLICATE,GME-SYN-485448,NEC-SYN-849525,Missing text attribute but same MPN
aebbda58-6f84-4bf5-919a-053fe686d346,CAT-INS,NEAR_DUPLICATE,BUS-SYN-634966,CPI-SYN-976925,Missing text attribute but same MPN
fd8b75d7-e81a-496e-ade4-489ef6bbd58c,CAT-INS,NEAR_DUPLICATE,BUS-SYN-692733,CPI-SYN-289667,Missing text attribute but same MPN
4950562e-582a-4988-a97d-13975e7c059a,CAT-VLV,NEAR_DUPLICATE,BUS-SYN-666368,GME-SYN-755576,Missing text attribute but same MPN
54d51219-53aa-4c6f-8de1-a9e9fbbfb199,CAT-INS,NEAR_DUPLICATE,NEC-SYN-230124,NEC-SYN-993179,Missing text attribute but same MPN
ce9ef26c-ee3a-4cf5-bed7-fa861c3f51cf,CAT-ELC,NEAR_DUPLICATE,AHM-SYN-148998,AHM-SYN-730795,Missing text attribute but same MPN
3407f829-8457-4fda-9a50-f893ceae39b7,CAT-PMP,NEAR_DUPLICATE,CPI-SYN-863345,CPI-SYN-661774,Missing text attribute but same MPN
4b3214d6-9fe7-4c8d-8cc5-2ff254d1fd3d,CAT-PPE,NEAR_DUPLICATE,NEC-SYN-489645,CPI-SYN-713216,Missing text attribute but same MPN
55741ca0-3adf-4138-9375-1029b2a98d48,CAT-PMP,NEAR_DUPLICATE,AHM-SYN-808881,AHM-SYN-371100,Missing text attribute but same MPN
3e928f27-1bf6-4a7d-bcac-39c7e9f74da5,CAT-PMP,NEAR_DUPLICATE,CPI-SYN-299770,BUS-SYN-102188,Missing text attribute but same MPN
a960f2e3-16f0-4365-8881-63e20744defe,CAT-FST,NEAR_DUPLICATE,AHM-SYN-347551,GME-SYN-732173,Missing text attribute but same MPN
2ead018e-dc0f-4ccd-a1ce-719107a68c08,CAT-MTR,NEAR_DUPLICATE,CPI-SYN-280065,BUS-SYN-425855,Missing text attribute but same MPN
14d829ae-488e-4423-9ee1-a62e4683d261,CAT-PIP,NEAR_DUPLICATE,AHM-SYN-383750,GME-SYN-733848,Missing text attribute but same MPN
d18c5d28-5840-4ae0-a308-56343f32f093,CAT-LUB,NEAR_DUPLICATE,AHM-SYN-623392,AHM-SYN-150273,Missing text attribute but same MPN
aa153476-9973-4025-a7df-b46882a61a8e,CAT-FST,NEAR_DUPLICATE,NEC-SYN-765819,CPI-SYN-206818,Missing text attribute but same MPN
3f013280-e5fa-4f26-ba1e-5d6ed0cd3e0a,CAT-VLV,NEAR_DUPLICATE,BUS-SYN-472026,NEC-SYN-843900,Missing text attribute but same MPN
8ce9b004-0a4e-4666-a026-e119386afc2a,CAT-CBL,NEAR_DUPLICATE,GME-SYN-929366,AHM-SYN-514508,Missing text attribute but same MPN
ef4dc93c-0d07-4758-ae96-71985e795036,CAT-INS,NEAR_DUPLICATE,BUS-SYN-525789,NEC-SYN-361334,Missing text attribute but same MPN
887ca21e-f4c9-435f-ad59-392c7ceceec5,CAT-BRG,NEAR_DUPLICATE,BUS-SYN-710633,GME-SYN-371255,Missing text attribute but same MPN
31136436-de1e-4439-8fa0-267288d52f0a,CAT-MTR,NEAR_DUPLICATE,BUS-SYN-669477,AHM-SYN-440566,Missing text attribute but same MPN
f75be5b2-7e6d-4ef2-8de7-d79258391945,CAT-CBL,NEAR_DUPLICATE,AHM-SYN-566097,NEC-SYN-266549,Missing text attribute but same MPN
167b1c8d-2fba-4928-b7b6-b2239846bbcf,CAT-PMP,NEAR_DUPLICATE,CPI-SYN-336615,CPI-SYN-889760,Missing text attribute but same MPN
226f10e1-d2b4-4a71-acd0-d398bdc11e62,CAT-PPE,NEAR_DUPLICATE,NEC-SYN-820574,BUS-SYN-427348,Missing text attribute but same MPN
6e294192-9d82-46ed-a1e6-acce48e783e3,CAT-FST,NEAR_DUPLICATE,NEC-SYN-775904,CPI-SYN-989547,Missing text attribute but same MPN
db8598ae-a0ba-4f5c-9b3b-6481dbd1285e,CAT-MTR,NEAR_DUPLICATE,BUS-SYN-661263,CPI-SYN-329543,Missing text attribute but same MPN
f9a5ae1f-6332-4355-9c12-42431c3e852f,CAT-ELC,NEAR_DUPLICATE,BUS-SYN-464293,CPI-SYN-844418,Missing text attribute but same MPN
d770f84d-e6c5-4454-9c3a-ba14504bc959,CAT-INS,NEAR_DUPLICATE,BUS-SYN-921848,BUS-SYN-908296,Missing text attribute but same MPN
1236bcd6-97c6-4ea6-bb65-56cc50901608,CAT-VLV,NEAR_DUPLICATE,NEC-SYN-245612,BUS-SYN-253122,Missing text attribute but same MPN
1c5dbdcc-728d-48da-986e-1cbeadf3decd,CAT-VLV,NEAR_DUPLICATE,BUS-SYN-714804,CPI-SYN-460733,Missing text attribute but same MPN
a7309bff-4f89-41d6-81a2-c763b3bfd9da,CAT-BRG,NEAR_DUPLICATE,GME-SYN-907023,AHM-SYN-231301,Missing text attribute but same MPN
225a5093-3c51-43d2-855c-e7213b1b8958,CAT-PPE,NEAR_DUPLICATE,AHM-SYN-404064,BUS-SYN-772115,Missing text attribute but same MPN
0d781452-b15d-4cca-8c24-0a5eccc374b6,CAT-LUB,NEAR_DUPLICATE,CPI-SYN-651705,CPI-SYN-481142,Missing text attribute but same MPN
c3c7e24e-d457-417d-a5af-3ca8c5c424f1,CAT-INS,NEAR_DUPLICATE,AHM-SYN-465416,AHM-SYN-937010,Missing text attribute but same MPN
4ee40a7b-8e83-49a1-b200-a67d39ec092a,CAT-PPE,NEAR_DUPLICATE,BUS-SYN-787827,AHM-SYN-620658,Missing text attribute but same MPN
ff641057-7cb8-4612-95fa-fae25767501a,CAT-LUB,NEAR_DUPLICATE,AHM-SYN-401614,AHM-SYN-671917,Missing text attribute but same MPN
edef0816-8690-4f91-bb00-20eb798938a0,CAT-VLV,NEAR_DUPLICATE,GME-SYN-937241,AHM-SYN-336617,Missing text attribute but same MPN
1f953730-410f-4310-b02f-eb63b453c24b,CAT-CBL,NEAR_DUPLICATE,AHM-SYN-857946,NEC-SYN-501422,Missing text attribute but same MPN
1dd7672d-e29f-4ab5-a1d8-1fd58bd27d66,CAT-FST,NEAR_DUPLICATE,GME-SYN-404879,AHM-SYN-965452,Missing text attribute but same MPN
5c8bbd8f-b74c-4e8b-82e0-4d85268151ae,CAT-FLG,NEAR_DUPLICATE,AHM-SYN-435187,AHM-SYN-750750,Missing text attribute but same MPN
b3e31f6a-543d-400b-807e-9e92889462c0,CAT-FST,NEAR_DUPLICATE,GME-SYN-655667,AHM-SYN-214550,Missing text attribute but same MPN
5be2a3bc-e680-4695-b32d-9b75e579ce1f,CAT-BRG,NEAR_DUPLICATE,GME-SYN-174265,AHM-SYN-701439,Missing text attribute but same MPN
faff1efd-a78e-4c8d-bf00-90db12b46f12,CAT-ELC,NEAR_DUPLICATE,GME-SYN-608518,AHM-SYN-969786,Missing text attribute but same MPN
8a6bddb7-e8cf-4e94-9164-0e5246b57e06,CAT-LUB,NEAR_DUPLICATE,GME-SYN-601299,BUS-SYN-700436,Missing text attribute but same MPN
d95554bf-980e-46e7-9b45-efff70c487a9,CAT-BRG,NEAR_DUPLICATE,BUS-SYN-546274,AHM-SYN-244274,Missing text attribute but same MPN
dba393cd-553c-4731-96be-fda4aabff004,CAT-BRG,NEAR_DUPLICATE,NEC-SYN-594507,NEC-SYN-349184,Missing text attribute but same MPN
bead673d-4445-47e5-afb2-0751fa54a7df,CAT-LUB,NEAR_DUPLICATE,NEC-SYN-154635,AHM-SYN-547211,Missing text attribute but same MPN
0720644a-bf49-4917-98d1-3cd66e9fc3a9,CAT-PMP,NEAR_DUPLICATE,CPI-SYN-599233,NEC-SYN-362261,Missing text attribute but same MPN
f39632ee-4ecd-42ec-aedb-79cd5dc06dcf,CAT-PMP,NEAR_DUPLICATE,AHM-SYN-689915,NEC-SYN-619643,Missing text attribute but same MPN
0a1a2be5-2e1a-4bca-aad1-2a6e16456d1e,CAT-BRG,NEAR_DUPLICATE,AHM-SYN-311547,BUS-SYN-302726,Missing text attribute but same MPN
7dfcce9f-765f-44c0-a2f2-c5d905ee2ef0,CAT-FLG,NEAR_DUPLICATE,NEC-SYN-201227,NEC-SYN-288250,Missing text attribute but same MPN
c4bf67a9-92fc-4c9e-9210-1e5c0ef36d5b,CAT-FST,NEAR_DUPLICATE,BUS-SYN-450894,BUS-SYN-697457,Missing text attribute but same MPN
247798b9-ebfa-4415-847a-67dc6869b354,CAT-VLV,NEAR_DUPLICATE,NEC-SYN-339135,CPI-SYN-620488,Missing text attribute but same MPN
862745db-748b-4a37-8ef4-e92501943afa,CAT-GSK,NEAR_DUPLICATE,GME-SYN-788209,BUS-SYN-554363,Missing text attribute but same MPN
299265ce-0404-4531-aed8-2748817d6bda,CAT-CBL,NEAR_DUPLICATE,AHM-SYN-192363,AHM-SYN-105593,Missing text attribute but same MPN
76b0fe43-0945-4c91-b503-11d279e9960e,CAT-VLV,NEAR_DUPLICATE,GME-SYN-792180,AHM-SYN-678281,Missing text attribute but same MPN
8987a9cc-96d2-455a-a8ba-830b952a1b3d,CAT-GSK,NEAR_DUPLICATE,CPI-SYN-360346,GME-SYN-106996,Missing text attribute but same MPN
94ca8362-4f97-445b-adc8-d3d213109a46,CAT-BRG,NEAR_DUPLICATE,AHM-SYN-580646,NEC-SYN-698808,Missing text attribute but same MPN
1495e557-dd26-4436-9af1-1c507e611ede,CAT-PIP,NEAR_DUPLICATE,GME-SYN-986726,GME-SYN-487072,Missing text attribute but same MPN
c7a90d43-2a26-48d2-8779-61ac1bbc6e94,CAT-PMP,NEAR_DUPLICATE,NEC-SYN-422116,GME-SYN-242291,Missing text attribute but same MPN
ae0388b6-1a8a-42e3-85f9-44d910557cf2,CAT-FLG,NEAR_DUPLICATE,GME-SYN-188470,AHM-SYN-723140,Missing text attribute but same MPN
e2f6135e-7960-4162-8345-6659acea1df2,CAT-PPE,NEAR_DUPLICATE,BUS-SYN-491967,BUS-SYN-248584,Missing text attribute but same MPN
73b3bbe8-cdac-42e5-bf11-ceaa82226c4e,CAT-BRG,NEAR_DUPLICATE,NEC-SYN-424707,BUS-SYN-290232,Missing text attribute but same MPN
b9bc0530-a23f-42cb-8d63-47e977469d23,CAT-INS,NEAR_DUPLICATE,NEC-SYN-714732,BUS-SYN-986466,Missing text attribute but same MPN
352bbb8a-db0a-42b3-a44a-c53711a15bd2,CAT-PMP,NEAR_DUPLICATE,GME-SYN-111062,CPI-SYN-323676,Missing text attribute but same MPN
a60cb631-8f8a-4456-9b66-94ef959e18ed,CAT-GSK,NEAR_DUPLICATE,AHM-SYN-586222,CPI-SYN-467140,Missing text attribute but same MPN
50fc3a5e-05cd-4bc6-a1e8-b381b2113de7,CAT-PMP,NEAR_DUPLICATE,AHM-SYN-350382,NEC-SYN-479799,Missing text attribute but same MPN
071bc782-621e-46c1-8fd3-e2f32742343d,CAT-MTR,NEAR_DUPLICATE,AHM-SYN-963943,AHM-SYN-256162,Missing text attribute but same MPN
e1e024aa-be44-43c8-b301-2db5174f0839,CAT-ELC,NEAR_DUPLICATE,AHM-SYN-797759,NEC-SYN-638046,Missing text attribute but same MPN
566a6f58-0c7f-437c-8b81-f5f1b6027f6e,CAT-PIP,NEAR_DUPLICATE,CPI-SYN-370774,AHM-SYN-444951,Missing text attribute but same MPN
b802f90c-62e3-40e0-9db9-2c6e7b61932d,CAT-INS,NEAR_DUPLICATE,AHM-SYN-394043,AHM-SYN-486751,Missing text attribute but same MPN
cfa3a9e6-1af4-4c0f-9d07-30b4e06ad8cc,CAT-PMP,NEAR_DUPLICATE,CPI-SYN-821933,GME-SYN-215202,Missing text attribute but same MPN
3d20969a-6875-4ea4-9af7-0200aa895de0,CAT-INS,NEAR_DUPLICATE,GME-SYN-541996,GME-SYN-167981,Missing text attribute but same MPN
02c224f5-74e4-419e-a51e-d313f442f155,CAT-PMP,NEAR_DUPLICATE,AHM-SYN-534498,NEC-SYN-430915,Missing text attribute but same MPN
5b3db175-8cea-4218-af69-6419729ad9c8,CAT-FLG,NEAR_DUPLICATE,BUS-SYN-289903,CPI-SYN-902031,Missing text attribute but same MPN
cdc43b86-c3b0-422d-a97f-d36f8e21ffba,CAT-ELC,NEAR_DUPLICATE,CPI-SYN-837445,AHM-SYN-768987,Missing text attribute but same MPN
7c3450be-0793-4285-92f0-1081216b3dce,CAT-FLG,NEAR_DUPLICATE,AHM-SYN-894866,AHM-SYN-918936,Missing text attribute but same MPN
400abf56-df9d-4090-a558-d00ae5bdc8c7,CAT-INS,NEAR_DUPLICATE,NEC-SYN-393318,NEC-SYN-324134,Missing text attribute but same MPN
f26243e8-5a27-4e12-a094-e971b7eca606,CAT-ELC,NEAR_DUPLICATE,BUS-SYN-287783,GME-SYN-741685,Missing text attribute but same MPN
160efc02-109e-4783-9f1d-da514d61e67f,CAT-BRG,NEAR_DUPLICATE,AHM-SYN-969879,GME-SYN-557415,Missing text attribute but same MPN
a830fa86-700d-4e1f-be9b-a8b3e7bc5dc7,CAT-PMP,NEAR_DUPLICATE,NEC-SYN-401695,BUS-SYN-880166,Missing text attribute but same MPN
10619777-c678-42f1-a8cb-9903f0139427,CAT-PPE,NEAR_DUPLICATE,AHM-SYN-512221,NEC-SYN-422648,Missing text attribute but same MPN
28704b5e-ab63-49e5-ab8f-54b70ab2ddc7,CAT-MTR,NEAR_DUPLICATE,AHM-SYN-600546,BUS-SYN-412344,Missing text attribute but same MPN
15bac75b-faca-4b4b-8558-92f28fc87d66,CAT-FST,NEAR_DUPLICATE,NEC-SYN-686962,AHM-SYN-620084,Missing text attribute but same MPN
65e19f58-fba0-4675-acc5-c73e0602d26d,CAT-VLV,NEAR_DUPLICATE,NEC-SYN-679817,CPI-SYN-581798,Missing text attribute but same MPN
8cda4ce8-99a9-496c-93c1-1175df10b745,CAT-MTR,NEAR_DUPLICATE,BUS-SYN-494367,CPI-SYN-708254,Missing text attribute but same MPN
a7c013a6-873a-475d-a657-141d37787996,CAT-CBL,NEAR_DUPLICATE,BUS-SYN-164336,CPI-SYN-895099,Missing text attribute but same MPN
2f612d48-f40d-424c-af14-31b69867a665,CAT-LUB,NEAR_DUPLICATE,NEC-SYN-804330,CPI-SYN-500787,Missing text attribute but same MPN
2d0170db-cc1a-48c1-b449-dcb0aa2f68b2,CAT-INS,NEAR_DUPLICATE,BUS-SYN-781720,CPI-SYN-950351,Missing text attribute but same MPN
4cc519ca-587a-4b65-a22b-4879ca58185d,CAT-MTR,NEAR_DUPLICATE,AHM-SYN-291475,AHM-SYN-804049,Missing text attribute but same MPN
3639ef57-a6c2-4dbd-91c7-124da5b1cd9c,CAT-CBL,NEAR_DUPLICATE,AHM-SYN-352208,NEC-SYN-592135,Missing text attribute but same MPN
9eb15207-fbd0-40eb-8885-4964b1cfc2a9,CAT-PMP,NEAR_DUPLICATE,BUS-SYN-324400,AHM-SYN-120716,Missing text attribute but same MPN
7436ebf8-9ac5-4570-8a3d-6bf828828e19,CAT-FLG,NEAR_DUPLICATE,CPI-SYN-434619,CPI-SYN-908959,Missing text attribute but same MPN
17f5c6b7-81ec-4d46-b3fd-3f12f701e290,CAT-MTR,NEAR_DUPLICATE,CPI-SYN-159805,GME-SYN-559888,Missing text attribute but same MPN
98eb3f31-5943-4ec0-98e2-25c277b92fdf,CAT-FLG,NEAR_DUPLICATE,BUS-SYN-156018,GME-SYN-249447,Missing text attribute but same MPN
340040d6-96c1-43c5-9807-5f96a7b7e4e1,CAT-FLG,NEAR_DUPLICATE,NEC-SYN-893081,NEC-SYN-105758,Missing text attribute but same MPN
8cfa4e63-8fb8-48c3-bf70-b8592d8a6d07,CAT-VLV,NEAR_DUPLICATE,AHM-SYN-659292,NEC-SYN-235928,Missing text attribute but same MPN
1545a716-e06b-497d-bd5b-d1b8e58d39ea,CAT-INS,NEAR_DUPLICATE,BUS-SYN-464970,CPI-SYN-641135,Missing text attribute but same MPN
27eb47ad-39e4-4afa-8e27-b62e4d21fd34,CAT-GSK,NEAR_DUPLICATE,NEC-SYN-711964,BUS-SYN-457901,Missing text attribute but same MPN
87375d5e-e596-4508-ad8e-e0a25ffefc37,CAT-FLG,NEAR_DUPLICATE,AHM-SYN-817010,CPI-SYN-425835,Missing text attribute but same MPN
fb66715c-151d-4676-ab5a-066b5a0d1053,CAT-FST,NEAR_DUPLICATE,AHM-SYN-811029,GME-SYN-447331,Missing text attribute but same MPN
5727076e-7d40-4614-b7b0-17778af06bdf,CAT-FLG,NEAR_DUPLICATE,CPI-SYN-826989,NEC-SYN-852874,Missing text attribute but same MPN
5b624805-eb07-4906-a2ca-5a17fb7c0412,CAT-FLG,NEAR_DUPLICATE,GME-SYN-306565,GME-SYN-602952,Missing text attribute but same MPN
b006e261-2299-4620-98f9-36e5f8726452,CAT-ELC,NEAR_DUPLICATE,CPI-SYN-114110,NEC-SYN-613018,Missing text attribute but same MPN
7ce198ad-ca81-4568-be19-bf144ab50dd0,CAT-GSK,NEAR_DUPLICATE,BUS-SYN-229695,CPI-SYN-492742,Missing text attribute but same MPN
89c2e336-bdb0-48b9-a399-e47148f5f82e,CAT-BRG,NEAR_DUPLICATE,NEC-SYN-277789,BUS-SYN-355284,Missing text attribute but same MPN
a45e4321-b12b-430b-98c5-f009dff673ef,CAT-BRG,NEAR_DUPLICATE,AHM-SYN-107794,NEC-SYN-357187,Missing text attribute but same MPN
2ed9ff4e-b4ef-41ec-8281-d15fd20e0b0c,CAT-INS,NEAR_DUPLICATE,BUS-SYN-605625,AHM-SYN-722199,Missing text attribute but same MPN
0e2b7797-d7c2-4484-8d81-b18063f5c7b3,CAT-CBL,NEAR_DUPLICATE,NEC-SYN-967645,AHM-SYN-128979,Missing text attribute but same MPN
419f0976-31dc-4825-a486-e8af6c2f64e7,CAT-PIP,NEAR_DUPLICATE,BUS-SYN-816337,GME-SYN-276714,Missing text attribute but same MPN
1749042e-14f9-4bd6-a0a8-bf6877e9a5f3,CAT-INS,NEAR_DUPLICATE,BUS-SYN-423485,NEC-SYN-994347,Missing text attribute but same MPN
f4523c20-6abf-43fb-b8a0-5851fc9b26b4,CAT-PPE,NEAR_DUPLICATE,CPI-SYN-270487,BUS-SYN-277496,Missing text attribute but same MPN
3c235239-7fcd-4a91-a7d4-80d77bdb21fc,CAT-FST,NEAR_DUPLICATE,AHM-SYN-770257,BUS-SYN-799056,Missing text attribute but same MPN
dfed804b-8f78-4714-b9fc-0786aea28042,CAT-LUB,NEAR_DUPLICATE,NEC-SYN-574714,CPI-SYN-259179,Missing text attribute but same MPN
f991b559-ab5e-4396-98da-4feefc60977c,CAT-PMP,NEAR_DUPLICATE,NEC-SYN-792951,GME-SYN-771344,Missing text attribute but same MPN
6bd39847-1ff8-487b-a019-582c338af55c,CAT-PMP,NEAR_DUPLICATE,GME-SYN-139888,GME-SYN-283567,Missing text attribute but same MPN
136bc30d-ef4a-4f2e-b40e-e803f33a708b,CAT-MTR,NEAR_DUPLICATE,GME-SYN-231649,CPI-SYN-173848,Missing text attribute but same MPN
f1d60fa7-2c24-4271-8675-32cac7523414,CAT-FST,NEAR_DUPLICATE,NEC-SYN-677799,NEC-SYN-467443,Missing text attribute but same MPN
4bc6f6d3-c605-405b-9976-e9e1de3f21f9,CAT-LUB,NEAR_DUPLICATE,CPI-SYN-312974,CPI-SYN-708123,Missing text attribute but same MPN
6a53a376-95fe-4dfd-ba24-be822d1be8d5,CAT-PMP,NEAR_DUPLICATE,NEC-SYN-111696,AHM-SYN-714533,Missing text attribute but same MPN
9fa0e7bc-d565-434b-95cd-dede92c5e0bf,CAT-PIP,NEAR_DUPLICATE,CPI-SYN-322897,NEC-SYN-704517,Missing text attribute but same MPN
6f69fb32-a08f-405f-ab16-e20a1f8dbfcf,CAT-CBL,NEAR_DUPLICATE,AHM-SYN-767626,AHM-SYN-530394,Missing text attribute but same MPN
d667a6f6-cec4-441d-9b38-e702071a9608,CAT-CBL,NEAR_DUPLICATE,CPI-SYN-969674,CPI-SYN-239956,Missing text attribute but same MPN
84fa44ee-76e1-4215-8996-e646465f0286,CAT-FST,NEAR_DUPLICATE,BUS-SYN-829245,AHM-SYN-994772,Missing text attribute but same MPN
cf6540ff-3475-4817-af70-ba79f268536d,CAT-GSK,NEAR_DUPLICATE,AHM-SYN-946634,CPI-SYN-791616,Missing text attribute but same MPN
ec87e813-989e-4e68-87bd-c99140696848,CAT-FST,NEAR_DUPLICATE,AHM-SYN-666699,AHM-SYN-367393,Missing text attribute but same MPN
c7805aaf-d9ca-4d97-84f3-270b857cc950,CAT-CBL,NEAR_DUPLICATE,GME-SYN-744763,CPI-SYN-124769,Missing text attribute but same MPN
4e917fb3-310b-4329-941a-e200954db4f0,CAT-FLG,NEAR_DUPLICATE,GME-SYN-597811,CPI-SYN-474875,Missing text attribute but same MPN
eb9e774d-3f71-4047-8a1a-f7a181b77d5b,CAT-PMP,NEAR_DUPLICATE,CPI-SYN-701298,NEC-SYN-705606,Missing text attribute but same MPN
1b9ed308-5191-497f-9f58-f3ed27afd01a,CAT-PPE,NEAR_DUPLICATE,CPI-SYN-158008,NEC-SYN-264464,Missing text attribute but same MPN
533fa851-b786-41ea-a368-1e118f4c23f7,CAT-PMP,NEAR_DUPLICATE,AHM-SYN-453027,CPI-SYN-336662,Missing text attribute but same MPN
26c767e8-e58d-4435-bc0f-3d4caf287e6c,CAT-FST,NEAR_DUPLICATE,BUS-SYN-689157,BUS-SYN-337195,Missing text attribute but same MPN
5fa62747-a9b9-4ec4-b7f0-c018a151d7b8,CAT-PMP,NEAR_DUPLICATE,AHM-SYN-329185,BUS-SYN-454041,Missing text attribute but same MPN
501152f0-4f3e-421a-a4e1-70b2cb561edb,CAT-LUB,NEAR_DUPLICATE,CPI-SYN-482929,AHM-SYN-295917,Missing text attribute but same MPN
4632ab1e-a48f-4b85-a650-a11b6c5f62c1,CAT-PIP,NEAR_DUPLICATE,AHM-SYN-311022,BUS-SYN-369497,Missing text attribute but same MPN
cdfb8742-4207-4fca-b016-b037a273b7a3,CAT-GSK,NEAR_DUPLICATE,AHM-SYN-999620,BUS-SYN-644168,Missing text attribute but same MPN
2c83e4de-834b-4472-a4c7-c6bbed0cf0e9,CAT-INS,NEAR_DUPLICATE,BUS-SYN-929328,GME-SYN-249908,Missing text attribute but same MPN
4213316e-18bb-44a8-9a35-d820bba7501b,CAT-PPE,NEAR_DUPLICATE,AHM-SYN-227056,AHM-SYN-848644,Missing text attribute but same MPN
7af34f73-bdf1-4f47-8b24-3d02fc68f8ec,CAT-MTR,NEAR_DUPLICATE,NEC-SYN-941619,BUS-SYN-701717,Missing text attribute but same MPN
991e2352-5b11-4ee7-87df-9b1ded8d6d60,CAT-BRG,NEAR_DUPLICATE,CPI-SYN-296604,NEC-SYN-276538,Missing text attribute but same MPN
509ad453-171d-407d-aa82-2be2e9856c87,CAT-FLG,NEAR_DUPLICATE,AHM-SYN-813523,BUS-SYN-830552,Missing text attribute but same MPN
749d0673-98fd-41a2-b192-a928a1fcaff2,CAT-VLV,NEAR_DUPLICATE,NEC-SYN-728342,BUS-SYN-336624,Missing text attribute but same MPN
97615a78-51e8-4f19-ae0f-64972cccac9e,CAT-INS,NEAR_DUPLICATE,BUS-SYN-205830,BUS-SYN-695110,Missing text attribute but same MPN
2abab399-a347-4587-b0fd-884bf6646df7,CAT-GSK,NEAR_DUPLICATE,AHM-SYN-653693,AHM-SYN-154018,Missing text attribute but same MPN
afb3e0ab-0313-4024-982c-844b254fbc5e,CAT-BRG,NEAR_DUPLICATE,GME-SYN-308003,CPI-SYN-413445,Missing text attribute but same MPN
f4e2c57c-4349-4411-8d6e-cb8c6b204ed9,CAT-BRG,NEAR_DUPLICATE,BUS-SYN-850556,BUS-SYN-300959,Missing text attribute but same MPN
f32d0f23-52e7-466a-9310-041625853333,CAT-PMP,NEAR_DUPLICATE,GME-SYN-894442,AHM-SYN-410733,Missing text attribute but same MPN
657dfdcb-d310-45d3-a96b-5227c7b72a7a,CAT-FLG,NEAR_DUPLICATE,AHM-SYN-383962,BUS-SYN-437141,Missing text attribute but same MPN
46442a58-38dc-4305-bbaf-f66271d679a0,CAT-ELC,NEAR_DUPLICATE,GME-SYN-294258,NEC-SYN-154072,Missing text attribute but same MPN
82990893-08a7-4950-be18-d19f882eee21,CAT-LUB,NEAR_DUPLICATE,AHM-SYN-131998,CPI-SYN-386308,Missing text attribute but same MPN
5606d10c-7058-4f3d-a180-5216ab50b2fe,CAT-ELC,NEAR_DUPLICATE,CPI-SYN-490771,CPI-SYN-669884,Missing text attribute but same MPN
effc36cb-bacb-4458-98f9-4c25e40a90cb,CAT-MTR,NEAR_DUPLICATE,CPI-SYN-131565,NEC-SYN-576813,Missing text attribute but same MPN
c70600f0-29c0-417c-ad27-f50d29cf47bd,CAT-FLG,NEAR_DUPLICATE,NEC-SYN-411912,NEC-SYN-838097,Missing text attribute but same MPN
f7f56e52-4f28-4b96-82bb-302025480045,CAT-PIP,NEAR_DUPLICATE,BUS-SYN-669218,GME-SYN-409744,Missing text attribute but same MPN
e1ccb8e7-5c23-4f5a-b7b8-0ecf5e94e689,CAT-PMP,NEAR_DUPLICATE,BUS-SYN-768305,AHM-SYN-244006,Missing text attribute but same MPN
48ba9c30-5251-44bd-8f98-4617b655ee55,CAT-CBL,NEAR_DUPLICATE,NEC-SYN-411152,BUS-SYN-287791,Missing text attribute but same MPN
2886bd05-9122-4226-9739-57e551303fc9,CAT-FLG,NEAR_DUPLICATE,CPI-SYN-173888,GME-SYN-989522,Missing text attribute but same MPN
7fb8ba8b-51c5-4d06-a63a-fbf440f318d4,CAT-GSK,NEAR_DUPLICATE,GME-SYN-894211,AHM-SYN-822396,Missing text attribute but same MPN
7f866019-b8c3-429b-94b7-a808a802283a,CAT-PPE,NEAR_DUPLICATE,AHM-SYN-771566,NEC-SYN-530975,Missing text attribute but same MPN
5871d5fd-052d-417e-bd43-7290f7252c47,CAT-VLV,NEAR_DUPLICATE,GME-SYN-736452,AHM-SYN-458877,Missing text attribute but same MPN
3f1efcad-dada-4251-aab9-39b07604d082,CAT-BRG,NEAR_DUPLICATE,CPI-SYN-203833,NEC-SYN-581474,Missing text attribute but same MPN
ded81932-da7b-4d10-88c1-647e4834dd17,CAT-FLG,NEAR_DUPLICATE,CPI-SYN-146249,CPI-SYN-109648,Missing text attribute but same MPN
19ef54b1-56f6-4d99-9017-b62213fd10dc,CAT-INS,NEAR_DUPLICATE,CPI-SYN-373785,GME-SYN-499772,Missing text attribute but same MPN
f6d181f8-c9dc-4ab4-b32b-a5fd518f2299,CAT-PMP,NEAR_DUPLICATE,GME-SYN-796455,NEC-SYN-868844,Missing text attribute but same MPN
7f5dd15e-f4a3-4fad-99f8-546c20f4d74b,CAT-GSK,NEAR_DUPLICATE,NEC-SYN-444983,NEC-SYN-171058,Missing text attribute but same MPN
0ddf08cb-4807-427e-9569-46bc8844785f,CAT-FST,NEAR_DUPLICATE,BUS-SYN-874371,NEC-SYN-866463,Missing text attribute but same MPN
d341253f-1d46-4e73-94d0-8a379a784899,CAT-MTR,NEAR_DUPLICATE,NEC-SYN-572073,CPI-SYN-911418,Missing text attribute but same MPN
f4fa807b-3d07-4714-8262-a91be2feb95e,CAT-ELC,NEAR_DUPLICATE,NEC-SYN-396058,AHM-SYN-177757,Missing text attribute but same MPN
1cb68da8-3256-4a9b-ab30-278f68e3324d,CAT-VLV,NEAR_DUPLICATE,BUS-SYN-256309,BUS-SYN-580252,Missing text attribute but same MPN
37af0c28-b5ff-4959-bcc5-ab8f66ca1f77,CAT-PMP,NEAR_DUPLICATE,AHM-SYN-856770,CPI-SYN-369607,Missing text attribute but same MPN
cc0b688f-bd9c-4fc2-afaa-730640dcef21,CAT-PPE,NEAR_DUPLICATE,CPI-SYN-920283,GME-SYN-740498,Missing text attribute but same MPN
19a99e84-3860-418a-8cc0-ae9eab7e36ad,CAT-PPE,NEAR_DUPLICATE,BUS-SYN-752804,CPI-SYN-787400,Missing text attribute but same MPN
3b0b89e9-b882-4281-9528-d5f22e5aee47,CAT-VLV,NEAR_DUPLICATE,BUS-SYN-518598,GME-SYN-302322,Missing text attribute but same MPN
c22f214a-d313-473d-b7df-2ef116ef0db6,CAT-MTR,NEAR_DUPLICATE,BUS-SYN-468852,CPI-SYN-293241,Missing text attribute but same MPN
0331f41b-1522-4575-87bc-df4d6064e20c,CAT-PPE,NEAR_DUPLICATE,BUS-SYN-544042,BUS-SYN-866835,Missing text attribute but same MPN
c91ba6c3-82a0-4296-a097-c7201b484247,CAT-ELC,NEAR_DUPLICATE,NEC-SYN-861657,NEC-SYN-811413,Missing text attribute but same MPN
3cfa3268-d2fa-432f-bfdc-f358ca44951e,CAT-BRG,NEAR_DUPLICATE,NEC-SYN-346115,GME-SYN-226475,Missing text attribute but same MPN
88368edb-6391-4847-b7f1-af288a863fbd,CAT-INS,NEAR_DUPLICATE,GME-SYN-390589,BUS-SYN-674429,Missing text attribute but same MPN
480bc27a-429f-445b-bb9d-8ee74fc09f87,CAT-FLG,NEAR_DUPLICATE,NEC-SYN-403731,AHM-SYN-642156,Missing text attribute but same MPN
50a75f82-8879-441f-92c9-e3fb8406effc,CAT-PIP,NEAR_DUPLICATE,GME-SYN-280135,CPI-SYN-456412,Missing text attribute but same MPN
7c185878-e255-4d84-9b27-61d0634d1e50,CAT-FLG,NEAR_DUPLICATE,NEC-SYN-433140,NEC-SYN-157727,Missing text attribute but same MPN
e91eded8-1c7f-4503-8ef3-4f4905d985d4,CAT-GSK,NEAR_DUPLICATE,CPI-SYN-351641,CPI-SYN-886187,Missing text attribute but same MPN
b65801ab-b9e3-43c3-9750-bd056d0e8f7e,CAT-ELC,NEAR_DUPLICATE,AHM-SYN-258021,AHM-SYN-823082,Missing text attribute but same MPN
2ed8bac8-cb70-48f8-94d2-0e9ed275b7c6,CAT-CBL,NEAR_DUPLICATE,AHM-SYN-706628,CPI-SYN-860301,Missing text attribute but same MPN
55a435bb-e863-40fb-999b-98bc80eccf54,CAT-PIP,NEAR_DUPLICATE,NEC-SYN-683034,CPI-SYN-343872,Missing text attribute but same MPN
60486ef7-a774-469e-809e-07533097daee,CAT-BRG,NEAR_DUPLICATE,NEC-SYN-542034,CPI-SYN-500394,Missing text attribute but same MPN
6306c275-0787-4551-a95e-b20abd9b2068,CAT-PPE,NEAR_DUPLICATE,BUS-SYN-223218,CPI-SYN-843849,Missing text attribute but same MPN
d7113740-6f24-4f73-9f76-13ffa52e2fcd,CAT-BRG,NEAR_DUPLICATE,BUS-SYN-965648,AHM-SYN-254628,Missing text attribute but same MPN
3fb92e97-d120-4323-a344-55ba623dab2b,CAT-VLV,NEAR_DUPLICATE,GME-SYN-116809,CPI-SYN-439021,Missing text attribute but same MPN
aebf52d3-b5ce-443c-a5fc-7fc7ac2aacb2,CAT-LUB,NEAR_DUPLICATE,BUS-SYN-185771,BUS-SYN-572972,Missing text attribute but same MPN
70eae284-b4cb-4622-8ddf-d0642b9d9cf1,CAT-LUB,NEAR_DUPLICATE,NEC-SYN-267960,AHM-SYN-944888,Missing text attribute but same MPN
3da91e8d-9ab3-4561-b064-4d077a0bdcba,CAT-FLG,NEAR_DUPLICATE,NEC-SYN-977040,AHM-SYN-692614,Missing text attribute but same MPN
bcd38a1e-9b18-4b21-9ca1-7fda1ec5bf11,CAT-FST,NEAR_DUPLICATE,NEC-SYN-637956,CPI-SYN-344058,Missing text attribute but same MPN
494ba385-cda1-4c99-a886-f525025ae945,CAT-BRG,NEAR_DUPLICATE,CPI-SYN-690181,BUS-SYN-221821,Missing text attribute but same MPN
0a22761c-2955-4cfb-9dbf-ac1f0987355e,CAT-BRG,NEAR_DUPLICATE,CPI-SYN-322488,AHM-SYN-594490,Missing text attribute but same MPN
41df761f-58a5-48fc-9356-7644702d54de,CAT-PIP,NEAR_DUPLICATE,CPI-SYN-650822,NEC-SYN-224690,Missing text attribute but same MPN
918ff6c1-a062-45b0-a0f1-100a6de1a48b,CAT-FLG,NEAR_DUPLICATE,BUS-SYN-894989,AHM-SYN-544389,Missing text attribute but same MPN
69db39db-f6b3-423a-ae58-d322e1658e6c,CAT-LUB,NEAR_DUPLICATE,NEC-SYN-995393,CPI-SYN-111360,Missing text attribute but same MPN
3029f643-8b60-47cb-886b-5d97c656c64f,CAT-ELC,NEAR_DUPLICATE,NEC-SYN-721842,NEC-SYN-607612,Missing text attribute but same MPN
73c7e590-8a33-4937-bd44-1cefe8a761f4,CAT-LUB,NEAR_DUPLICATE,CPI-SYN-328489,CPI-SYN-376524,Missing text attribute but same MPN
979a0a0d-af47-48f4-8733-1f6251952fd9,CAT-LUB,NEAR_DUPLICATE,NEC-SYN-733142,NEC-SYN-405970,Missing text attribute but same MPN
24ddd49e-9e49-4a6f-b990-49d825681e93,CAT-VLV,NEAR_DUPLICATE,BUS-SYN-855858,AHM-SYN-752477,Missing text attribute but same MPN
96c584d9-53e9-457e-b811-3bf5e7ffba95,CAT-MTR,NEAR_DUPLICATE,BUS-SYN-912639,CPI-SYN-159558,Missing text attribute but same MPN
029d008b-2df9-40b4-941c-692ab50aea2c,CAT-GSK,NEAR_DUPLICATE,AHM-SYN-951309,BUS-SYN-314550,Missing text attribute but same MPN
586ac26d-c22f-4358-8dfa-220c3ebbe949,CAT-CBL,NEAR_DUPLICATE,NEC-SYN-845183,BUS-SYN-913418,Missing text attribute but same MPN
463589e2-4bb5-4423-aca7-b3945b38982f,CAT-LUB,NEAR_DUPLICATE,BUS-SYN-446592,CPI-SYN-399795,Missing text attribute but same MPN
b76728b6-2361-49dc-8ca3-f2d0e481f7b8,CAT-PMP,NEAR_DUPLICATE,BUS-SYN-886590,CPI-SYN-284473,Missing text attribute but same MPN
95624e3f-2497-4106-bfc8-69e5de773323,CAT-CBL,NEAR_DUPLICATE,AHM-SYN-661911,NEC-SYN-888789,Missing text attribute but same MPN
9490d58f-13b0-43dd-8e35-a4db687bbb08,CAT-LUB,NEAR_DUPLICATE,AHM-SYN-446371,GME-SYN-860268,Missing text attribute but same MPN
5c9cf8ac-ca57-4fb3-87c0-a654e08aa0d1,CAT-PPE,NEAR_DUPLICATE,BUS-SYN-744736,AHM-SYN-757739,Missing text attribute but same MPN
f852e9e6-8925-4147-af7a-050f282c4f26,CAT-ELC,NEAR_DUPLICATE,GME-SYN-294225,NEC-SYN-650514,Missing text attribute but same MPN
befc5cad-ab3c-40b7-a042-48343f38d4c6,CAT-ELC,NEAR_DUPLICATE,CPI-SYN-604326,BUS-SYN-714683,Missing text attribute but same MPN
33fce48d-7380-4ad6-9711-5c50de529252,CAT-FST,NEAR_DUPLICATE,CPI-SYN-159980,AHM-SYN-598973,Missing text attribute but same MPN
c1bf2abe-2dc2-4543-a299-e99ea1d5007b,CAT-FLG,NEAR_DUPLICATE,GME-SYN-349952,NEC-SYN-216428,Missing text attribute but same MPN
56ee58f9-0ae2-4dbf-86bc-ed6c9f349ba6,CAT-PPE,NEAR_DUPLICATE,AHM-SYN-633606,AHM-SYN-929284,Missing text attribute but same MPN
be28ede5-e5b9-489f-9abc-f3be875e2d52,CAT-INS,NEAR_DUPLICATE,BUS-SYN-564795,BUS-SYN-642720,Missing text attribute but same MPN
d1f00a4b-ac23-4e4b-a926-5e341af96ecc,CAT-PPE,NEAR_DUPLICATE,GME-SYN-695528,AHM-SYN-563043,Missing text attribute but same MPN
52f9b62f-82ea-4aad-86e9-24a10139e9af,CAT-PPE,NEAR_DUPLICATE,AHM-SYN-769362,BUS-SYN-443147,Missing text attribute but same MPN
1977f384-c6b0-4f09-99b8-2efe0b90d911,CAT-ELC,NEAR_DUPLICATE,GME-SYN-250663,CPI-SYN-769988,Missing text attribute but same MPN
5381c504-7a56-4033-9f6b-d4a35f9e1c43,CAT-PMP,NEAR_DUPLICATE,GME-SYN-872830,NEC-SYN-197785,Missing text attribute but same MPN
1fb9f6ce-1ef2-4916-87b2-5a40fca728cc,CAT-BRG,NEAR_DUPLICATE,CPI-SYN-872958,CPI-SYN-447633,Missing text attribute but same MPN
03479cee-ab50-458e-9535-b6874c5a1350,CAT-LUB,NEAR_DUPLICATE,NEC-SYN-922100,AHM-SYN-481793,Missing text attribute but same MPN
3f8b8203-98df-41d4-9bf7-cdffd751c9c6,CAT-FLG,NEAR_DUPLICATE,AHM-SYN-789774,GME-SYN-461652,Missing text attribute but same MPN
5a88f1ce-f9c6-4904-ba69-8597d8a0803b,CAT-FLG,NEAR_DUPLICATE,AHM-SYN-730121,BUS-SYN-809920,Missing text attribute but same MPN
545590ff-13cd-4075-8098-643e4a6f7386,CAT-LUB,NEAR_DUPLICATE,NEC-SYN-349935,GME-SYN-590520,Missing text attribute but same MPN
5c66a059-7a5c-4aa2-b0e1-763189630bbb,CAT-CBL,NEAR_DUPLICATE,CPI-SYN-889075,BUS-SYN-194927,Missing text attribute but same MPN
208c21ae-72cf-4926-a7ec-87ec452043f9,CAT-FST,NEAR_DUPLICATE,GME-SYN-141967,GME-SYN-469740,Missing text attribute but same MPN
5b1dce71-2086-4089-a85e-600ebfa97b4e,CAT-PMP,NEAR_DUPLICATE,BUS-SYN-418092,NEC-SYN-864711,Missing text attribute but same MPN
faf358ff-c9d2-4f00-8edd-91fdd6437dae,CAT-CBL,NEAR_DUPLICATE,GME-SYN-946385,CPI-SYN-305726,Missing text attribute but same MPN
3dbec32f-a601-4905-8a0f-d956ead5b11a,CAT-FST,NEAR_DUPLICATE,GME-SYN-301810,BUS-SYN-193483,Missing text attribute but same MPN
f2da9006-ba32-4f8d-91c0-940ced40a9ef,CAT-MTR,NEAR_DUPLICATE,CPI-SYN-764267,CPI-SYN-682839,Missing text attribute but same MPN
a75106ce-3444-472d-99a5-fc491d8fbba8,CAT-FST,NEAR_DUPLICATE,NEC-SYN-666626,CPI-SYN-717083,Missing text attribute but same MPN
1631509f-bab4-4800-a1d5-4e26facdbf11,CAT-LUB,NEAR_DUPLICATE,GME-SYN-432667,AHM-SYN-132118,Missing text attribute but same MPN
3ed0046d-871a-4181-8afd-c7aecf385a91,CAT-BRG,NEAR_DUPLICATE,AHM-SYN-855047,CPI-SYN-966505,Missing text attribute but same MPN
ae8f5a8f-a39c-4fab-96f3-95df5aa9f488,CAT-CBL,NEAR_DUPLICATE,BUS-SYN-853364,BUS-SYN-435388,Missing text attribute but same MPN
97b0a2d8-50eb-4380-9386-789c5fc63659,CAT-MTR,NEAR_DUPLICATE,BUS-SYN-421534,CPI-SYN-316240,Missing text attribute but same MPN
8b9b7622-52a9-41ab-912b-a7944ed380ed,CAT-FLG,NEAR_DUPLICATE,NEC-SYN-439853,NEC-SYN-335034,Missing text attribute but same MPN
8dc79bf4-08a9-4486-ac47-0c3ac36ac4f8,CAT-CBL,NEAR_DUPLICATE,GME-SYN-241462,NEC-SYN-566111,Missing text attribute but same MPN
4c5381ee-ff77-431d-8be5-e3d63b9c2c17,CAT-MTR,NEAR_DUPLICATE,CPI-SYN-722040,GME-SYN-888191,Missing text attribute but same MPN
7515f157-91b9-41a4-b754-35be1ad538b8,CAT-FLG,NEAR_DUPLICATE,AHM-SYN-842818,GME-SYN-739960,Missing text attribute but same MPN
8783913c-247e-42c6-828b-b6ae8fc302f9,CAT-FLG,NEAR_DUPLICATE,BUS-SYN-109607,AHM-SYN-433776,Missing text attribute but same MPN
d290845d-71ad-4723-9ada-c64bafbefec1,CAT-INS,NEAR_DUPLICATE,BUS-SYN-888824,NEC-SYN-258228,Missing text attribute but same MPN
a3312553-00be-4168-a990-7a34fb2bb37b,CAT-PIP,NEAR_DUPLICATE,NEC-SYN-305437,CPI-SYN-426273,Missing text attribute but same MPN
a47ab579-9ac0-41a8-bbaa-6c5cfbc0927f,CAT-INS,NEAR_DUPLICATE,CPI-SYN-792246,AHM-SYN-251204,Missing text attribute but same MPN
f92cf636-d5d6-4fe5-be98-ffe3509af75b,CAT-MTR,NEAR_DUPLICATE,AHM-SYN-290590,AHM-SYN-859577,Missing text attribute but same MPN
7205433f-bd48-445c-b6f1-3eda15b2cac5,CAT-INS,NEAR_DUPLICATE,NEC-SYN-267659,GME-SYN-195615,Missing text attribute but same MPN
f2378bd3-7252-4a1d-9c1d-2896010decd9,CAT-BRG,NEAR_DUPLICATE,GME-SYN-624115,AHM-SYN-361026,Missing text attribute but same MPN
b418b0a4-4a37-48e1-be45-3d0c08235a21,CAT-PIP,NEAR_DUPLICATE,BUS-SYN-355638,GME-SYN-197194,Missing text attribute but same MPN
fe4dce6e-6315-4814-a15d-841460bd8165,CAT-LUB,NEAR_DUPLICATE,CPI-SYN-590357,AHM-SYN-854863,Missing text attribute but same MPN
ebf7beb4-1c8f-4cb9-8ad5-0c57cd65f49d,CAT-PPE,NEAR_DUPLICATE,AHM-SYN-792250,NEC-SYN-337234,Missing text attribute but same MPN
c459a92a-7c14-446e-bfda-673edf19201b,CAT-GSK,NEAR_DUPLICATE,CPI-SYN-654437,CPI-SYN-111927,Missing text attribute but same MPN
4c6f26a5-36cf-4b12-9993-a9d6a84d9b38,CAT-PMP,NEAR_DUPLICATE,NEC-SYN-439497,AHM-SYN-763223,Missing text attribute but same MPN
e5b219a7-1a46-4646-9750-1286b2436843,CAT-MTR,NEAR_DUPLICATE,AHM-SYN-571797,BUS-SYN-795773,Missing text attribute but same MPN
98129117-e51b-49db-ae2f-9fca6782f1c4,CAT-PIP,NEAR_DUPLICATE,CPI-SYN-442961,BUS-SYN-110849,Missing text attribute but same MPN
c33c8e09-74ec-4e85-b89f-d4d774275bad,CAT-INS,NEAR_DUPLICATE,CPI-SYN-329354,BUS-SYN-434281,Missing text attribute but same MPN
f8bf47bd-bc11-463b-b33e-433a0491456a,CAT-ELC,NEAR_DUPLICATE,NEC-SYN-171545,GME-SYN-339291,Missing text attribute but same MPN
3f569743-f83f-4c52-bf15-f394baccb367,CAT-BRG,NEAR_DUPLICATE,AHM-SYN-675759,CPI-SYN-811422,Missing text attribute but same MPN
0982a22d-99c3-49a7-8be4-cbe163957742,CAT-ELC,NEAR_DUPLICATE,CPI-SYN-404997,NEC-SYN-389632,Missing text attribute but same MPN
0c3873dd-832a-4279-bb09-02bf20cd9eab,CAT-BRG,NEAR_DUPLICATE,GME-SYN-251389,BUS-SYN-590610,Missing text attribute but same MPN
523cb8a3-1750-4b7c-9c0f-af0451c64cb9,CAT-INS,NEAR_DUPLICATE,NEC-SYN-990819,BUS-SYN-622208,Missing text attribute but same MPN
17a18524-3044-4978-98aa-bd89f8d059ce,CAT-FLG,NEAR_DUPLICATE,CPI-SYN-164080,BUS-SYN-429966,Missing text attribute but same MPN
f93471a1-cdc5-4cd8-a643-0d2b1c8c6f19,CAT-PPE,NEAR_DUPLICATE,GME-SYN-915907,AHM-SYN-657130,Missing text attribute but same MPN
159f0555-6560-4241-a66b-dc11e22561d9,CAT-FST,NEAR_DUPLICATE,AHM-SYN-577968,BUS-SYN-724645,Missing text attribute but same MPN
667a5494-bd87-4a86-b905-7d8cf380c951,CAT-CBL,NEAR_DUPLICATE,GME-SYN-115717,CPI-SYN-532951,Missing text attribute but same MPN
a24e768a-5f3c-4b3b-9d6f-252996a5896a,CAT-PIP,NEAR_DUPLICATE,NEC-SYN-361165,CPI-SYN-927704,Missing text attribute but same MPN
438b2ff1-bf41-4a29-ad90-22d8ef2b29bb,CAT-PMP,NEAR_DUPLICATE,CPI-SYN-863665,GME-SYN-190515,Missing text attribute but same MPN
3d4838cf-9d10-41d5-b418-9860a55a7934,CAT-PIP,NEAR_DUPLICATE,CPI-SYN-302260,NEC-SYN-674783,Missing text attribute but same MPN
1f949e2c-7e25-4a4c-bc06-b3681ff10e4f,CAT-GSK,NEAR_DUPLICATE,GME-SYN-157206,NEC-SYN-786710,Missing text attribute but same MPN
1d1b44a4-15c8-403a-8ea2-aaa13195fc9c,CAT-INS,NEAR_DUPLICATE,AHM-SYN-615835,CPI-SYN-635811,Missing text attribute but same MPN
4af20133-6074-4fe3-8129-9c752bf7d133,CAT-MTR,NEAR_DUPLICATE,BUS-SYN-851129,BUS-SYN-648680,Missing text attribute but same MPN
934f750d-80b8-45d3-846b-7bf14eb337e4,CAT-BRG,NEAR_DUPLICATE,NEC-SYN-846788,GME-SYN-865837,Missing text attribute but same MPN
4074bf15-95ad-48c8-8245-f429fafeb089,CAT-GSK,NEAR_DUPLICATE,CPI-SYN-555417,GME-SYN-389256,Missing text attribute but same MPN
674b0a46-7de2-4589-9cf3-ba8aa013aa2f,CAT-PPE,NEAR_DUPLICATE,CPI-SYN-897059,AHM-SYN-137703,Missing text attribute but same MPN
661929a9-22bf-4590-9869-2d9ed329e384,CAT-PMP,NEAR_DUPLICATE,BUS-SYN-956253,AHM-SYN-503177,Missing text attribute but same MPN
48bda464-47f8-4bc3-88ae-814985c929f5,CAT-CBL,NEAR_DUPLICATE,GME-SYN-573379,CPI-SYN-100062,Missing text attribute but same MPN
fa2b6a47-59c3-4e8a-af3c-1ae326cab31a,CAT-GSK,NEAR_DUPLICATE,CPI-SYN-926655,NEC-SYN-377779,Missing text attribute but same MPN
36ec01d4-0742-4858-ba59-01ca5dc2bbcf,CAT-CBL,NEAR_DUPLICATE,NEC-SYN-271992,GME-SYN-512787,Missing text attribute but same MPN
01d665cf-5390-4126-bfda-d5fe67dab964,CAT-PMP,NEAR_DUPLICATE,NEC-SYN-338441,AHM-SYN-450912,Missing text attribute but same MPN
68c34ef3-3853-4047-a04c-8e2969ce9eeb,CAT-CBL,NEAR_DUPLICATE,GME-SYN-446117,NEC-SYN-823410,Missing text attribute but same MPN
351f0a47-60c7-486b-b1bf-fa28804494bd,CAT-VLV,NEAR_DUPLICATE,BUS-SYN-395171,BUS-SYN-441441,Missing text attribute but same MPN
c32b1944-40d4-468e-86df-5675c9fde0b3,CAT-PMP,NEAR_DUPLICATE,AHM-SYN-294749,NEC-SYN-997397,Missing text attribute but same MPN
9d1f4c2f-58a4-4b1a-ad03-a5c9c1498ef5,CAT-CBL,NEAR_DUPLICATE,BUS-SYN-395281,BUS-SYN-598666,Missing text attribute but same MPN
c6ca4517-594a-42fd-bd71-508e526f030c,CAT-CBL,NEAR_DUPLICATE,BUS-SYN-300449,NEC-SYN-446478,Missing text attribute but same MPN
29f68b09-2cba-48e0-a469-9b77414351c3,CAT-MTR,NEAR_DUPLICATE,NEC-SYN-734678,CPI-SYN-336584,Missing text attribute but same MPN
3603354d-1e72-47b7-ba83-106ed9c0d76e,CAT-FST,NEAR_DUPLICATE,GME-SYN-904943,NEC-SYN-891502,Missing text attribute but same MPN
7c564c7e-1895-49d8-bf7f-a35d814b3d61,CAT-MTR,NEAR_DUPLICATE,BUS-SYN-407384,BUS-SYN-607556,Missing text attribute but same MPN
c0c467a8-673a-4eb7-9722-2a6c6e9666fc,CAT-GSK,NEAR_DUPLICATE,NEC-SYN-382223,NEC-SYN-964819,Missing text attribute but same MPN
1b2ebec7-fba8-47fd-9900-09434745a6f2,CAT-MTR,NEAR_DUPLICATE,NEC-SYN-541208,CPI-SYN-266605,Missing text attribute but same MPN
67990e9e-6154-448f-bbb5-d6cb30e94c94,CAT-GSK,NEAR_DUPLICATE,BUS-SYN-322161,AHM-SYN-690182,Missing text attribute but same MPN
017e2248-706e-4d28-a6a5-1a82ebbf1c61,CAT-CBL,NEAR_DUPLICATE,GME-SYN-146930,CPI-SYN-178533,Missing text attribute but same MPN
f79b85ee-7e4a-431e-87ea-6819137a1603,CAT-FST,NEAR_DUPLICATE,AHM-SYN-560875,AHM-SYN-612402,Missing text attribute but same MPN
c3035953-662d-4d3b-b06c-894e0e7bc4b6,CAT-ELC,NEAR_DUPLICATE,CPI-SYN-291141,CPI-SYN-669677,Missing text attribute but same MPN
c30e037b-7e5e-47df-959e-793d1e71fb4e,CAT-PIP,NEAR_DUPLICATE,GME-SYN-258643,GME-SYN-992326,Missing text attribute but same MPN
17357c38-2ebf-4eb6-8bd7-d7753d2039cc,CAT-BRG,NEAR_DUPLICATE,GME-SYN-137554,BUS-SYN-983437,Missing text attribute but same MPN
e1fd77bb-bea0-4769-95aa-b3655bd2d5ed,CAT-CBL,NEAR_DUPLICATE,CPI-SYN-922685,NEC-SYN-875953,Missing text attribute but same MPN
c94dd90b-591e-411a-8288-48b55a66dd7a,CAT-MTR,NEAR_DUPLICATE,AHM-SYN-364846,BUS-SYN-513690,Missing text attribute but same MPN
16e8d9ed-4421-4a24-ba26-fe689f7e6eed,CAT-BRG,NEAR_DUPLICATE,GME-SYN-739945,CPI-SYN-200919,Missing text attribute but same MPN
c4504f98-3ea4-4710-ae15-b28e9d9de3fe,CAT-PPE,NEAR_DUPLICATE,CPI-SYN-853072,AHM-SYN-688702,Missing text attribute but same MPN
093861a8-80e6-42fd-934f-47d4014e74bb,CAT-CBL,NEAR_DUPLICATE,AHM-SYN-539066,NEC-SYN-664708,Missing text attribute but same MPN
ce3b6c20-8188-467f-a12e-58f5cd7b98d6,CAT-MTR,NEAR_DUPLICATE,NEC-SYN-626240,AHM-SYN-987765,Missing text attribute but same MPN
64a25303-aca4-4db6-a3ea-cd09b112a3a1,CAT-PIP,NEAR_DUPLICATE,BUS-SYN-321133,GME-SYN-695947,Missing text attribute but same MPN
97da9419-1357-434a-be64-28cdd8917a6b,CAT-VLV,NEAR_DUPLICATE,BUS-SYN-634811,GME-SYN-446833,Missing text attribute but same MPN
9b5f9852-c93c-48fd-9f3b-e03a1a45562f,CAT-PIP,NEAR_DUPLICATE,GME-SYN-490364,AHM-SYN-181656,Missing text attribute but same MPN
5d122e7b-9f66-4152-a26a-e9d77aa20b8d,CAT-PIP,NEAR_DUPLICATE,BUS-SYN-151621,BUS-SYN-881861,Missing text attribute but same MPN
8589dbd5-38ee-40fb-bee1-f548313fee39,CAT-LUB,NEAR_DUPLICATE,BUS-SYN-202415,GME-SYN-614464,Missing text attribute but same MPN
60d3baf6-78cf-491f-a7bd-e13a5b2d53ac,CAT-INS,NEAR_DUPLICATE,GME-SYN-350972,NEC-SYN-765555,Missing text attribute but same MPN
bb07c0c0-eab2-402d-9b61-5e44af8d57c2,CAT-MTR,NEAR_DUPLICATE,BUS-SYN-878724,NEC-SYN-933668,Missing text attribute but same MPN
b19376af-99fb-42c4-b6a4-f8de639c809d,CAT-VLV,NEAR_DUPLICATE,AHM-SYN-438686,BUS-SYN-308719,Missing text attribute but same MPN
372d5076-bea8-46da-b2cf-556681da7eb4,CAT-VLV,NEAR_DUPLICATE,BUS-SYN-129104,AHM-SYN-152553,Missing text attribute but same MPN
4ba30cf5-9ba1-4bf6-847f-b607cdae2c6d,CAT-ELC,NEAR_DUPLICATE,NEC-SYN-709204,AHM-SYN-324796,Missing text attribute but same MPN
d67c26e9-e9cc-4e39-a587-4ca2ae385549,CAT-FLG,NEAR_DUPLICATE,AHM-SYN-749415,NEC-SYN-969088,Missing text attribute but same MPN
50b17a77-da38-4a36-8a16-bcb8f5c0138a,CAT-PPE,NEAR_DUPLICATE,AHM-SYN-977971,BUS-SYN-597297,Missing text attribute but same MPN
0d2ef8d3-3b12-49d2-91d0-5bd9053458a9,CAT-PMP,NEAR_DUPLICATE,AHM-SYN-886026,CPI-SYN-786660,Missing text attribute but same MPN
b966afa2-a495-4272-8f75-a2d80075e566,CAT-FST,NEAR_DUPLICATE,NEC-SYN-694165,AHM-SYN-281550,Missing text attribute but same MPN
9ca65382-ef71-4df3-b61d-56f0be61557c,CAT-INS,NEAR_DUPLICATE,NEC-SYN-119275,GME-SYN-833688,Missing text attribute but same MPN
62c59dc2-a0c0-440e-be9d-ca8b461651a4,CAT-BRG,NEAR_DUPLICATE,AHM-SYN-410235,GME-SYN-418645,Missing text attribute but same MPN
c2c74bec-f896-4c9b-85f0-52345f639da0,CAT-PMP,NEAR_DUPLICATE,NEC-SYN-200370,GME-SYN-785741,Missing text attribute but same MPN
0774fad7-31e3-4213-80db-441a429bdc40,CAT-LUB,NEAR_DUPLICATE,GME-SYN-409762,CPI-SYN-832908,Missing text attribute but same MPN
b8f88894-9603-4491-8526-c5d97dc29b7e,CAT-BRG,NEAR_DUPLICATE,CPI-SYN-316665,BUS-SYN-477155,Missing text attribute but same MPN
b7e3b174-8ccc-4a7f-82b7-21612fc521c2,CAT-BRG,NEAR_DUPLICATE,AHM-SYN-514207,NEC-SYN-521504,Missing text attribute but same MPN
629da189-5bfb-4953-80d8-73f53c62593d,CAT-FLG,NEAR_DUPLICATE,AHM-SYN-540711,GME-SYN-401386,Missing text attribute but same MPN
f39df7f1-e679-4ed3-848b-07facf291d31,CAT-VLV,NEAR_DUPLICATE,NEC-SYN-414720,BUS-SYN-415629,Missing text attribute but same MPN
3326965b-87c8-4071-8b15-61928370d3c0,CAT-GSK,NEAR_DUPLICATE,GME-SYN-559677,CPI-SYN-833596,Missing text attribute but same MPN
0daa5390-fabe-404d-9d0a-718797b1f5b9,CAT-FLG,NEAR_DUPLICATE,CPI-SYN-252677,AHM-SYN-623356,Missing text attribute but same MPN
0cee0dcf-c9f6-47a5-ba08-ada807768df9,CAT-FST,NEAR_DUPLICATE,GME-SYN-447412,CPI-SYN-579185,Missing text attribute but same MPN
17c15c75-6edc-4302-9257-376d784e4894,CAT-MTR,NEAR_DUPLICATE,NEC-SYN-915664,CPI-SYN-935577,Missing text attribute but same MPN
653b8ed6-db80-418a-aae6-8b82817a60c6,CAT-LUB,NEAR_DUPLICATE,AHM-SYN-452981,AHM-SYN-885884,Missing text attribute but same MPN
e7c23e2c-3429-453a-a5df-2e0776dc3c8d,CAT-VLV,NEAR_DUPLICATE,NEC-SYN-853531,NEC-SYN-387662,Missing text attribute but same MPN
78d65bc2-202f-468c-9df4-dc8d2d17bdf0,CAT-BRG,NEAR_DUPLICATE,GME-SYN-297913,NEC-SYN-309710,Missing text attribute but same MPN
529652b5-6ea1-4d07-a8a7-066b6abff2a0,CAT-PMP,NEAR_DUPLICATE,BUS-SYN-349522,AHM-SYN-905093,Missing text attribute but same MPN
d6dd290d-5546-4466-972f-f856d3699563,CAT-FST,NEAR_DUPLICATE,AHM-SYN-860235,CPI-SYN-836060,Missing text attribute but same MPN
0290c60c-696b-4bbc-9c02-6186f85fce42,CAT-PPE,NEAR_DUPLICATE,GME-SYN-359632,GME-SYN-563503,Missing text attribute but same MPN
3b9d3791-6dc0-4ea5-a2fb-d4e17b261af2,CAT-BRG,NEAR_DUPLICATE,NEC-SYN-837509,AHM-SYN-938758,Missing text attribute but same MPN
c44f5dfa-e0e0-4f1a-9569-4971535ea88e,CAT-PPE,NEAR_DUPLICATE,AHM-SYN-251332,CPI-SYN-307300,Missing text attribute but same MPN
c4be1edb-4b6b-45e0-ada9-dd6316158bc1,CAT-GSK,NEAR_DUPLICATE,CPI-SYN-757278,BUS-SYN-457092,Missing text attribute but same MPN
3b31671c-8e60-4f7a-915d-b83ad9db3b47,CAT-BRG,NEAR_DUPLICATE,AHM-SYN-736828,AHM-SYN-787056,Missing text attribute but same MPN
f9a63d4a-deca-45ad-b43f-f5c75e253f32,CAT-MTR,NEAR_DUPLICATE,BUS-SYN-155730,AHM-SYN-332425,Missing text attribute but same MPN
4019e644-59ce-44b6-b5ff-4c16284785e2,CAT-MTR,NEAR_DUPLICATE,GME-SYN-300436,GME-SYN-625110,Missing text attribute but same MPN
1f4aef3a-ddbc-42cc-b115-c45baaf3d6c6,CAT-GSK,NEAR_DUPLICATE,AHM-SYN-173809,GME-SYN-835447,Missing text attribute but same MPN
e2d415f5-16b5-436d-afcd-87ae7e5423b2,CAT-BRG,NEAR_DUPLICATE,BUS-SYN-193845,CPI-SYN-871239,Missing text attribute but same MPN
0297cd52-b919-452b-8ea7-224a119c0846,CAT-PPE,NEAR_DUPLICATE,CPI-SYN-314642,AHM-SYN-287735,Missing text attribute but same MPN
94adafac-903b-4501-bce8-c432621a33a8,CAT-FST,NEAR_DUPLICATE,NEC-SYN-538578,CPI-SYN-183048,Missing text attribute but same MPN
909f4656-073c-4ca0-8ac3-1368537cf64d,CAT-VLV,NEAR_DUPLICATE,AHM-SYN-623511,GME-SYN-303757,Missing text attribute but same MPN
c08db8bd-31ff-4f4a-a9d9-79654028411f,CAT-FST,FUNCTIONALLY_EQUIVALENT,AHM-SYN-457857,GME-SYN-705598,"Different manufacturer, identical core specs"
23a58bcf-c352-431e-a0c6-633e7368da52,CAT-VLV,FUNCTIONALLY_EQUIVALENT,BUS-SYN-560048,BUS-SYN-839451,"Different manufacturer, identical core specs"
ab661dbb-afca-4ece-b15f-45761a954cd5,CAT-CBL,FUNCTIONALLY_EQUIVALENT,NEC-SYN-383967,GME-SYN-663311,"Different manufacturer, identical core specs"
1f4dafba-3e05-462b-92c3-3272d870ac80,CAT-PPE,FUNCTIONALLY_EQUIVALENT,CPI-SYN-295793,GME-SYN-611518,"Different manufacturer, identical core specs"
27febb30-0001-4a79-85e7-b9fbaa60c90a,CAT-PIP,FUNCTIONALLY_EQUIVALENT,CPI-SYN-708252,GME-SYN-299876,"Different manufacturer, identical core specs"
40577288-e3ef-43f1-a870-8ce980f96ca2,CAT-BRG,FUNCTIONALLY_EQUIVALENT,BUS-SYN-757073,GME-SYN-583730,"Different manufacturer, identical core specs"
b0b31bef-16a5-4515-a944-ec18add8766c,CAT-FST,FUNCTIONALLY_EQUIVALENT,NEC-SYN-683433,AHM-SYN-227245,"Different manufacturer, identical core specs"
e1e04923-5fa3-4bb3-a311-b942bc5853ba,CAT-FLG,FUNCTIONALLY_EQUIVALENT,NEC-SYN-193373,AHM-SYN-958224,"Different manufacturer, identical core specs"
deb5683c-35e3-4262-b61a-a63b0f745ae8,CAT-INS,FUNCTIONALLY_EQUIVALENT,GME-SYN-974534,GME-SYN-940738,"Different manufacturer, identical core specs"
2334443d-501c-4200-ba82-4027c1587712,CAT-BRG,FUNCTIONALLY_EQUIVALENT,GME-SYN-854413,NEC-SYN-337322,"Different manufacturer, identical core specs"
0bb2984b-7eeb-4ef2-8505-43436543be7f,CAT-GSK,FUNCTIONALLY_EQUIVALENT,AHM-SYN-718942,AHM-SYN-606949,"Different manufacturer, identical core specs"
78cce459-e6ca-4d40-8c0c-a4e78829767b,CAT-PIP,FUNCTIONALLY_EQUIVALENT,GME-SYN-861578,BUS-SYN-491988,"Different manufacturer, identical core specs"
be30b215-3064-421f-a92c-7318db53e9ce,CAT-VLV,FUNCTIONALLY_EQUIVALENT,BUS-SYN-852657,NEC-SYN-788807,"Different manufacturer, identical core specs"
e7e08587-8e52-4e35-a756-f7886a5c3eee,CAT-LUB,FUNCTIONALLY_EQUIVALENT,CPI-SYN-774513,CPI-SYN-946461,"Different manufacturer, identical core specs"
197fdd1c-3bb5-4734-91dd-354da279b56e,CAT-LUB,FUNCTIONALLY_EQUIVALENT,AHM-SYN-108884,AHM-SYN-918221,"Different manufacturer, identical core specs"
0d151d7d-0274-4ce1-b8c2-64e555fcc3e4,CAT-GSK,FUNCTIONALLY_EQUIVALENT,GME-SYN-996060,CPI-SYN-456175,"Different manufacturer, identical core specs"
18b62684-353b-48a8-b2c1-74c2e70fec87,CAT-VLV,FUNCTIONALLY_EQUIVALENT,GME-SYN-392716,AHM-SYN-753213,"Different manufacturer, identical core specs"
cee994c1-ef03-4a73-abf4-52f9e1cf25c2,CAT-PMP,FUNCTIONALLY_EQUIVALENT,AHM-SYN-833892,AHM-SYN-464899,"Different manufacturer, identical core specs"
61227571-01c3-42a6-aaa0-8839c483b379,CAT-CBL,FUNCTIONALLY_EQUIVALENT,AHM-SYN-427756,NEC-SYN-305773,"Different manufacturer, identical core specs"
5b27123e-e8b1-42a6-9b1e-bdec39a2c06b,CAT-PPE,FUNCTIONALLY_EQUIVALENT,GME-SYN-697220,BUS-SYN-130539,"Different manufacturer, identical core specs"
a142f818-b070-446d-b903-3a69b87e7acf,CAT-ELC,FUNCTIONALLY_EQUIVALENT,GME-SYN-307364,CPI-SYN-448514,"Different manufacturer, identical core specs"
1ba7f34d-dcbd-4357-b59c-e76887f8079d,CAT-CBL,FUNCTIONALLY_EQUIVALENT,BUS-SYN-960291,BUS-SYN-196429,"Different manufacturer, identical core specs"
25a25522-642b-480b-b490-1f59f28d49fe,CAT-VLV,FUNCTIONALLY_EQUIVALENT,AHM-SYN-620397,GME-SYN-156041,"Different manufacturer, identical core specs"
9404305e-b4b0-4cff-ad5a-e5bf6f7ccfe0,CAT-BRG,FUNCTIONALLY_EQUIVALENT,GME-SYN-243176,GME-SYN-221144,"Different manufacturer, identical core specs"
0c7ca1a6-927d-48a0-8484-8a0e2bfd7da7,CAT-CBL,FUNCTIONALLY_EQUIVALENT,AHM-SYN-266936,GME-SYN-683833,"Different manufacturer, identical core specs"
ca549928-9310-45ad-a73b-26d9d0e51987,CAT-MTR,FUNCTIONALLY_EQUIVALENT,AHM-SYN-222542,BUS-SYN-739716,"Different manufacturer, identical core specs"
27be74b9-d5eb-4da6-a122-1ffb33846088,CAT-GSK,FUNCTIONALLY_EQUIVALENT,GME-SYN-838943,AHM-SYN-460582,"Different manufacturer, identical core specs"
67778b4c-38a6-4c41-8589-5038f421fb0d,CAT-INS,FUNCTIONALLY_EQUIVALENT,CPI-SYN-109548,NEC-SYN-895559,"Different manufacturer, identical core specs"
c84e077f-3e58-4cce-a591-22fbca451900,CAT-GSK,FUNCTIONALLY_EQUIVALENT,NEC-SYN-334282,BUS-SYN-610497,"Different manufacturer, identical core specs"
a9b4491e-eed2-405f-b3ab-28fa76654aeb,CAT-GSK,FUNCTIONALLY_EQUIVALENT,GME-SYN-984042,GME-SYN-536474,"Different manufacturer, identical core specs"
dee94c2d-da7e-4044-abd8-1fd5a6b8fda9,CAT-VLV,FUNCTIONALLY_EQUIVALENT,AHM-SYN-493173,BUS-SYN-445892,"Different manufacturer, identical core specs"
acc5f35d-5483-4f41-91f2-26e1cac8ae3d,CAT-GSK,FUNCTIONALLY_EQUIVALENT,CPI-SYN-931053,BUS-SYN-461843,"Different manufacturer, identical core specs"
fa97cfa3-9e8b-4a18-af62-cd83c41ba6e0,CAT-VLV,FUNCTIONALLY_EQUIVALENT,NEC-SYN-897382,BUS-SYN-697416,"Different manufacturer, identical core specs"
7031dcd3-e4c9-489e-a38c-27512be61611,CAT-FLG,FUNCTIONALLY_EQUIVALENT,CPI-SYN-198637,GME-SYN-565099,"Different manufacturer, identical core specs"
844b0318-c34e-4a57-9594-052891af71c9,CAT-BRG,FUNCTIONALLY_EQUIVALENT,NEC-SYN-587523,CPI-SYN-611695,"Different manufacturer, identical core specs"
662d1027-9260-45c9-81d3-adb81de48d78,CAT-MTR,FUNCTIONALLY_EQUIVALENT,BUS-SYN-193324,AHM-SYN-678891,"Different manufacturer, identical core specs"
12a4ca58-e5f2-4cd6-bcab-40c40eb8e2fd,CAT-BRG,FUNCTIONALLY_EQUIVALENT,GME-SYN-949046,CPI-SYN-129562,"Different manufacturer, identical core specs"
c44f150d-77a9-4453-8cb3-7095f3096539,CAT-CBL,FUNCTIONALLY_EQUIVALENT,BUS-SYN-335856,AHM-SYN-793867,"Different manufacturer, identical core specs"
5c565dd1-58fe-4f9c-9a41-aaa9f157feae,CAT-BRG,FUNCTIONALLY_EQUIVALENT,NEC-SYN-690329,NEC-SYN-794215,"Different manufacturer, identical core specs"
36acd199-9179-4808-9711-045965f81f38,CAT-FLG,FUNCTIONALLY_EQUIVALENT,NEC-SYN-460800,NEC-SYN-242441,"Different manufacturer, identical core specs"
e380b5cf-232f-40a2-999b-be6bfd8147fb,CAT-VLV,FUNCTIONALLY_EQUIVALENT,CPI-SYN-724114,GME-SYN-501245,"Different manufacturer, identical core specs"
6a7d4e27-e93d-48b7-bbfe-650e7bd1e60b,CAT-ELC,FUNCTIONALLY_EQUIVALENT,BUS-SYN-701673,CPI-SYN-193173,"Different manufacturer, identical core specs"
ae229ec2-4bfc-4dd8-b255-4a1ad9331c09,CAT-LUB,FUNCTIONALLY_EQUIVALENT,GME-SYN-981567,GME-SYN-746689,"Different manufacturer, identical core specs"
be6c5302-c308-4d12-a04d-27085ab7bcfd,CAT-FLG,FUNCTIONALLY_EQUIVALENT,GME-SYN-673879,BUS-SYN-138904,"Different manufacturer, identical core specs"
c3aba05e-1ee2-4f98-954b-53c546d23288,CAT-ELC,FUNCTIONALLY_EQUIVALENT,AHM-SYN-872081,NEC-SYN-168389,"Different manufacturer, identical core specs"
e01f3c76-c4a9-4d6e-871e-ebe0296f818e,CAT-INS,FUNCTIONALLY_EQUIVALENT,BUS-SYN-941373,BUS-SYN-660289,"Different manufacturer, identical core specs"
9da0b25d-004c-4e56-a7f1-e9835e635979,CAT-LUB,FUNCTIONALLY_EQUIVALENT,AHM-SYN-378913,AHM-SYN-690269,"Different manufacturer, identical core specs"
538a95b9-e6f5-4e15-ab3a-ef2eb3153a82,CAT-BRG,FUNCTIONALLY_EQUIVALENT,AHM-SYN-946520,AHM-SYN-342673,"Different manufacturer, identical core specs"
0d1a3de9-f66a-4732-ab85-d2390ae6e038,CAT-FST,FUNCTIONALLY_EQUIVALENT,BUS-SYN-973970,CPI-SYN-908741,"Different manufacturer, identical core specs"
3bed77b2-4cda-4d67-a785-0ede3ef1bd58,CAT-ELC,FUNCTIONALLY_EQUIVALENT,NEC-SYN-476015,CPI-SYN-105723,"Different manufacturer, identical core specs"
cc5be722-6268-4158-abae-d80098dd56e9,CAT-GSK,FUNCTIONALLY_EQUIVALENT,NEC-SYN-783028,GME-SYN-173206,"Different manufacturer, identical core specs"
0285c9cf-e6e0-473e-bc22-0790881594c0,CAT-PPE,FUNCTIONALLY_EQUIVALENT,AHM-SYN-812193,GME-SYN-418742,"Different manufacturer, identical core specs"
6f32e21f-8c97-46d8-aee2-c165e2d15eed,CAT-ELC,FUNCTIONALLY_EQUIVALENT,BUS-SYN-931854,NEC-SYN-549345,"Different manufacturer, identical core specs"
7311a240-756d-4c8e-993e-22164287d088,CAT-BRG,FUNCTIONALLY_EQUIVALENT,AHM-SYN-738632,NEC-SYN-331334,"Different manufacturer, identical core specs"
b683b980-540a-433c-b36e-9679fc601590,CAT-FST,FUNCTIONALLY_EQUIVALENT,AHM-SYN-765666,NEC-SYN-965826,"Different manufacturer, identical core specs"
e8c5b00f-f4dc-45b3-a897-9f0a1f2c8681,CAT-FST,FUNCTIONALLY_EQUIVALENT,BUS-SYN-154213,CPI-SYN-435924,"Different manufacturer, identical core specs"
5b039daa-4729-47f6-bc04-db3187ba222d,CAT-FLG,FUNCTIONALLY_EQUIVALENT,CPI-SYN-780624,AHM-SYN-499182,"Different manufacturer, identical core specs"
e2101b36-c29a-4ff2-8b49-e3eb9e097449,CAT-GSK,FUNCTIONALLY_EQUIVALENT,CPI-SYN-919469,CPI-SYN-579866,"Different manufacturer, identical core specs"
ab294a54-10f8-4f0e-a894-6b1c91fd4126,CAT-PPE,FUNCTIONALLY_EQUIVALENT,BUS-SYN-740986,CPI-SYN-533562,"Different manufacturer, identical core specs"
d0e12659-c04b-4051-ae52-3e70bc21910d,CAT-MTR,FUNCTIONALLY_EQUIVALENT,BUS-SYN-315307,AHM-SYN-762849,"Different manufacturer, identical core specs"
ece01f50-6d12-4f3a-be98-29465e674032,CAT-BRG,FUNCTIONALLY_EQUIVALENT,AHM-SYN-879160,AHM-SYN-448042,"Different manufacturer, identical core specs"
477275c6-9932-4285-8542-8a0372cc5054,CAT-GSK,FUNCTIONALLY_EQUIVALENT,CPI-SYN-370781,AHM-SYN-207065,"Different manufacturer, identical core specs"
59a326d6-6591-47e3-82c8-9c250dbd7f16,CAT-BRG,FUNCTIONALLY_EQUIVALENT,AHM-SYN-699713,GME-SYN-837041,"Different manufacturer, identical core specs"
c048633b-31e7-413b-9fdd-555ba48c9708,CAT-FST,FUNCTIONALLY_EQUIVALENT,NEC-SYN-360276,BUS-SYN-676993,"Different manufacturer, identical core specs"
c663bf93-70d7-462c-94a9-8040ee6f16a9,CAT-FST,FUNCTIONALLY_EQUIVALENT,GME-SYN-732699,NEC-SYN-872425,"Different manufacturer, identical core specs"
0f0b2192-9c9f-4ce1-a819-13d6bf30e445,CAT-VLV,FUNCTIONALLY_EQUIVALENT,GME-SYN-652958,CPI-SYN-644354,"Different manufacturer, identical core specs"
acd63bd2-45e9-4f2e-8355-a938bb594d1d,CAT-FLG,FUNCTIONALLY_EQUIVALENT,GME-SYN-752676,BUS-SYN-460646,"Different manufacturer, identical core specs"
a48832fb-1a06-4710-95f2-15cdca0bc993,CAT-FST,FUNCTIONALLY_EQUIVALENT,GME-SYN-720949,NEC-SYN-950135,"Different manufacturer, identical core specs"
c00dd764-645e-471d-91a7-425650624f78,CAT-PPE,FUNCTIONALLY_EQUIVALENT,BUS-SYN-215567,AHM-SYN-284877,"Different manufacturer, identical core specs"
6a8b0ef3-5321-4f09-a0eb-ecb25cfddc5c,CAT-GSK,FUNCTIONALLY_EQUIVALENT,BUS-SYN-144152,BUS-SYN-540677,"Different manufacturer, identical core specs"
ac15466b-c75a-4e05-90c5-b75d0db6d479,CAT-FLG,FUNCTIONALLY_EQUIVALENT,GME-SYN-107918,BUS-SYN-111577,"Different manufacturer, identical core specs"
e9f76715-c546-43f8-a5b5-cb292ec58f73,CAT-FST,FUNCTIONALLY_EQUIVALENT,CPI-SYN-751571,NEC-SYN-263761,"Different manufacturer, identical core specs"
2f902de1-f3d7-4060-8245-4b921dc01cdd,CAT-MTR,FUNCTIONALLY_EQUIVALENT,AHM-SYN-274905,NEC-SYN-669524,"Different manufacturer, identical core specs"
ac3afaaf-863d-49e9-ba18-50e15f75d5b5,CAT-INS,FUNCTIONALLY_EQUIVALENT,NEC-SYN-257150,BUS-SYN-774327,"Different manufacturer, identical core specs"
1f8616be-9a47-4a48-bfd9-be0edde6b408,CAT-GSK,FUNCTIONALLY_EQUIVALENT,NEC-SYN-587057,AHM-SYN-194376,"Different manufacturer, identical core specs"
012c3334-3d00-47f7-a13f-5363117472c5,CAT-FLG,FUNCTIONALLY_EQUIVALENT,CPI-SYN-766491,AHM-SYN-870977,"Different manufacturer, identical core specs"
e3141df0-17eb-4ddf-b7c6-c1599b93e14f,CAT-GSK,FUNCTIONALLY_EQUIVALENT,GME-SYN-501481,CPI-SYN-729091,"Different manufacturer, identical core specs"
b29e5066-6e46-4167-82e9-6b487b60cecb,CAT-FLG,FUNCTIONALLY_EQUIVALENT,GME-SYN-867233,CPI-SYN-251987,"Different manufacturer, identical core specs"
0324728a-ddae-4023-89c0-d41d0e393f2d,CAT-PMP,FUNCTIONALLY_EQUIVALENT,AHM-SYN-977952,AHM-SYN-100813,"Different manufacturer, identical core specs"
35196686-8dd4-464e-ae70-4682a3a8a924,CAT-ELC,FUNCTIONALLY_EQUIVALENT,BUS-SYN-961680,CPI-SYN-632536,"Different manufacturer, identical core specs"
0e7dd8ba-59bb-4c77-be84-d2c474f380f0,CAT-BRG,FUNCTIONALLY_EQUIVALENT,BUS-SYN-193056,NEC-SYN-188146,"Different manufacturer, identical core specs"
0d7e06e5-a116-4a15-873c-46f37fc66bb4,CAT-FLG,FUNCTIONALLY_EQUIVALENT,GME-SYN-870658,GME-SYN-229659,"Different manufacturer, identical core specs"
22c2eb8f-9ed2-40ec-83c0-5af23f3d4146,CAT-MTR,FUNCTIONALLY_EQUIVALENT,NEC-SYN-411683,AHM-SYN-601641,"Different manufacturer, identical core specs"
63876ebd-3836-40a4-a4cc-cf5402ad47c8,CAT-PIP,FUNCTIONALLY_EQUIVALENT,GME-SYN-559702,NEC-SYN-961271,"Different manufacturer, identical core specs"
2c65fca6-9b94-4515-8362-4d0b5d8c7c3e,CAT-BRG,FUNCTIONALLY_EQUIVALENT,BUS-SYN-855117,CPI-SYN-209536,"Different manufacturer, identical core specs"
db44a22e-8585-404d-8589-ad77acba1738,CAT-PMP,FUNCTIONALLY_EQUIVALENT,NEC-SYN-746580,AHM-SYN-442725,"Different manufacturer, identical core specs"
abcc2c6d-f62e-460d-8ffb-15d21409c4d6,CAT-FLG,FUNCTIONALLY_EQUIVALENT,NEC-SYN-235474,BUS-SYN-462883,"Different manufacturer, identical core specs"
0bb71646-f4a1-4961-ae15-bf8cf5d919f5,CAT-MTR,FUNCTIONALLY_EQUIVALENT,GME-SYN-701860,AHM-SYN-117893,"Different manufacturer, identical core specs"
ad9203c4-788d-40d1-a105-da73c6fea5f4,CAT-PMP,FUNCTIONALLY_EQUIVALENT,AHM-SYN-417142,CPI-SYN-224150,"Different manufacturer, identical core specs"
1598acd7-d53c-4b26-a954-85aa14076afa,CAT-PMP,FUNCTIONALLY_EQUIVALENT,BUS-SYN-633237,GME-SYN-823414,"Different manufacturer, identical core specs"
4635338d-54a6-4062-b555-7a4f5add7efa,CAT-INS,FUNCTIONALLY_EQUIVALENT,AHM-SYN-745847,AHM-SYN-712052,"Different manufacturer, identical core specs"
4dfe8a22-56bc-4018-907b-0f509440a9ca,CAT-CBL,FUNCTIONALLY_EQUIVALENT,CPI-SYN-947552,GME-SYN-581539,"Different manufacturer, identical core specs"
a2ba5dfa-d751-4030-8bac-4d32087a7ede,CAT-PPE,FUNCTIONALLY_EQUIVALENT,AHM-SYN-510836,GME-SYN-302087,"Different manufacturer, identical core specs"
7c59bcc7-f427-4065-a1c4-9afa69cfaaba,CAT-MTR,FUNCTIONALLY_EQUIVALENT,GME-SYN-351944,GME-SYN-490021,"Different manufacturer, identical core specs"
9b727186-dcfe-415c-a7f5-f698f90fee90,CAT-ELC,FUNCTIONALLY_EQUIVALENT,AHM-SYN-454181,BUS-SYN-499084,"Different manufacturer, identical core specs"
481ba9c8-53d6-4da3-9ac7-7c71f7fb414f,CAT-CBL,FUNCTIONALLY_EQUIVALENT,NEC-SYN-831016,NEC-SYN-989285,"Different manufacturer, identical core specs"
e399ea3a-5bb6-4bbc-9cd8-5851ba1b2ee5,CAT-PIP,FUNCTIONALLY_EQUIVALENT,AHM-SYN-973412,NEC-SYN-211964,"Different manufacturer, identical core specs"
055186b3-9b6b-459a-9cb3-69530df96b59,CAT-VLV,FUNCTIONALLY_EQUIVALENT,GME-SYN-687487,AHM-SYN-616032,"Different manufacturer, identical core specs"
4994adf7-7154-4e79-802c-2a9bee2b74dc,CAT-FST,FUNCTIONALLY_EQUIVALENT,GME-SYN-412563,GME-SYN-871425,"Different manufacturer, identical core specs"
cd9aefd6-5fca-4f44-9d29-a72d2001c6b3,CAT-MTR,FUNCTIONALLY_EQUIVALENT,NEC-SYN-185976,GME-SYN-942845,"Different manufacturer, identical core specs"
0bf05d74-03fb-494d-82b6-439383943904,CAT-ELC,FUNCTIONALLY_EQUIVALENT,AHM-SYN-680581,CPI-SYN-987523,"Different manufacturer, identical core specs"
9a52bdda-c59d-4f31-93cd-622abd18c4f5,CAT-ELC,FUNCTIONALLY_EQUIVALENT,NEC-SYN-192981,AHM-SYN-288983,"Different manufacturer, identical core specs"
f4b84b27-33c7-4515-be85-c43c5d7cac70,CAT-BRG,FUNCTIONALLY_EQUIVALENT,NEC-SYN-970228,NEC-SYN-146569,"Different manufacturer, identical core specs"
91b7055f-bf0a-404b-b779-8bb9c863fa3b,CAT-INS,FUNCTIONALLY_EQUIVALENT,AHM-SYN-207615,CPI-SYN-427609,"Different manufacturer, identical core specs"
72d9ab82-e3ae-4136-a0d3-7348f1806072,CAT-ELC,FUNCTIONALLY_EQUIVALENT,NEC-SYN-212423,BUS-SYN-436796,"Different manufacturer, identical core specs"
69c6f909-bc37-4ac8-bae6-b106866bbc0d,CAT-PMP,FUNCTIONALLY_EQUIVALENT,NEC-SYN-240863,AHM-SYN-492545,"Different manufacturer, identical core specs"
cdc132f6-9973-4fbf-b0ad-deea5e60cbea,CAT-FST,FUNCTIONALLY_EQUIVALENT,BUS-SYN-359392,NEC-SYN-714309,"Different manufacturer, identical core specs"
894f7ea5-5306-451a-b2c1-9b3e93b5edd9,CAT-PIP,FUNCTIONALLY_EQUIVALENT,NEC-SYN-927652,CPI-SYN-275101,"Different manufacturer, identical core specs"
ae1d32a6-c921-44bd-93d2-3766d6235b18,CAT-FLG,FUNCTIONALLY_EQUIVALENT,AHM-SYN-398491,GME-SYN-621919,"Different manufacturer, identical core specs"
15b68406-1d2d-41a6-b031-936d62491ebb,CAT-LUB,FUNCTIONALLY_EQUIVALENT,CPI-SYN-617305,CPI-SYN-829240,"Different manufacturer, identical core specs"
3ae1f0d2-8d91-4aaa-9cdd-cf66f5e0aa2d,CAT-PMP,FUNCTIONALLY_EQUIVALENT,CPI-SYN-395928,GME-SYN-369261,"Different manufacturer, identical core specs"
8a97e83f-4076-4a8a-b2af-89ad202c76b3,CAT-LUB,FUNCTIONALLY_EQUIVALENT,AHM-SYN-478893,BUS-SYN-644482,"Different manufacturer, identical core specs"
d9d24e13-233d-45bd-97b6-1a6a04a9ebb7,CAT-PMP,FUNCTIONALLY_EQUIVALENT,NEC-SYN-641818,AHM-SYN-516982,"Different manufacturer, identical core specs"
21f12dcf-9891-496b-9e36-9d802deb80cd,CAT-LUB,FUNCTIONALLY_EQUIVALENT,AHM-SYN-360753,CPI-SYN-620379,"Different manufacturer, identical core specs"
c5c9d314-76cf-4044-971a-f0432f8fae6f,CAT-BRG,FUNCTIONALLY_EQUIVALENT,CPI-SYN-349534,CPI-SYN-305674,"Different manufacturer, identical core specs"
12e56fd6-6ff9-428b-87c6-406068aacd20,CAT-LUB,FUNCTIONALLY_EQUIVALENT,CPI-SYN-697834,BUS-SYN-525748,"Different manufacturer, identical core specs"
997959b6-b161-421e-b512-fd23d7250c5f,CAT-PMP,FUNCTIONALLY_EQUIVALENT,BUS-SYN-441929,CPI-SYN-214105,"Different manufacturer, identical core specs"
d44b9378-1dbb-4cac-a49f-96f044854977,CAT-FLG,FUNCTIONALLY_EQUIVALENT,AHM-SYN-920982,AHM-SYN-128759,"Different manufacturer, identical core specs"
6e63697f-18b2-4988-ad99-393a5af41c9e,CAT-FLG,FUNCTIONALLY_EQUIVALENT,CPI-SYN-109071,AHM-SYN-335756,"Different manufacturer, identical core specs"
70c2c334-82af-498a-80c7-0e2d21c4ef1a,CAT-FLG,FUNCTIONALLY_EQUIVALENT,CPI-SYN-861957,CPI-SYN-720603,"Different manufacturer, identical core specs"
c3414b78-97a7-47cf-a281-c79a9930b2a1,CAT-PMP,FUNCTIONALLY_EQUIVALENT,GME-SYN-751523,CPI-SYN-127951,"Different manufacturer, identical core specs"
fb313346-5d1f-4ad9-a0df-5718ea7fa448,CAT-VLV,FUNCTIONALLY_EQUIVALENT,AHM-SYN-530050,BUS-SYN-376183,"Different manufacturer, identical core specs"
fc5dce01-27b8-4840-98d3-e43f340a8aed,CAT-ELC,FUNCTIONALLY_EQUIVALENT,CPI-SYN-860917,CPI-SYN-559212,"Different manufacturer, identical core specs"
593b368b-c617-486e-9df6-ed86de5af100,CAT-FST,FUNCTIONALLY_EQUIVALENT,CPI-SYN-959588,NEC-SYN-547116,"Different manufacturer, identical core specs"
8d094de6-c902-4ff4-973c-9576007daf46,CAT-VLV,FUNCTIONALLY_EQUIVALENT,CPI-SYN-258475,BUS-SYN-927082,"Different manufacturer, identical core specs"
e1aa6cbe-9160-4955-bc1f-ac4f81092b60,CAT-PIP,FUNCTIONALLY_EQUIVALENT,NEC-SYN-359408,NEC-SYN-760910,"Different manufacturer, identical core specs"
d9cb0a34-859e-42e0-b479-64787d02adc1,CAT-VLV,FUNCTIONALLY_EQUIVALENT,AHM-SYN-624867,AHM-SYN-724430,"Different manufacturer, identical core specs"
9109503a-9299-474a-a4e3-c760b4f10dc3,CAT-INS,FUNCTIONALLY_EQUIVALENT,NEC-SYN-154778,AHM-SYN-793833,"Different manufacturer, identical core specs"
5a005ea2-d461-4ae5-b4d1-b1444fa3a2ea,CAT-ELC,FUNCTIONALLY_EQUIVALENT,GME-SYN-249926,CPI-SYN-969148,"Different manufacturer, identical core specs"
059476d0-caa0-48c3-b3a4-e5ccf850cc67,CAT-INS,FUNCTIONALLY_EQUIVALENT,BUS-SYN-779555,CPI-SYN-375207,"Different manufacturer, identical core specs"
e9b8fb9f-2452-4125-af4f-3b0a0763d67c,CAT-BRG,FUNCTIONALLY_EQUIVALENT,NEC-SYN-985378,NEC-SYN-460043,"Different manufacturer, identical core specs"
63137666-de4f-43e7-9b96-7197ce2d3c5f,CAT-ELC,FUNCTIONALLY_EQUIVALENT,AHM-SYN-696950,AHM-SYN-336133,"Different manufacturer, identical core specs"
07e6d12a-ec09-4583-835e-ae92e4f6e08b,CAT-BRG,FUNCTIONALLY_EQUIVALENT,AHM-SYN-955074,CPI-SYN-666779,"Different manufacturer, identical core specs"
42c101eb-4a67-4a50-b933-accb07eea025,CAT-VLV,FUNCTIONALLY_EQUIVALENT,NEC-SYN-692878,GME-SYN-290382,"Different manufacturer, identical core specs"
1f43056f-9068-460d-af03-223e9c90a296,CAT-PPE,FUNCTIONALLY_EQUIVALENT,CPI-SYN-833381,GME-SYN-700918,"Different manufacturer, identical core specs"
6cc9bd3f-e9e9-4f1b-b0f6-c4a92e7d1529,CAT-INS,FUNCTIONALLY_EQUIVALENT,NEC-SYN-358985,CPI-SYN-294870,"Different manufacturer, identical core specs"
2189ffe6-faea-41d9-9607-950b77f24240,CAT-GSK,FUNCTIONALLY_EQUIVALENT,BUS-SYN-203688,NEC-SYN-322096,"Different manufacturer, identical core specs"
f5181c4c-4906-4156-8ffc-9098b10768dd,CAT-ELC,FUNCTIONALLY_EQUIVALENT,CPI-SYN-119340,NEC-SYN-449107,"Different manufacturer, identical core specs"
c92fdf94-b568-40c5-aa1f-878c5851a553,CAT-CBL,FUNCTIONALLY_EQUIVALENT,AHM-SYN-537394,NEC-SYN-114174,"Different manufacturer, identical core specs"
52bcb2f5-fbff-49b9-9eea-d6f1c79f61ba,CAT-BRG,FUNCTIONALLY_EQUIVALENT,GME-SYN-893940,CPI-SYN-117918,"Different manufacturer, identical core specs"
269e6131-f932-4f3b-b432-cd5b31b47fb0,CAT-FLG,FUNCTIONALLY_EQUIVALENT,AHM-SYN-721409,BUS-SYN-977210,"Different manufacturer, identical core specs"
99b76d80-db7a-48da-9c1b-b1b86947c000,CAT-FLG,FUNCTIONALLY_EQUIVALENT,CPI-SYN-825014,AHM-SYN-587389,"Different manufacturer, identical core specs"
b04b3524-091b-494d-82f5-44c1ba61913f,CAT-CBL,FUNCTIONALLY_EQUIVALENT,BUS-SYN-675573,NEC-SYN-367694,"Different manufacturer, identical core specs"
6133573d-c41c-484e-bea2-d39a241fbbc8,CAT-FST,FUNCTIONALLY_EQUIVALENT,BUS-SYN-844165,GME-SYN-503107,"Different manufacturer, identical core specs"
be59c660-d42e-4e3c-b0f3-5e3c286d5ff6,CAT-PMP,FUNCTIONALLY_EQUIVALENT,BUS-SYN-651094,NEC-SYN-626320,"Different manufacturer, identical core specs"
a9b0f7a2-fe91-4404-acbd-d71de1c36e78,CAT-PMP,FUNCTIONALLY_EQUIVALENT,BUS-SYN-720263,CPI-SYN-297011,"Different manufacturer, identical core specs"
e56b935c-7a53-4569-8629-186bd69118d1,CAT-PIP,FUNCTIONALLY_EQUIVALENT,BUS-SYN-142543,NEC-SYN-741127,"Different manufacturer, identical core specs"
fd3ae34f-5bc5-413a-b3d5-6833ff53c2de,CAT-CBL,FUNCTIONALLY_EQUIVALENT,CPI-SYN-898624,GME-SYN-798902,"Different manufacturer, identical core specs"
3732818f-dfde-4e43-8af6-3261b8390ab8,CAT-GSK,FUNCTIONALLY_EQUIVALENT,CPI-SYN-198408,CPI-SYN-278319,"Different manufacturer, identical core specs"
422fbfb0-bd4d-4e64-bc14-fdc5d3e6932f,CAT-BRG,FUNCTIONALLY_EQUIVALENT,NEC-SYN-256037,BUS-SYN-576415,"Different manufacturer, identical core specs"
c0dc3655-d081-474d-bc8f-25cd67be529b,CAT-LUB,FUNCTIONALLY_EQUIVALENT,AHM-SYN-279916,GME-SYN-843398,"Different manufacturer, identical core specs"
81fc8e56-c8f0-4634-b477-cd098e893d30,CAT-VLV,FUNCTIONALLY_EQUIVALENT,CPI-SYN-266080,GME-SYN-239824,"Different manufacturer, identical core specs"
17b8412c-46bb-4c37-b628-993fd47acf1f,CAT-GSK,FUNCTIONALLY_EQUIVALENT,BUS-SYN-296017,NEC-SYN-121975,"Different manufacturer, identical core specs"
7d347b6d-8bd8-4dbc-8313-9d4dac28cd5b,CAT-LUB,FUNCTIONALLY_EQUIVALENT,NEC-SYN-952669,GME-SYN-202429,"Different manufacturer, identical core specs"
69398f86-e34d-43c7-afbc-ad2d6a626a6b,CAT-INS,FUNCTIONALLY_EQUIVALENT,BUS-SYN-179558,AHM-SYN-274731,"Different manufacturer, identical core specs"
b1fb3bc1-9ee0-404f-8452-4feadb22cf07,CAT-VLV,FUNCTIONALLY_EQUIVALENT,AHM-SYN-912455,GME-SYN-378940,"Different manufacturer, identical core specs"
c03f090a-f140-4374-a56b-1cbc36b377ec,CAT-VLV,FUNCTIONALLY_EQUIVALENT,CPI-SYN-132163,NEC-SYN-230236,"Different manufacturer, identical core specs"
22de99f5-ba8e-467f-8a79-b8743f518044,CAT-LUB,FUNCTIONALLY_EQUIVALENT,BUS-SYN-791164,BUS-SYN-307545,"Different manufacturer, identical core specs"
0b74ce8e-bd6f-4ad2-a043-7fca97d8b5d3,CAT-MTR,FUNCTIONALLY_EQUIVALENT,GME-SYN-412886,AHM-SYN-324849,"Different manufacturer, identical core specs"
4600df4f-52bb-43f1-9c80-8c8969202f15,CAT-MTR,FUNCTIONALLY_EQUIVALENT,NEC-SYN-901260,BUS-SYN-541255,"Different manufacturer, identical core specs"
0415b295-4111-4535-a6dc-804429570e09,CAT-FST,FUNCTIONALLY_EQUIVALENT,BUS-SYN-829794,BUS-SYN-639873,"Different manufacturer, identical core specs"
87736053-eac1-40ff-8e20-bf978ed2a2ee,CAT-ELC,FUNCTIONALLY_EQUIVALENT,BUS-SYN-243624,BUS-SYN-200113,"Different manufacturer, identical core specs"
e100c821-3a5b-476b-9889-33999d6f7aa8,CAT-LUB,FUNCTIONALLY_EQUIVALENT,AHM-SYN-269838,CPI-SYN-717052,"Different manufacturer, identical core specs"
b8d593d0-be41-4b39-bc15-650021630ab0,CAT-PMP,FUNCTIONALLY_EQUIVALENT,BUS-SYN-939456,AHM-SYN-101762,"Different manufacturer, identical core specs"
f9661f35-96d9-46c9-bf59-3d2bd11e4fc6,CAT-LUB,FUNCTIONALLY_EQUIVALENT,NEC-SYN-334895,GME-SYN-507476,"Different manufacturer, identical core specs"
4518e590-2e03-4835-83ad-a8b169312a05,CAT-INS,FUNCTIONALLY_EQUIVALENT,AHM-SYN-637770,BUS-SYN-398947,"Different manufacturer, identical core specs"
71df5ff5-c458-45e0-9504-3e281482debd,CAT-CBL,FUNCTIONALLY_EQUIVALENT,BUS-SYN-282591,NEC-SYN-571249,"Different manufacturer, identical core specs"
bccf0e73-a967-468b-af0f-ee7f9a7d90f0,CAT-PPE,FUNCTIONALLY_EQUIVALENT,GME-SYN-417631,AHM-SYN-531841,"Different manufacturer, identical core specs"
9bea4eaa-d44e-4280-a4f8-14f7ea817106,CAT-MTR,FUNCTIONALLY_EQUIVALENT,BUS-SYN-445276,NEC-SYN-923188,"Different manufacturer, identical core specs"
910c4329-3cf3-46ae-9fc8-e22555facf15,CAT-INS,FUNCTIONALLY_EQUIVALENT,BUS-SYN-419328,GME-SYN-707859,"Different manufacturer, identical core specs"
d20df63f-fc7e-4663-9a4f-59372f09a221,CAT-BRG,FUNCTIONALLY_EQUIVALENT,CPI-SYN-337469,NEC-SYN-473514,"Different manufacturer, identical core specs"
c663831e-ca3c-454f-a3d1-b4f683b647a3,CAT-GSK,FUNCTIONALLY_EQUIVALENT,GME-SYN-240329,CPI-SYN-414194,"Different manufacturer, identical core specs"
cd610eed-1d00-4831-9506-b92815cc1f05,CAT-ELC,FUNCTIONALLY_EQUIVALENT,BUS-SYN-943121,NEC-SYN-113357,"Different manufacturer, identical core specs"
be1c1a26-0cd0-4ade-857d-d24c5d8af89a,CAT-PMP,FUNCTIONALLY_EQUIVALENT,GME-SYN-622776,AHM-SYN-340603,"Different manufacturer, identical core specs"
7858ceae-b52e-4489-aeac-db090fefe114,CAT-PPE,FUNCTIONALLY_EQUIVALENT,NEC-SYN-697959,CPI-SYN-764334,"Different manufacturer, identical core specs"
4bbad95b-12e5-484b-bbcc-68ed1060fe5d,CAT-GSK,FUNCTIONALLY_EQUIVALENT,GME-SYN-457094,GME-SYN-721724,"Different manufacturer, identical core specs"
1446a746-24bd-4ae0-8ae1-9dc61abc2f54,CAT-CBL,FUNCTIONALLY_EQUIVALENT,BUS-SYN-863590,AHM-SYN-646911,"Different manufacturer, identical core specs"
4386b49c-b6ba-429a-a0d3-f85a2bec892a,CAT-PMP,FUNCTIONALLY_EQUIVALENT,CPI-SYN-373294,CPI-SYN-430469,"Different manufacturer, identical core specs"
e4369559-5f77-4d32-8ffb-a4d87cf54e4b,CAT-MTR,FUNCTIONALLY_EQUIVALENT,CPI-SYN-656256,AHM-SYN-249916,"Different manufacturer, identical core specs"
0340be32-476d-402e-bb36-3b137138d539,CAT-CBL,FUNCTIONALLY_EQUIVALENT,NEC-SYN-249444,CPI-SYN-127919,"Different manufacturer, identical core specs"
71ea0afd-bc78-4971-90ba-84f756fb4812,CAT-FST,FUNCTIONALLY_EQUIVALENT,NEC-SYN-982693,AHM-SYN-192331,"Different manufacturer, identical core specs"
f6ec6cf6-a41f-4149-84fc-d08b006fa02c,CAT-CBL,FUNCTIONALLY_EQUIVALENT,BUS-SYN-265732,NEC-SYN-375705,"Different manufacturer, identical core specs"
02014e4d-b2d8-47a1-9edc-a20b6fabab1c,CAT-MTR,FUNCTIONALLY_EQUIVALENT,CPI-SYN-922198,BUS-SYN-799820,"Different manufacturer, identical core specs"
31ece4b4-a693-41cd-b2c5-ea69dd634962,CAT-INS,FUNCTIONALLY_EQUIVALENT,BUS-SYN-648621,CPI-SYN-900361,"Different manufacturer, identical core specs"
9861198e-5e9e-41f9-a0f8-b2bce2dc06e5,CAT-MTR,FUNCTIONALLY_EQUIVALENT,AHM-SYN-305897,NEC-SYN-477303,"Different manufacturer, identical core specs"
a5a3bc74-cff1-4e51-aef0-4d35ee7b00e1,CAT-BRG,FUNCTIONALLY_EQUIVALENT,CPI-SYN-579701,BUS-SYN-646589,"Different manufacturer, identical core specs"
c4dacfd9-79d6-4053-845a-3b0026c0bebe,CAT-VLV,FUNCTIONALLY_EQUIVALENT,GME-SYN-788644,CPI-SYN-496691,"Different manufacturer, identical core specs"
d69b3d10-bd95-455e-874c-d65e58f6f653,CAT-PPE,FUNCTIONALLY_EQUIVALENT,GME-SYN-188907,AHM-SYN-970824,"Different manufacturer, identical core specs"
6bc0518e-f862-440f-a20c-7e34835613c6,CAT-GSK,FUNCTIONALLY_EQUIVALENT,CPI-SYN-152028,AHM-SYN-231387,"Different manufacturer, identical core specs"
36509a8d-054c-44e6-a053-157bc64b1e63,CAT-ELC,FUNCTIONALLY_EQUIVALENT,AHM-SYN-919575,NEC-SYN-197363,"Different manufacturer, identical core specs"
bb088e78-75f6-4eb2-8582-80c32b431541,CAT-ELC,FUNCTIONALLY_EQUIVALENT,BUS-SYN-844894,NEC-SYN-552920,"Different manufacturer, identical core specs"
ee28c7dc-895f-4028-89a3-cd9cd2d4d83a,CAT-CBL,FUNCTIONALLY_EQUIVALENT,GME-SYN-624619,AHM-SYN-397702,"Different manufacturer, identical core specs"
9a49a33d-8473-4671-af34-a4bff992ca96,CAT-CBL,FUNCTIONALLY_EQUIVALENT,GME-SYN-669470,GME-SYN-688529,"Different manufacturer, identical core specs"
f5363b76-4ef3-4cb5-8f79-feb44c3246c2,CAT-INS,FUNCTIONALLY_EQUIVALENT,CPI-SYN-598933,CPI-SYN-130490,"Different manufacturer, identical core specs"
7f856b87-d991-499f-80cd-fa30234e7459,CAT-MTR,FUNCTIONALLY_EQUIVALENT,NEC-SYN-565160,GME-SYN-874213,"Different manufacturer, identical core specs"
18540c75-3665-4a7f-a92a-c3b042cbe3e8,CAT-BRG,FUNCTIONALLY_EQUIVALENT,GME-SYN-698620,AHM-SYN-582019,"Different manufacturer, identical core specs"
b7a6f767-04c5-4ff1-a7b8-b875a394b46d,CAT-ELC,FUNCTIONALLY_EQUIVALENT,AHM-SYN-573165,GME-SYN-715082,"Different manufacturer, identical core specs"
9a7d8570-1ead-45c3-9ded-a3565430fd3a,CAT-FST,FUNCTIONALLY_EQUIVALENT,NEC-SYN-428356,NEC-SYN-363010,"Different manufacturer, identical core specs"
798a8db1-12a5-4cdf-b3f9-d252371c4618,CAT-PPE,FUNCTIONALLY_EQUIVALENT,AHM-SYN-159513,AHM-SYN-680694,"Different manufacturer, identical core specs"
3fa3b162-fa4e-4697-8d3e-80c23cf86af3,CAT-BRG,FUNCTIONALLY_EQUIVALENT,AHM-SYN-500572,NEC-SYN-830145,"Different manufacturer, identical core specs"
8fdc6a95-d7a1-4908-a71f-556d098c5fab,CAT-PMP,FUNCTIONALLY_EQUIVALENT,NEC-SYN-396254,NEC-SYN-516957,"Different manufacturer, identical core specs"
5d48daaa-9bd9-46bc-9ed8-b58181445b43,CAT-MTR,FUNCTIONALLY_EQUIVALENT,BUS-SYN-142179,CPI-SYN-558582,"Different manufacturer, identical core specs"
20a4dee3-3f74-4321-b727-be30334676a6,CAT-PMP,FUNCTIONALLY_EQUIVALENT,CPI-SYN-823662,BUS-SYN-389566,"Different manufacturer, identical core specs"
dfe2530c-3242-4c45-8f25-4c288e16df08,CAT-VLV,FUNCTIONALLY_EQUIVALENT,AHM-SYN-927245,NEC-SYN-706707,"Different manufacturer, identical core specs"
dbf7d116-d63a-4879-bbd3-26a22ce6e862,CAT-FLG,FUNCTIONALLY_EQUIVALENT,NEC-SYN-166279,CPI-SYN-851352,"Different manufacturer, identical core specs"
52f85de0-cb9b-4b85-a99d-d95eae457de7,CAT-ELC,FUNCTIONALLY_EQUIVALENT,NEC-SYN-522792,CPI-SYN-783454,"Different manufacturer, identical core specs"
8c821dc8-e787-41f7-bb92-2929291d2392,CAT-BRG,FUNCTIONALLY_EQUIVALENT,BUS-SYN-306775,AHM-SYN-467742,"Different manufacturer, identical core specs"
73672f05-3b9c-462e-8625-ee2edc0b858c,CAT-FST,FUNCTIONALLY_EQUIVALENT,AHM-SYN-841513,CPI-SYN-865547,"Different manufacturer, identical core specs"
add8f992-9c5b-4f48-a353-d9bc58e1fa9b,CAT-MTR,FUNCTIONALLY_EQUIVALENT,CPI-SYN-263552,BUS-SYN-107551,"Different manufacturer, identical core specs"
9432ebd8-be42-427b-9799-f4c1b1ecc76e,CAT-VLV,FUNCTIONALLY_EQUIVALENT,GME-SYN-729804,GME-SYN-789019,"Different manufacturer, identical core specs"
f59d8496-75a9-473a-b5df-b036511a65a7,CAT-CBL,FUNCTIONALLY_EQUIVALENT,CPI-SYN-179308,CPI-SYN-740422,"Different manufacturer, identical core specs"
1fa9c4ed-7c04-4d91-83e8-cf5b54f92dae,CAT-INS,FUNCTIONALLY_EQUIVALENT,NEC-SYN-310549,GME-SYN-984074,"Different manufacturer, identical core specs"
c91cfd26-04ad-4efb-a6a8-5bcd8d16a93d,CAT-CBL,FUNCTIONALLY_EQUIVALENT,NEC-SYN-275653,NEC-SYN-799467,"Different manufacturer, identical core specs"
00c1b3e7-ae3b-4634-a77a-477c297052c6,CAT-LUB,FUNCTIONALLY_EQUIVALENT,NEC-SYN-473122,NEC-SYN-360085,"Different manufacturer, identical core specs"
79f75f45-648a-4c57-8f15-f7000cca37f7,CAT-LUB,FUNCTIONALLY_EQUIVALENT,GME-SYN-570583,NEC-SYN-925202,"Different manufacturer, identical core specs"
456e06ad-4c6d-4133-bbbe-589fc267bdc8,CAT-FLG,FUNCTIONALLY_EQUIVALENT,CPI-SYN-592166,BUS-SYN-522468,"Different manufacturer, identical core specs"
33d31ad1-73c8-4d4d-984b-f245b49184da,CAT-PIP,FUNCTIONALLY_EQUIVALENT,NEC-SYN-336883,NEC-SYN-127310,"Different manufacturer, identical core specs"
fca7acfc-8f13-4b5f-8054-fc641dbce8b4,CAT-FST,FUNCTIONALLY_EQUIVALENT,CPI-SYN-769561,NEC-SYN-804945,"Different manufacturer, identical core specs"
96396a00-faee-4e06-9d0c-d4908499b90b,CAT-BRG,FUNCTIONALLY_EQUIVALENT,BUS-SYN-715177,NEC-SYN-146982,"Different manufacturer, identical core specs"
1b75ba01-0c96-40b8-bb4a-f54b1931320c,CAT-LUB,FUNCTIONALLY_EQUIVALENT,NEC-SYN-130414,AHM-SYN-904662,"Different manufacturer, identical core specs"
4a6751f6-ea7b-44ee-8602-fc49c9ea5544,CAT-VLV,FUNCTIONALLY_EQUIVALENT,NEC-SYN-563804,BUS-SYN-887098,"Different manufacturer, identical core specs"
591f1e54-77a6-40c7-8795-bdf7b7d1d9a2,CAT-PMP,FUNCTIONALLY_EQUIVALENT,AHM-SYN-143536,NEC-SYN-318511,"Different manufacturer, identical core specs"
98b8fd33-205d-4da5-b97b-0733042c757f,CAT-CBL,FUNCTIONALLY_EQUIVALENT,AHM-SYN-264413,AHM-SYN-741059,"Different manufacturer, identical core specs"
231ea422-ad2a-460c-9c4c-f63f9f689433,CAT-PPE,FUNCTIONALLY_EQUIVALENT,AHM-SYN-486886,NEC-SYN-598988,"Different manufacturer, identical core specs"
ead10ae3-f68a-4585-8419-ab67904cd0e3,CAT-CBL,FUNCTIONALLY_EQUIVALENT,CPI-SYN-582314,CPI-SYN-517356,"Different manufacturer, identical core specs"
05fa1e9d-9477-4695-b880-43e0b6f3f673,CAT-MTR,FUNCTIONALLY_EQUIVALENT,GME-SYN-234784,AHM-SYN-155451,"Different manufacturer, identical core specs"
4bda67e4-7f7b-432f-a9ee-b1507e1aefc3,CAT-PIP,FUNCTIONALLY_EQUIVALENT,GME-SYN-252682,BUS-SYN-346231,"Different manufacturer, identical core specs"
8cfae998-ad35-4473-8fd6-9c551d9772b3,CAT-PIP,FUNCTIONALLY_EQUIVALENT,BUS-SYN-198739,CPI-SYN-604864,"Different manufacturer, identical core specs"
f71b4606-030a-49fc-a27f-36eb82bede2f,CAT-VLV,FUNCTIONALLY_EQUIVALENT,BUS-SYN-809540,AHM-SYN-747221,"Different manufacturer, identical core specs"
4574dde5-26aa-4161-961c-7ca3425524b2,CAT-PIP,FUNCTIONALLY_EQUIVALENT,AHM-SYN-566318,GME-SYN-219470,"Different manufacturer, identical core specs"
1a3f0ffc-d33a-4531-8fa4-a4f5c8a5d7cf,CAT-MTR,FUNCTIONALLY_EQUIVALENT,AHM-SYN-222026,NEC-SYN-317718,"Different manufacturer, identical core specs"
796ad842-bc27-4720-b81f-1fbc6fb57290,CAT-MTR,FUNCTIONALLY_EQUIVALENT,CPI-SYN-562840,NEC-SYN-451630,"Different manufacturer, identical core specs"
ae0dc1cc-9ae0-4fd6-8c8b-65053c48e1c2,CAT-BRG,FUNCTIONALLY_EQUIVALENT,BUS-SYN-777230,BUS-SYN-548547,"Different manufacturer, identical core specs"
ddbc345f-09b6-4152-8b62-b81e797ed433,CAT-CBL,FUNCTIONALLY_EQUIVALENT,GME-SYN-151569,CPI-SYN-901843,"Different manufacturer, identical core specs"
b033e9aa-811f-4685-86b3-7b9fd5ecad8d,CAT-PIP,FUNCTIONALLY_EQUIVALENT,NEC-SYN-364152,NEC-SYN-471160,"Different manufacturer, identical core specs"
4bddd740-2e35-4ab3-b6f9-428bde0b39c1,CAT-FLG,FUNCTIONALLY_EQUIVALENT,AHM-SYN-792689,CPI-SYN-674831,"Different manufacturer, identical core specs"
e7cbbb2d-3106-4448-8e55-e27aad15a94c,CAT-PMP,FUNCTIONALLY_EQUIVALENT,GME-SYN-189487,CPI-SYN-482304,"Different manufacturer, identical core specs"
ed1964e4-4e58-47bd-83f5-bf13b0f43374,CAT-ELC,FUNCTIONALLY_EQUIVALENT,GME-SYN-493000,NEC-SYN-626561,"Different manufacturer, identical core specs"
f50dc1fa-5f51-4027-aa84-a2e5b11183a3,CAT-INS,FUNCTIONALLY_EQUIVALENT,BUS-SYN-774803,NEC-SYN-713522,"Different manufacturer, identical core specs"
5bea428a-34e4-4209-a619-926e1dbc2199,CAT-FLG,FUNCTIONALLY_EQUIVALENT,AHM-SYN-558216,GME-SYN-196432,"Different manufacturer, identical core specs"
7ac6f98e-ba17-4bd2-9f46-978d7fc8b384,CAT-PIP,FUNCTIONALLY_EQUIVALENT,BUS-SYN-195087,CPI-SYN-753008,"Different manufacturer, identical core specs"
4d0c299f-d820-4257-9f25-5e296f9afa44,CAT-BRG,FUNCTIONALLY_EQUIVALENT,GME-SYN-644684,AHM-SYN-181327,"Different manufacturer, identical core specs"
ea039a8a-6561-4bed-80f2-29c832b3b530,CAT-GSK,FUNCTIONALLY_EQUIVALENT,NEC-SYN-586038,NEC-SYN-879976,"Different manufacturer, identical core specs"
ecc71548-7084-4233-9000-a4271778f7da,CAT-PIP,FUNCTIONALLY_EQUIVALENT,AHM-SYN-495890,GME-SYN-721343,"Different manufacturer, identical core specs"
3bf2851d-48e5-4db9-a9b1-85b87cecc616,CAT-MTR,FUNCTIONALLY_EQUIVALENT,CPI-SYN-453970,AHM-SYN-284087,"Different manufacturer, identical core specs"
5a87fa38-4a8f-465c-a9af-0466e5ae2a7d,CAT-VLV,FUNCTIONALLY_EQUIVALENT,AHM-SYN-754816,AHM-SYN-100889,"Different manufacturer, identical core specs"
c6443ee2-d27e-47a3-9b1d-ac51c13aca12,CAT-PIP,FUNCTIONALLY_EQUIVALENT,CPI-SYN-982120,NEC-SYN-558253,"Different manufacturer, identical core specs"
78fa338c-386b-490c-b897-462ba8552045,CAT-FST,FUNCTIONALLY_EQUIVALENT,NEC-SYN-691388,AHM-SYN-238806,"Different manufacturer, identical core specs"
dd36a108-31e9-42d8-8ee3-d44a6888c0bd,CAT-PIP,FUNCTIONALLY_EQUIVALENT,NEC-SYN-836916,BUS-SYN-578805,"Different manufacturer, identical core specs"
7af5e4b3-726c-47c6-8f62-5387aa893564,CAT-FLG,FUNCTIONALLY_EQUIVALENT,AHM-SYN-502230,AHM-SYN-304293,"Different manufacturer, identical core specs"
d4fbee04-c8d7-49de-b300-a0a5cbb4b4b4,CAT-GSK,FUNCTIONALLY_EQUIVALENT,BUS-SYN-984530,CPI-SYN-139919,"Different manufacturer, identical core specs"
b4ace054-0b7d-41c4-aff2-c4cf8037f657,CAT-VLV,FUNCTIONALLY_EQUIVALENT,AHM-SYN-776681,BUS-SYN-204920,"Different manufacturer, identical core specs"
a300b224-0e22-42cc-9e65-21374071e757,CAT-BRG,FUNCTIONALLY_EQUIVALENT,CPI-SYN-115548,AHM-SYN-131422,"Different manufacturer, identical core specs"
37284117-ee22-4694-9b1d-8b869d4cfeb9,CAT-LUB,FUNCTIONALLY_EQUIVALENT,NEC-SYN-356595,NEC-SYN-943785,"Different manufacturer, identical core specs"
93bc7a0d-05fd-4294-8138-afbb2a150398,CAT-BRG,FUNCTIONALLY_EQUIVALENT,BUS-SYN-272952,NEC-SYN-455168,"Different manufacturer, identical core specs"
22f4a21e-83d1-445f-a193-a6b3402fcaba,CAT-PMP,FUNCTIONALLY_EQUIVALENT,CPI-SYN-268940,CPI-SYN-737597,"Different manufacturer, identical core specs"
6f8380cf-9554-450a-a553-1aebd90b860b,CAT-LUB,FUNCTIONALLY_EQUIVALENT,BUS-SYN-270270,CPI-SYN-504366,"Different manufacturer, identical core specs"
294156f7-46ef-4347-8f22-03a7f04663af,CAT-PIP,FUNCTIONALLY_EQUIVALENT,GME-SYN-371410,BUS-SYN-211057,"Different manufacturer, identical core specs"
159b0c43-91e6-4545-a576-d99547d408e2,CAT-BRG,FUNCTIONALLY_EQUIVALENT,NEC-SYN-424193,BUS-SYN-891109,"Different manufacturer, identical core specs"
88bf161d-2b73-40c4-964e-ef10b83e943f,CAT-LUB,FUNCTIONALLY_EQUIVALENT,CPI-SYN-496542,GME-SYN-760815,"Different manufacturer, identical core specs"
3d101379-c97a-4aac-9a6b-9218f35f6d64,CAT-VLV,FUNCTIONALLY_EQUIVALENT,AHM-SYN-584170,NEC-SYN-620625,"Different manufacturer, identical core specs"
7fbe8b29-a4f8-45b4-a485-9ca31bc03e71,CAT-GSK,FUNCTIONALLY_EQUIVALENT,BUS-SYN-523909,CPI-SYN-762408,"Different manufacturer, identical core specs"
d6e693b1-0510-4574-a12a-4b09eba3db96,CAT-PPE,FUNCTIONALLY_EQUIVALENT,CPI-SYN-305491,BUS-SYN-321165,"Different manufacturer, identical core specs"
d5ea20cb-f7cc-45bd-a034-61789a3816e4,CAT-INS,FUNCTIONALLY_EQUIVALENT,NEC-SYN-883561,CPI-SYN-819277,"Different manufacturer, identical core specs"
ec461160-66bd-40e0-af15-b4bf5c3b18f9,CAT-PMP,FUNCTIONALLY_EQUIVALENT,NEC-SYN-639016,GME-SYN-451517,"Different manufacturer, identical core specs"
a5d23728-d1d8-4ae2-af94-af64cb4779b4,CAT-PMP,FUNCTIONALLY_EQUIVALENT,AHM-SYN-717494,CPI-SYN-690780,"Different manufacturer, identical core specs"
b8a7e143-dbdb-4c05-a4d9-658dd34892af,CAT-BRG,FUNCTIONALLY_EQUIVALENT,BUS-SYN-868274,GME-SYN-550214,"Different manufacturer, identical core specs"
4c99e21e-0823-4284-b40b-f721caefdcbb,CAT-GSK,FUNCTIONALLY_EQUIVALENT,BUS-SYN-322715,NEC-SYN-488026,"Different manufacturer, identical core specs"
80c259a2-e178-40e6-8a29-33004fdf0e83,CAT-ELC,FUNCTIONALLY_EQUIVALENT,GME-SYN-512850,AHM-SYN-571352,"Different manufacturer, identical core specs"
6a875640-f5f2-4610-8164-062e770b9f31,CAT-PMP,FUNCTIONALLY_EQUIVALENT,NEC-SYN-900538,GME-SYN-318971,"Different manufacturer, identical core specs"
9142b182-637f-4bac-a743-a9e8bd7e3e58,CAT-BRG,FUNCTIONALLY_EQUIVALENT,AHM-SYN-553229,CPI-SYN-902538,"Different manufacturer, identical core specs"
d49cd2d4-5771-46e7-bf25-fe9e76ca8de1,CAT-PIP,FUNCTIONALLY_EQUIVALENT,AHM-SYN-849193,NEC-SYN-282760,"Different manufacturer, identical core specs"
48dce505-b676-4871-8bba-e493bdbe16fc,CAT-INS,FUNCTIONALLY_EQUIVALENT,NEC-SYN-848199,AHM-SYN-598468,"Different manufacturer, identical core specs"
25686197-a8f8-4a61-a55c-1341f1e48a65,CAT-LUB,FUNCTIONALLY_EQUIVALENT,NEC-SYN-306825,NEC-SYN-804429,"Different manufacturer, identical core specs"
5b93bf5d-2ab1-4f75-bec5-6cd2974e488e,CAT-INS,FUNCTIONALLY_EQUIVALENT,GME-SYN-553768,CPI-SYN-108206,"Different manufacturer, identical core specs"
025b2f85-1c48-471e-80f6-d57e2a833323,CAT-GSK,FUNCTIONALLY_EQUIVALENT,BUS-SYN-834527,AHM-SYN-122102,"Different manufacturer, identical core specs"
c3a63f3c-5f1c-4904-a531-9a5a45e41cff,CAT-VLV,FUNCTIONALLY_EQUIVALENT,NEC-SYN-648161,AHM-SYN-696827,"Different manufacturer, identical core specs"
fa67a89f-aefe-4d01-9650-e75732999230,CAT-PIP,FUNCTIONALLY_EQUIVALENT,CPI-SYN-409494,GME-SYN-442693,"Different manufacturer, identical core specs"
a8124b43-6bdf-4583-860c-60edd2f4de6d,CAT-BRG,FUNCTIONALLY_EQUIVALENT,BUS-SYN-468310,AHM-SYN-366161,"Different manufacturer, identical core specs"
5cd4f857-2297-41cb-a107-8d812a7978e4,CAT-CBL,FUNCTIONALLY_EQUIVALENT,BUS-SYN-284150,NEC-SYN-137163,"Different manufacturer, identical core specs"
4e8c1956-65d1-442b-b10c-6a2fc8f346a7,CAT-CBL,FUNCTIONALLY_EQUIVALENT,NEC-SYN-219395,CPI-SYN-433580,"Different manufacturer, identical core specs"
586231f9-f6b0-4813-b792-ec0ada93b71b,CAT-LUB,FUNCTIONALLY_EQUIVALENT,AHM-SYN-848412,AHM-SYN-423164,"Different manufacturer, identical core specs"
831db940-0d1c-4c71-a03d-1923fc13c2fd,CAT-LUB,FUNCTIONALLY_EQUIVALENT,BUS-SYN-705175,AHM-SYN-831874,"Different manufacturer, identical core specs"
eac12d04-e9cd-409a-a11e-bc46b5462ee2,CAT-LUB,FUNCTIONALLY_EQUIVALENT,BUS-SYN-299385,BUS-SYN-390153,"Different manufacturer, identical core specs"
811b355d-8933-4c10-a978-f41a7b1d9383,CAT-BRG,FUNCTIONALLY_EQUIVALENT,BUS-SYN-775262,BUS-SYN-515988,"Different manufacturer, identical core specs"
f16d0ac7-0cde-4283-ab57-405631a3e352,CAT-LUB,FUNCTIONALLY_EQUIVALENT,GME-SYN-604167,BUS-SYN-946962,"Different manufacturer, identical core specs"
d8c79e74-d29a-4266-a188-dd10f123ccb2,CAT-GSK,FUNCTIONALLY_EQUIVALENT,NEC-SYN-404216,GME-SYN-616836,"Different manufacturer, identical core specs"
076b66b2-a4a8-4efe-aa6e-96f23057979b,CAT-INS,FUNCTIONALLY_EQUIVALENT,BUS-SYN-662436,AHM-SYN-974102,"Different manufacturer, identical core specs"
845652d5-043c-4f8b-9eaa-c0de935db3c6,CAT-PIP,FUNCTIONALLY_EQUIVALENT,NEC-SYN-918851,AHM-SYN-116413,"Different manufacturer, identical core specs"
4a34563f-1622-487c-a6e8-0f2149c64cb1,CAT-LUB,FUNCTIONALLY_EQUIVALENT,CPI-SYN-337972,BUS-SYN-909781,"Different manufacturer, identical core specs"
45f85d46-439e-4ce9-a3c1-07aedc53740e,CAT-FST,FUNCTIONALLY_EQUIVALENT,NEC-SYN-149454,BUS-SYN-872403,"Different manufacturer, identical core specs"
9065bad3-917f-403c-8ec8-b020ca4d61dc,CAT-PIP,FUNCTIONALLY_EQUIVALENT,AHM-SYN-684256,NEC-SYN-612386,"Different manufacturer, identical core specs"
194e1d7d-d55d-4e21-80f2-226e3a167522,CAT-INS,FUNCTIONALLY_EQUIVALENT,CPI-SYN-796686,NEC-SYN-624144,"Different manufacturer, identical core specs"
74f72474-2fb9-462c-8b53-a5d45f66440b,CAT-MTR,FUNCTIONALLY_EQUIVALENT,NEC-SYN-357459,BUS-SYN-111073,"Different manufacturer, identical core specs"
09b1589b-8203-405e-a671-ba9cf7791714,CAT-MTR,FUNCTIONALLY_EQUIVALENT,GME-SYN-725701,NEC-SYN-972193,"Different manufacturer, identical core specs"
b3cfccc7-9024-4260-a1a4-3e2872a9a8ec,CAT-VLV,FUNCTIONALLY_EQUIVALENT,GME-SYN-332545,BUS-SYN-241373,"Different manufacturer, identical core specs"
931a5595-53eb-4a2a-aef2-6bca478e18e6,CAT-FST,FUNCTIONALLY_EQUIVALENT,NEC-SYN-687481,CPI-SYN-859788,"Different manufacturer, identical core specs"
f5169f2b-996d-42de-959f-2bc65f1338ca,CAT-BRG,FUNCTIONALLY_EQUIVALENT,AHM-SYN-817711,NEC-SYN-646345,"Different manufacturer, identical core specs"
fbbcdc3c-0455-4c10-81f4-5ff4a6ad9e3a,CAT-ELC,FUNCTIONALLY_EQUIVALENT,AHM-SYN-138876,NEC-SYN-230509,"Different manufacturer, identical core specs"
f4554057-157f-41d9-8b6d-3dcc8bb8f0b3,CAT-BRG,FUNCTIONALLY_EQUIVALENT,AHM-SYN-148609,GME-SYN-759008,"Different manufacturer, identical core specs"
7cc7d3c8-5706-4274-b685-af0b4f2e30b6,CAT-LUB,FUNCTIONALLY_EQUIVALENT,AHM-SYN-826422,GME-SYN-950757,"Different manufacturer, identical core specs"
9c55e855-abf0-4dc8-be31-bc915ed4b30d,CAT-INS,FUNCTIONALLY_EQUIVALENT,NEC-SYN-732355,NEC-SYN-955211,"Different manufacturer, identical core specs"
f2d4387d-b572-4cc6-9a5f-908321e6e647,CAT-FLG,FUNCTIONALLY_EQUIVALENT,BUS-SYN-788157,BUS-SYN-320383,"Different manufacturer, identical core specs"
4a8bd75e-5d3c-44c5-9aee-a7d3196429a8,CAT-PIP,FUNCTIONALLY_EQUIVALENT,CPI-SYN-790636,CPI-SYN-446835,"Different manufacturer, identical core specs"
02cb96b4-d30c-49b9-835c-fe525939632f,CAT-MTR,FUNCTIONALLY_EQUIVALENT,GME-SYN-637280,NEC-SYN-637759,"Different manufacturer, identical core specs"
5632d0de-8c4b-411f-933e-8c929e759a16,CAT-INS,FUNCTIONALLY_EQUIVALENT,AHM-SYN-259291,GME-SYN-990489,"Different manufacturer, identical core specs"
2fce06e7-c993-4eb4-9322-83d4a24ab42e,CAT-PPE,FUNCTIONALLY_EQUIVALENT,GME-SYN-741405,BUS-SYN-295863,"Different manufacturer, identical core specs"
18e7b82f-9dfc-4023-b991-fc4b3526ca34,CAT-ELC,FUNCTIONALLY_EQUIVALENT,AHM-SYN-543491,AHM-SYN-825685,"Different manufacturer, identical core specs"
542e6d04-7f77-4cba-9acb-74a9f7f1b8ee,CAT-PIP,FUNCTIONALLY_EQUIVALENT,NEC-SYN-544367,BUS-SYN-777661,"Different manufacturer, identical core specs"
38d06ee6-ae82-46c2-9c20-c9c1d4b151b3,CAT-FLG,FUNCTIONALLY_EQUIVALENT,CPI-SYN-187775,GME-SYN-850443,"Different manufacturer, identical core specs"
f10d05cd-5676-4e57-8471-abb76ccadcc0,CAT-GSK,FUNCTIONALLY_EQUIVALENT,GME-SYN-505672,GME-SYN-744346,"Different manufacturer, identical core specs"
58d28921-b885-4e4d-9649-009798b9f267,CAT-CBL,FUNCTIONALLY_EQUIVALENT,GME-SYN-953767,CPI-SYN-786735,"Different manufacturer, identical core specs"
886e5bdf-87bd-499e-b8f5-bda0857544a7,CAT-LUB,FUNCTIONALLY_EQUIVALENT,AHM-SYN-933242,BUS-SYN-338690,"Different manufacturer, identical core specs"
45caa42e-a07e-4e04-9b6d-af4738fc2da5,CAT-PPE,FUNCTIONALLY_EQUIVALENT,GME-SYN-751713,AHM-SYN-707816,"Different manufacturer, identical core specs"
8b53d2e7-be44-45b5-ab6a-91dfef9873a7,CAT-ELC,FUNCTIONALLY_EQUIVALENT,NEC-SYN-793700,NEC-SYN-692311,"Different manufacturer, identical core specs"
155ed193-4ffc-486d-957a-ff2c952b936f,CAT-MTR,FUNCTIONALLY_EQUIVALENT,NEC-SYN-676237,BUS-SYN-342691,"Different manufacturer, identical core specs"
f4ab3e72-fab0-478a-aaa8-d15473c28841,CAT-FST,FUNCTIONALLY_EQUIVALENT,BUS-SYN-442561,CPI-SYN-513102,"Different manufacturer, identical core specs"
1a91fea8-9ce5-4eb2-8df5-070ddffbec9e,CAT-MTR,FUNCTIONALLY_EQUIVALENT,AHM-SYN-963965,CPI-SYN-849991,"Different manufacturer, identical core specs"
6579b45a-91b5-469b-b395-de7e5a4c7303,CAT-CBL,FUNCTIONALLY_EQUIVALENT,CPI-SYN-254845,GME-SYN-900949,"Different manufacturer, identical core specs"
ba73e1b9-58e3-40d4-9289-85f76a14becf,CAT-BRG,FUNCTIONALLY_EQUIVALENT,GME-SYN-840953,CPI-SYN-166554,"Different manufacturer, identical core specs"
2d274c2f-cf29-4e00-99d1-8c2f2b936db3,CAT-GSK,FUNCTIONALLY_EQUIVALENT,AHM-SYN-637476,CPI-SYN-449042,"Different manufacturer, identical core specs"
e7de9ffc-c432-415f-b096-05408496cf21,CAT-PIP,FUNCTIONALLY_EQUIVALENT,BUS-SYN-732176,CPI-SYN-551938,"Different manufacturer, identical core specs"
e613969d-c77c-4ec8-bdbd-e74a2f34d249,CAT-PMP,FUNCTIONALLY_EQUIVALENT,AHM-SYN-376256,CPI-SYN-702144,"Different manufacturer, identical core specs"
0106d218-5e39-4b3f-9fac-251cf5129c05,CAT-INS,FUNCTIONALLY_EQUIVALENT,CPI-SYN-967814,AHM-SYN-990148,"Different manufacturer, identical core specs"
ee709745-6dcb-4f0f-81ae-2a32d8301738,CAT-CBL,FUNCTIONALLY_EQUIVALENT,AHM-SYN-372301,BUS-SYN-905122,"Different manufacturer, identical core specs"
015bc3e9-9803-44b4-b9e3-0e9facad5de4,CAT-LUB,FUNCTIONALLY_EQUIVALENT,AHM-SYN-437867,BUS-SYN-357124,"Different manufacturer, identical core specs"
5df49274-fd73-4299-b907-a83c6d04b0d9,CAT-FLG,FUNCTIONALLY_EQUIVALENT,GME-SYN-377916,GME-SYN-386375,"Different manufacturer, identical core specs"
de33cce5-000f-4a4c-b26b-e92932be3d85,CAT-ELC,FUNCTIONALLY_EQUIVALENT,NEC-SYN-250422,CPI-SYN-850176,"Different manufacturer, identical core specs"
f037a05d-f781-40d9-8dfd-76fd80e2ffa1,CAT-PIP,FUNCTIONALLY_EQUIVALENT,GME-SYN-621323,AHM-SYN-361040,"Different manufacturer, identical core specs"
7d82da47-1830-44b1-88ba-0578ffa24ccb,CAT-ELC,FUNCTIONALLY_EQUIVALENT,BUS-SYN-891409,AHM-SYN-978169,"Different manufacturer, identical core specs"
46127e9c-879f-4c71-8b1a-82f8c04d135a,CAT-LUB,FUNCTIONALLY_EQUIVALENT,AHM-SYN-443449,NEC-SYN-377825,"Different manufacturer, identical core specs"
a665c427-7102-4948-bdcd-cfc0d0440ccc,CAT-VLV,FUNCTIONALLY_EQUIVALENT,AHM-SYN-270308,GME-SYN-399675,"Different manufacturer, identical core specs"
d972ad6c-4cd4-4e59-9d89-6d5dcf643b4a,CAT-BRG,FUNCTIONALLY_EQUIVALENT,CPI-SYN-555823,BUS-SYN-311428,"Different manufacturer, identical core specs"
6d2c3734-b89f-437f-84ec-b9a774d65885,CAT-PPE,FUNCTIONALLY_EQUIVALENT,AHM-SYN-241461,NEC-SYN-329550,"Different manufacturer, identical core specs"
f6a91050-a3ba-428d-9930-68a2b6167992,CAT-VLV,FUNCTIONALLY_EQUIVALENT,BUS-SYN-577941,BUS-SYN-658152,"Different manufacturer, identical core specs"
c27e94a0-c6e3-483e-bba9-813184875b47,CAT-INS,FUNCTIONALLY_EQUIVALENT,AHM-SYN-620251,AHM-SYN-538311,"Different manufacturer, identical core specs"
2080844a-3e5c-4606-84ab-28a4d197e7f6,CAT-FLG,FUNCTIONALLY_EQUIVALENT,NEC-SYN-311402,CPI-SYN-169541,"Different manufacturer, identical core specs"
ea58078d-13e3-475f-b869-e2a0c3e6924d,CAT-FST,FUNCTIONALLY_EQUIVALENT,AHM-SYN-351265,CPI-SYN-741155,"Different manufacturer, identical core specs"
572b5a38-c039-4250-8c91-e09710743bab,CAT-CBL,FUNCTIONALLY_EQUIVALENT,CPI-SYN-393845,AHM-SYN-971022,"Different manufacturer, identical core specs"
52561aad-abc7-47c0-a4b3-009d8256b21d,CAT-VLV,FUNCTIONALLY_EQUIVALENT,GME-SYN-829484,CPI-SYN-623546,"Different manufacturer, identical core specs"
ed4537c0-976a-4f36-a516-9f612b065646,CAT-PMP,FUNCTIONALLY_EQUIVALENT,NEC-SYN-112850,GME-SYN-505612,"Different manufacturer, identical core specs"
6ec97aa7-b138-4de9-a3ba-94261c43d057,CAT-VLV,FUNCTIONALLY_EQUIVALENT,BUS-SYN-419588,AHM-SYN-742112,"Different manufacturer, identical core specs"
9489deb1-cacf-40e0-b7eb-e837ab3af97d,CAT-LUB,FUNCTIONALLY_EQUIVALENT,AHM-SYN-281052,BUS-SYN-114826,"Different manufacturer, identical core specs"
6804cb2e-cdc2-4e60-941c-0fc553cca757,CAT-BRG,FUNCTIONALLY_EQUIVALENT,AHM-SYN-216758,NEC-SYN-885724,"Different manufacturer, identical core specs"
9e439768-4efe-415e-a561-4d4041c3ed35,CAT-ELC,FUNCTIONALLY_EQUIVALENT,CPI-SYN-616929,BUS-SYN-142680,"Different manufacturer, identical core specs"
b8ba5e29-d9ed-420c-8de1-8d76b175ff4a,CAT-FLG,FUNCTIONALLY_EQUIVALENT,NEC-SYN-828967,BUS-SYN-738924,"Different manufacturer, identical core specs"
6f7b6c40-ce1b-4aa1-b637-a9e9e1237da6,CAT-PPE,FUNCTIONALLY_EQUIVALENT,AHM-SYN-265776,GME-SYN-497736,"Different manufacturer, identical core specs"
e0d1ae1d-08c9-4718-a2a9-c4c2102fd4c4,CAT-MTR,FUNCTIONALLY_EQUIVALENT,NEC-SYN-605484,BUS-SYN-715351,"Different manufacturer, identical core specs"
355c4a8e-c7f8-46c4-b17e-29ca8012a6c0,CAT-PIP,FUNCTIONALLY_EQUIVALENT,BUS-SYN-767968,BUS-SYN-559074,"Different manufacturer, identical core specs"
c6918685-6897-4069-af72-dad5c7f010b1,CAT-LUB,FUNCTIONALLY_EQUIVALENT,NEC-SYN-209700,BUS-SYN-284226,"Different manufacturer, identical core specs"
be04cb3f-b05c-4da3-85a8-2a953be5fd22,CAT-PIP,FUNCTIONALLY_EQUIVALENT,BUS-SYN-394450,BUS-SYN-695650,"Different manufacturer, identical core specs"
81b8a540-bb5d-4c92-9da3-49bc0bc53f1b,CAT-MTR,FUNCTIONALLY_EQUIVALENT,CPI-SYN-876305,GME-SYN-479111,"Different manufacturer, identical core specs"
386e8336-dfd8-452a-9ad6-b18c36355c68,CAT-PIP,FUNCTIONALLY_EQUIVALENT,BUS-SYN-101868,BUS-SYN-414956,"Different manufacturer, identical core specs"
049988ac-428c-4f6f-8210-63a0c0fb9ef6,CAT-LUB,FUNCTIONALLY_EQUIVALENT,CPI-SYN-947577,CPI-SYN-156530,"Different manufacturer, identical core specs"
fb5fb73b-72b8-4fd7-8d06-6e806a1e8cf6,CAT-LUB,FUNCTIONALLY_EQUIVALENT,CPI-SYN-226874,GME-SYN-936850,"Different manufacturer, identical core specs"
5dc7751d-34d6-478f-a9c7-f19177c0cf46,CAT-PPE,FUNCTIONALLY_EQUIVALENT,CPI-SYN-425646,BUS-SYN-108144,"Different manufacturer, identical core specs"
94577d73-bf2f-40ef-9a69-2f8c201d5f6b,CAT-BRG,FUNCTIONALLY_EQUIVALENT,GME-SYN-598682,NEC-SYN-229602,"Different manufacturer, identical core specs"
173abff3-244a-470c-9c62-6117f6891e9a,CAT-PIP,FUNCTIONALLY_EQUIVALENT,BUS-SYN-299157,CPI-SYN-120249,"Different manufacturer, identical core specs"
f69c90ac-d81f-4e21-b66c-f13f03357140,CAT-VLV,FUNCTIONALLY_EQUIVALENT,CPI-SYN-358915,NEC-SYN-560567,"Different manufacturer, identical core specs"
6f2428d8-0e77-4375-9204-bd48ad59d682,CAT-LUB,FUNCTIONALLY_EQUIVALENT,NEC-SYN-263316,NEC-SYN-704615,"Different manufacturer, identical core specs"
47c88eff-d1ee-43a9-b3c0-b17d4a8bd1d6,CAT-BRG,FUNCTIONALLY_EQUIVALENT,GME-SYN-464781,CPI-SYN-540409,"Different manufacturer, identical core specs"
d9d1be04-a27b-4698-9a69-c6f818154f6e,CAT-BRG,FUNCTIONALLY_EQUIVALENT,AHM-SYN-291400,BUS-SYN-995685,"Different manufacturer, identical core specs"
2df8a0d1-dcbb-4430-959f-a8b7932ff12d,CAT-MTR,FUNCTIONALLY_EQUIVALENT,GME-SYN-785759,NEC-SYN-442422,"Different manufacturer, identical core specs"
9c3fa8fb-66ef-44cd-b5c4-872625ee3d97,CAT-ELC,FUNCTIONALLY_EQUIVALENT,BUS-SYN-259595,GME-SYN-658573,"Different manufacturer, identical core specs"
7cee4db1-69ea-49d4-84e2-0564b90cd147,CAT-ELC,FUNCTIONALLY_EQUIVALENT,AHM-SYN-356231,GME-SYN-525737,"Different manufacturer, identical core specs"
7c0f2b0d-25aa-4dcb-9419-41f2384fc53d,CAT-ELC,FUNCTIONALLY_EQUIVALENT,BUS-SYN-130129,GME-SYN-995316,"Different manufacturer, identical core specs"
5c8ac91f-3641-455c-8f4f-65b5896e3d33,CAT-ELC,FUNCTIONALLY_EQUIVALENT,CPI-SYN-424163,GME-SYN-403380,"Different manufacturer, identical core specs"
a40aeeb5-1652-4534-8e11-b7859934e498,CAT-ELC,FUNCTIONALLY_EQUIVALENT,NEC-SYN-388690,CPI-SYN-525150,"Different manufacturer, identical core specs"
b1dbfaed-0851-4977-8b82-13dfed2399c0,CAT-ELC,FUNCTIONALLY_EQUIVALENT,GME-SYN-544414,CPI-SYN-390388,"Different manufacturer, identical core specs"
177bcd75-9749-47d2-b4a4-54da19a3ee0d,CAT-CBL,FUNCTIONALLY_EQUIVALENT,BUS-SYN-815767,BUS-SYN-234496,"Different manufacturer, identical core specs"
86242f1d-b3d8-4e3f-a88c-44bf472965c3,CAT-ELC,FUNCTIONALLY_EQUIVALENT,BUS-SYN-616294,AHM-SYN-469669,"Different manufacturer, identical core specs"
b450af1f-437c-469d-aa36-0b94f8e03f12,CAT-ELC,FUNCTIONALLY_EQUIVALENT,NEC-SYN-614766,NEC-SYN-401360,"Different manufacturer, identical core specs"
dec641aa-8a35-4d3a-92b3-7143d3ce8d65,CAT-MTR,FUNCTIONALLY_EQUIVALENT,CPI-SYN-935632,BUS-SYN-817148,"Different manufacturer, identical core specs"
0d8f60ee-7791-4cc5-9e2b-aaa72f366cbd,CAT-VLV,FUNCTIONALLY_EQUIVALENT,AHM-SYN-856426,NEC-SYN-133418,"Different manufacturer, identical core specs"
30efb3a4-191c-4422-854f-4d3e8d3a04c6,CAT-FLG,FUNCTIONALLY_EQUIVALENT,AHM-SYN-687696,BUS-SYN-659598,"Different manufacturer, identical core specs"
ac43cde6-dc3d-4b93-ad4f-362766d7117e,CAT-FLG,FUNCTIONALLY_EQUIVALENT,GME-SYN-573161,BUS-SYN-306044,"Different manufacturer, identical core specs"
65e34a3f-febc-4eed-b20b-4ab33c975d34,CAT-FLG,FUNCTIONALLY_EQUIVALENT,NEC-SYN-909803,BUS-SYN-979614,"Different manufacturer, identical core specs"
8b2fcc70-847d-4771-be39-b621f61afeb6,CAT-FST,FUNCTIONALLY_EQUIVALENT,BUS-SYN-764444,BUS-SYN-230890,"Different manufacturer, identical core specs"
1bd24009-e690-4220-b7f9-b96c92929668,CAT-CBL,FUNCTIONALLY_EQUIVALENT,BUS-SYN-285461,NEC-SYN-363901,"Different manufacturer, identical core specs"
c8f3c144-a116-49e2-90c6-eec3b21fae42,CAT-ELC,FUNCTIONALLY_EQUIVALENT,CPI-SYN-770571,CPI-SYN-934461,"Different manufacturer, identical core specs"
a05a924d-925a-422b-ad53-493d8e80c459,CAT-VLV,FUNCTIONALLY_EQUIVALENT,BUS-SYN-454220,CPI-SYN-991691,"Different manufacturer, identical core specs"
e7a439f5-daad-47d7-810d-7d228d7e19ca,CAT-BRG,FUNCTIONALLY_EQUIVALENT,NEC-SYN-911034,AHM-SYN-196052,"Different manufacturer, identical core specs"
0094d5f8-d8c7-40d6-8c82-603872e04021,CAT-LUB,FUNCTIONALLY_EQUIVALENT,CPI-SYN-228304,CPI-SYN-707950,"Different manufacturer, identical core specs"
70746f4c-4837-4f68-9760-2e915f8df014,CAT-MTR,FUNCTIONALLY_EQUIVALENT,BUS-SYN-324706,GME-SYN-709067,"Different manufacturer, identical core specs"
b3c0b469-0040-4398-93a1-36953fb9bff6,CAT-ELC,FUNCTIONALLY_EQUIVALENT,NEC-SYN-555891,CPI-SYN-979588,"Different manufacturer, identical core specs"
84e70ceb-5dee-4d3c-a1df-04be16714fdd,CAT-MTR,FUNCTIONALLY_EQUIVALENT,GME-SYN-193424,BUS-SYN-608949,"Different manufacturer, identical core specs"
df95023d-e51f-41c3-818c-ebc8878667ee,CAT-BRG,FUNCTIONALLY_EQUIVALENT,NEC-SYN-473438,BUS-SYN-395710,"Different manufacturer, identical core specs"
ccd67170-2bc7-4320-9bb4-1e948b96cf1f,CAT-INS,FUNCTIONALLY_EQUIVALENT,AHM-SYN-806619,CPI-SYN-368989,"Different manufacturer, identical core specs"
766ed5d4-1f58-48ca-8fa5-d1ad96cfa89c,CAT-BRG,FUNCTIONALLY_EQUIVALENT,GME-SYN-938394,GME-SYN-832617,"Different manufacturer, identical core specs"
8e74c258-4742-4f0f-bbe5-7657aa6b0420,CAT-CBL,FUNCTIONALLY_EQUIVALENT,GME-SYN-406847,GME-SYN-592958,"Different manufacturer, identical core specs"
af5c82e9-22db-46c9-912a-0b511c02dca2,CAT-FLG,FUNCTIONALLY_EQUIVALENT,CPI-SYN-350660,NEC-SYN-339752,"Different manufacturer, identical core specs"
5ed00168-1cb2-4103-9a94-a69b4baa6899,CAT-INS,FUNCTIONALLY_EQUIVALENT,CPI-SYN-331746,GME-SYN-442321,"Different manufacturer, identical core specs"
bbbcadcd-3c6a-49be-80a7-165e20906407,CAT-INS,FUNCTIONALLY_EQUIVALENT,BUS-SYN-466732,BUS-SYN-441047,"Different manufacturer, identical core specs"
121cdc7b-8ea2-4840-9fca-fb1e7cac65f0,CAT-PPE,FUNCTIONALLY_EQUIVALENT,AHM-SYN-786255,CPI-SYN-952434,"Different manufacturer, identical core specs"
de3a2ff5-b337-414f-84da-a8f793145808,CAT-LUB,FUNCTIONALLY_EQUIVALENT,NEC-SYN-761708,GME-SYN-366923,"Different manufacturer, identical core specs"
d544a49d-7407-474b-addc-a3cabf931597,CAT-GSK,FUNCTIONALLY_EQUIVALENT,GME-SYN-409594,GME-SYN-803794,"Different manufacturer, identical core specs"
074434d0-82fc-4294-a826-7efc491b5f98,CAT-PIP,FUNCTIONALLY_EQUIVALENT,CPI-SYN-611336,AHM-SYN-148439,"Different manufacturer, identical core specs"
31ef61cd-61f4-48b9-9e82-38b324caf759,CAT-PMP,FUNCTIONALLY_EQUIVALENT,AHM-SYN-803659,GME-SYN-296918,"Different manufacturer, identical core specs"
98846de1-5636-48a6-ab93-38b0e0210649,CAT-LUB,FUNCTIONALLY_EQUIVALENT,AHM-SYN-432116,GME-SYN-750661,"Different manufacturer, identical core specs"
f2e50502-e447-4ea7-baca-b7830c895038,CAT-PMP,FUNCTIONALLY_EQUIVALENT,AHM-SYN-189563,CPI-SYN-633157,"Different manufacturer, identical core specs"
41c10072-31bb-4958-bde4-ab314bb3aea0,CAT-VLV,FUNCTIONALLY_EQUIVALENT,GME-SYN-840264,GME-SYN-511073,"Different manufacturer, identical core specs"
ecd580c2-a61d-43a9-8d4a-3cd74c9adb22,CAT-BRG,FUNCTIONALLY_EQUIVALENT,BUS-SYN-900326,BUS-SYN-882192,"Different manufacturer, identical core specs"
a9d7c925-6723-4f04-8684-fec0bb19c86d,CAT-BRG,FUNCTIONALLY_EQUIVALENT,NEC-SYN-443276,BUS-SYN-461772,"Different manufacturer, identical core specs"
63497cf1-2810-4442-ae25-cffc88513baa,CAT-VLV,FUNCTIONALLY_EQUIVALENT,GME-SYN-677290,CPI-SYN-664522,"Different manufacturer, identical core specs"
9623738f-af62-4b22-a29c-e9764a9b61cd,CAT-VLV,FUNCTIONALLY_EQUIVALENT,NEC-SYN-305550,BUS-SYN-912736,"Different manufacturer, identical core specs"
8b34fce6-e73f-4376-b92f-0b0bbaff5dba,CAT-GSK,FUNCTIONALLY_EQUIVALENT,CPI-SYN-730804,CPI-SYN-227728,"Different manufacturer, identical core specs"
0e8818a1-4373-44e7-8257-b66408a839d7,CAT-BRG,FUNCTIONALLY_EQUIVALENT,CPI-SYN-372363,AHM-SYN-305101,"Different manufacturer, identical core specs"
4b05efc6-af73-402f-b41d-a901b7090ef6,CAT-FST,FUNCTIONALLY_EQUIVALENT,BUS-SYN-112287,CPI-SYN-403379,"Different manufacturer, identical core specs"
f81f0500-0426-4d3b-b7c6-aea107ee89b1,CAT-BRG,FUNCTIONALLY_EQUIVALENT,NEC-SYN-649484,CPI-SYN-613680,"Different manufacturer, identical core specs"
39549137-ef4a-4e79-b5a4-dc267420a354,CAT-FLG,FUNCTIONALLY_EQUIVALENT,BUS-SYN-769073,AHM-SYN-107066,"Different manufacturer, identical core specs"
7059e7af-3aa7-4cf9-b422-67042570c426,CAT-VLV,FUNCTIONALLY_EQUIVALENT,GME-SYN-476919,AHM-SYN-790111,"Different manufacturer, identical core specs"
6082073d-bb3d-4d47-8481-3f04c754bb47,CAT-BRG,FUNCTIONALLY_EQUIVALENT,NEC-SYN-724864,AHM-SYN-618601,"Different manufacturer, identical core specs"
b180068d-7451-4ff7-90a2-aa98ba656112,CAT-PPE,FUNCTIONALLY_EQUIVALENT,AHM-SYN-703402,BUS-SYN-452737,"Different manufacturer, identical core specs"
1a498c7b-afdc-45b4-ad70-45033ba89e81,CAT-CBL,FUNCTIONALLY_EQUIVALENT,NEC-SYN-871752,GME-SYN-384308,"Different manufacturer, identical core specs"
0966c2d5-521f-40b9-ae6e-3e98ea815772,CAT-LUB,FUNCTIONALLY_EQUIVALENT,BUS-SYN-151187,CPI-SYN-920377,"Different manufacturer, identical core specs"
4e8fafc0-ba67-48a7-b429-cd398268d0f7,CAT-FST,FUNCTIONALLY_EQUIVALENT,CPI-SYN-418399,BUS-SYN-844797,"Different manufacturer, identical core specs"
7dae5646-6a04-43f1-b37a-8b75a7eeb5ca,CAT-PPE,FUNCTIONALLY_EQUIVALENT,NEC-SYN-698131,GME-SYN-642841,"Different manufacturer, identical core specs"
5b06a9b6-1470-4ca5-8c6e-d77f89c64aa0,CAT-PIP,FUNCTIONALLY_EQUIVALENT,NEC-SYN-572802,CPI-SYN-882389,"Different manufacturer, identical core specs"
2ab728b2-01db-40ef-88b2-0f35b5bbad56,CAT-INS,FUNCTIONALLY_EQUIVALENT,BUS-SYN-323202,GME-SYN-483420,"Different manufacturer, identical core specs"
0476beee-c112-42f5-b33e-e7cc279f0281,CAT-FLG,FUNCTIONALLY_EQUIVALENT,BUS-SYN-371366,GME-SYN-704784,"Different manufacturer, identical core specs"
d47b3715-3766-4cb5-9541-eeae3ffa241d,CAT-CBL,FUNCTIONALLY_EQUIVALENT,GME-SYN-734084,NEC-SYN-757170,"Different manufacturer, identical core specs"
a4c2ad79-a981-41d3-be79-5c33a29ddc16,CAT-LUB,FUNCTIONALLY_EQUIVALENT,GME-SYN-988271,GME-SYN-749410,"Different manufacturer, identical core specs"
37daad39-c149-400d-8a7d-7863718869d0,CAT-GSK,FUNCTIONALLY_EQUIVALENT,AHM-SYN-610926,AHM-SYN-901359,"Different manufacturer, identical core specs"
fbc1b5c8-6cce-4851-b01d-2d04364568d6,CAT-LUB,FUNCTIONALLY_EQUIVALENT,GME-SYN-863138,GME-SYN-935650,"Different manufacturer, identical core specs"
c6b2af72-f572-4561-b775-12af8541fa92,CAT-MTR,FUNCTIONALLY_EQUIVALENT,NEC-SYN-973709,BUS-SYN-522351,"Different manufacturer, identical core specs"
8fcb7de5-61f3-4157-9aba-4d60f2975a74,CAT-INS,FUNCTIONALLY_EQUIVALENT,BUS-SYN-434030,CPI-SYN-653407,"Different manufacturer, identical core specs"
920407b6-89f8-46f7-ab8d-f839b930a28c,CAT-ELC,FUNCTIONALLY_EQUIVALENT,NEC-SYN-752439,BUS-SYN-447091,"Different manufacturer, identical core specs"
5c63940b-e91f-4be9-a8f5-d34a788a6422,CAT-PIP,FUNCTIONALLY_EQUIVALENT,NEC-SYN-374956,GME-SYN-613036,"Different manufacturer, identical core specs"
c4ca8cad-9b4c-4033-a327-d462da2fe6d9,CAT-INS,FUNCTIONALLY_EQUIVALENT,AHM-SYN-177486,AHM-SYN-620955,"Different manufacturer, identical core specs"
30ca89e5-7ebb-46b8-802d-5c8a482beaf6,CAT-LUB,FUNCTIONALLY_EQUIVALENT,NEC-SYN-245123,GME-SYN-175758,"Different manufacturer, identical core specs"
eb4d42d0-ddba-42a1-9182-a606ce68016f,CAT-FST,FUNCTIONALLY_EQUIVALENT,NEC-SYN-687912,BUS-SYN-375177,"Different manufacturer, identical core specs"
095ccc83-d172-4b34-9af5-61713c26f26f,CAT-CBL,FUNCTIONALLY_EQUIVALENT,CPI-SYN-571107,CPI-SYN-570048,"Different manufacturer, identical core specs"
1de26dd6-4a0c-4aa3-93cd-c5bc19eebb49,CAT-FLG,FUNCTIONALLY_EQUIVALENT,GME-SYN-601123,CPI-SYN-583560,"Different manufacturer, identical core specs"
1f63929d-b80f-43fa-b3a0-422b9db191b2,CAT-BRG,FUNCTIONALLY_EQUIVALENT,BUS-SYN-438732,NEC-SYN-763300,"Different manufacturer, identical core specs"
a5b5bb37-49e2-495d-a6c3-f41b2f53ccb3,CAT-INS,FUNCTIONALLY_EQUIVALENT,NEC-SYN-822717,AHM-SYN-366593,"Different manufacturer, identical core specs"
45c44bdd-3d0f-4c32-af20-420a0c8451f5,CAT-BRG,FUNCTIONALLY_EQUIVALENT,GME-SYN-225377,NEC-SYN-591008,"Different manufacturer, identical core specs"
7aa4ebac-cd22-4e85-85a3-ebdf005dc0a0,CAT-GSK,FUNCTIONALLY_EQUIVALENT,CPI-SYN-383421,AHM-SYN-511584,"Different manufacturer, identical core specs"
60a10642-ac4d-4682-a10f-0c75b6c24280,CAT-BRG,FUNCTIONALLY_EQUIVALENT,CPI-SYN-835239,NEC-SYN-409980,"Different manufacturer, identical core specs"
e4a2eab2-c05d-4e34-b9fb-7e6be449a841,CAT-BRG,FUNCTIONALLY_EQUIVALENT,AHM-SYN-851151,CPI-SYN-819198,"Different manufacturer, identical core specs"
8b576f94-a63a-41ec-b7e1-58c2fb9dcdde,CAT-PPE,FUNCTIONALLY_EQUIVALENT,AHM-SYN-797769,GME-SYN-249227,"Different manufacturer, identical core specs"
12fcfca1-9a29-428f-a2ac-bf3436e8bce1,CAT-INS,FUNCTIONALLY_EQUIVALENT,NEC-SYN-367275,CPI-SYN-721536,"Different manufacturer, identical core specs"
a0371e2e-de5a-4b95-8506-5d71b2797a62,CAT-LUB,FUNCTIONALLY_EQUIVALENT,BUS-SYN-110983,CPI-SYN-480217,"Different manufacturer, identical core specs"
d00abf70-d655-4f69-b957-820872178227,CAT-INS,FUNCTIONALLY_EQUIVALENT,GME-SYN-978120,CPI-SYN-496997,"Different manufacturer, identical core specs"
78b9f6c6-f311-4117-8a30-3e7ba161fe4e,CAT-ELC,FUNCTIONALLY_EQUIVALENT,BUS-SYN-694870,AHM-SYN-748360,"Different manufacturer, identical core specs"
814aa655-9a11-4eb4-bc42-f2485cf29883,CAT-CBL,FUNCTIONALLY_EQUIVALENT,AHM-SYN-800266,BUS-SYN-968658,"Different manufacturer, identical core specs"
6005bc96-41b4-40ed-b957-d0f5e9ee6dff,CAT-ELC,FUNCTIONALLY_EQUIVALENT,BUS-SYN-165580,GME-SYN-826856,"Different manufacturer, identical core specs"
1396e8e1-6197-4310-9e4e-a714e4969697,CAT-VLV,FUNCTIONALLY_EQUIVALENT,AHM-SYN-463471,AHM-SYN-162489,"Different manufacturer, identical core specs"
4e3c8906-9cdf-4bc3-9966-ff5ece188f8e,CAT-CBL,FUNCTIONALLY_EQUIVALENT,BUS-SYN-293558,NEC-SYN-577776,"Different manufacturer, identical core specs"
7d340026-e267-4b90-94a2-9957296e29fb,CAT-VLV,FUNCTIONALLY_EQUIVALENT,NEC-SYN-364771,CPI-SYN-991405,"Different manufacturer, identical core specs"
e76555f4-2a87-45f5-a258-ce1d7b4fb6af,CAT-PMP,FUNCTIONALLY_EQUIVALENT,BUS-SYN-898219,GME-SYN-905839,"Different manufacturer, identical core specs"
454e4b25-795e-4be1-b8bb-2feedcb0ed20,CAT-PIP,FUNCTIONALLY_EQUIVALENT,GME-SYN-733150,AHM-SYN-224997,"Different manufacturer, identical core specs"
1cb24ced-4928-4957-960a-7d4caddcadeb,CAT-LUB,FUNCTIONALLY_EQUIVALENT,GME-SYN-676621,AHM-SYN-689618,"Different manufacturer, identical core specs"
9adf347f-9a51-4851-8941-d9eee797fb41,CAT-BRG,FUNCTIONALLY_EQUIVALENT,AHM-SYN-280560,GME-SYN-473557,"Different manufacturer, identical core specs"
f401036c-e2d6-43e9-82c2-89a18c716d00,CAT-GSK,FUNCTIONALLY_EQUIVALENT,BUS-SYN-473766,AHM-SYN-671736,"Different manufacturer, identical core specs"
d68da078-2e19-4a56-957e-d8718b5c137c,CAT-BRG,FUNCTIONALLY_EQUIVALENT,BUS-SYN-853384,BUS-SYN-780932,"Different manufacturer, identical core specs"
3c8580a9-8f46-491b-b440-caf0c878ecc6,CAT-ELC,FUNCTIONALLY_EQUIVALENT,BUS-SYN-298097,CPI-SYN-606073,"Different manufacturer, identical core specs"
ecf9fe8d-0656-4626-840d-e333fb0f8c03,CAT-GSK,FUNCTIONALLY_EQUIVALENT,AHM-SYN-662988,GME-SYN-916503,"Different manufacturer, identical core specs"
e043d133-cef6-4245-9265-f06c41bf230d,CAT-INS,FUNCTIONALLY_EQUIVALENT,AHM-SYN-891579,BUS-SYN-977945,"Different manufacturer, identical core specs"
ee7ba1ce-5698-4e75-9ede-a559a6907c3c,CAT-PPE,FUNCTIONALLY_EQUIVALENT,AHM-SYN-182027,NEC-SYN-756119,"Different manufacturer, identical core specs"
6411999f-ea18-4b7c-a505-8e22087a9be7,CAT-CBL,FUNCTIONALLY_EQUIVALENT,NEC-SYN-700445,CPI-SYN-710111,"Different manufacturer, identical core specs"
5a7ba6d9-656b-47e3-ae73-804010c5237f,CAT-INS,FUNCTIONALLY_EQUIVALENT,GME-SYN-406185,CPI-SYN-815446,"Different manufacturer, identical core specs"
8e0faaab-f322-4eff-8795-6b51fbfb8f80,CAT-PMP,FUNCTIONALLY_EQUIVALENT,AHM-SYN-737478,NEC-SYN-499600,"Different manufacturer, identical core specs"
39dcb4f0-ebc8-4af9-8f1b-f7eee2af191b,CAT-BRG,FUNCTIONALLY_EQUIVALENT,AHM-SYN-725332,NEC-SYN-840937,"Different manufacturer, identical core specs"
365dc77f-2160-4ede-94c1-28752fcbfedd,CAT-LUB,FUNCTIONALLY_EQUIVALENT,AHM-SYN-803672,CPI-SYN-315727,"Different manufacturer, identical core specs"
56c3913d-5320-45c6-922e-e5e34537c624,CAT-FLG,FUNCTIONALLY_EQUIVALENT,BUS-SYN-100730,AHM-SYN-792674,"Different manufacturer, identical core specs"
317da3a5-2077-4995-8c86-8fbc44864d8c,CAT-VLV,FUNCTIONALLY_EQUIVALENT,AHM-SYN-107824,CPI-SYN-879999,"Different manufacturer, identical core specs"
84b72001-6d64-45cd-ae08-4f56d9d0d782,CAT-VLV,FUNCTIONALLY_EQUIVALENT,NEC-SYN-120615,CPI-SYN-917953,"Different manufacturer, identical core specs"
a642581f-cf66-4b98-9c5c-16caf8023e42,CAT-PIP,FUNCTIONALLY_EQUIVALENT,GME-SYN-209238,GME-SYN-376783,"Different manufacturer, identical core specs"
05f97949-7531-4a48-96a3-ca206d2be620,CAT-GSK,FUNCTIONALLY_EQUIVALENT,CPI-SYN-229016,CPI-SYN-918328,"Different manufacturer, identical core specs"
7fea4603-a705-4293-9769-60ed09d85932,CAT-FST,FUNCTIONALLY_EQUIVALENT,NEC-SYN-370811,AHM-SYN-798631,"Different manufacturer, identical core specs"
46ea47e7-9605-4341-b349-da8fba26f85a,CAT-GSK,FUNCTIONALLY_EQUIVALENT,CPI-SYN-277610,BUS-SYN-313943,"Different manufacturer, identical core specs"
069aed94-5f29-4b2a-a445-135f3571a4c7,CAT-FLG,FUNCTIONALLY_EQUIVALENT,GME-SYN-664174,CPI-SYN-772309,"Different manufacturer, identical core specs"
a44f6293-fa70-42ac-800f-fc03b83da72b,CAT-PIP,FUNCTIONALLY_EQUIVALENT,GME-SYN-604541,AHM-SYN-812247,"Different manufacturer, identical core specs"
eb0b448e-b73c-444c-8ba1-59f6ebac9f07,CAT-FLG,FUNCTIONALLY_EQUIVALENT,BUS-SYN-969598,BUS-SYN-556536,"Different manufacturer, identical core specs"
a630e8e9-9e65-4d0d-a1f4-d5db823b50dc,CAT-FLG,FUNCTIONALLY_EQUIVALENT,BUS-SYN-904144,BUS-SYN-534605,"Different manufacturer, identical core specs"
10cc8508-af1d-440e-a52f-b76d61bfe49a,CAT-INS,FUNCTIONALLY_EQUIVALENT,BUS-SYN-522706,BUS-SYN-766802,"Different manufacturer, identical core specs"
71388585-8a75-4799-ab35-449b83f026d1,CAT-ELC,FUNCTIONALLY_EQUIVALENT,NEC-SYN-169156,NEC-SYN-154675,"Different manufacturer, identical core specs"
3cd5a186-3dcd-4ec2-952f-e8ac0ad7b059,CAT-GSK,FUNCTIONALLY_EQUIVALENT,GME-SYN-669285,CPI-SYN-376156,"Different manufacturer, identical core specs"
29efe906-1298-4459-a005-e4b584fe6d44,CAT-GSK,FUNCTIONALLY_EQUIVALENT,AHM-SYN-561861,CPI-SYN-422866,"Different manufacturer, identical core specs"
8225dec3-d8da-451a-9197-016ce622e5a9,CAT-MTR,FUNCTIONALLY_EQUIVALENT,BUS-SYN-347638,CPI-SYN-164803,"Different manufacturer, identical core specs"
9504eab7-7b70-4194-87c7-c11da60dac87,CAT-GSK,FUNCTIONALLY_EQUIVALENT,GME-SYN-914354,BUS-SYN-791798,"Different manufacturer, identical core specs"
60733c36-1f56-4eb1-be82-e18c3df2cc02,CAT-INS,FUNCTIONALLY_EQUIVALENT,AHM-SYN-912583,GME-SYN-606415,"Different manufacturer, identical core specs"
880a9cca-910e-4aca-8d79-5e5f2b3bd5e6,CAT-BRG,FUNCTIONALLY_EQUIVALENT,BUS-SYN-919587,AHM-SYN-210268,"Different manufacturer, identical core specs"
d0842a02-735a-4c4d-874c-aee9147af9f6,CAT-GSK,FUNCTIONALLY_EQUIVALENT,NEC-SYN-589235,CPI-SYN-640523,"Different manufacturer, identical core specs"
00b62bde-5b58-492e-a484-952698fbf62a,CAT-VLV,FUNCTIONALLY_EQUIVALENT,CPI-SYN-614829,NEC-SYN-999076,"Different manufacturer, identical core specs"
e135db49-87d7-4931-b477-fc97aa3be757,CAT-PMP,FUNCTIONALLY_EQUIVALENT,BUS-SYN-288769,AHM-SYN-212902,"Different manufacturer, identical core specs"
8e157b8f-7ce9-44a2-a5e5-5dc53093b7d5,CAT-GSK,FUNCTIONALLY_EQUIVALENT,GME-SYN-578505,CPI-SYN-768184,"Different manufacturer, identical core specs"
c3d371e3-4eb9-4257-8ecf-b4404aa4a35f,CAT-ELC,FUNCTIONALLY_EQUIVALENT,BUS-SYN-419504,BUS-SYN-852344,"Different manufacturer, identical core specs"
aee7f1a7-8d2c-4e16-be1e-13f46dfb2743,CAT-VLV,FUNCTIONALLY_EQUIVALENT,BUS-SYN-122449,GME-SYN-450757,"Different manufacturer, identical core specs"
48366f80-59ee-42d8-ba0c-ec50272c795d,CAT-MTR,FUNCTIONALLY_EQUIVALENT,NEC-SYN-862552,CPI-SYN-269288,"Different manufacturer, identical core specs"
9944f7f5-ed68-4573-ba03-322f5ce64e23,CAT-FLG,FUNCTIONALLY_EQUIVALENT,AHM-SYN-417062,BUS-SYN-469096,"Different manufacturer, identical core specs"
af845a2d-8c11-4ba7-aa93-e74aed49fd23,CAT-ELC,FUNCTIONALLY_EQUIVALENT,CPI-SYN-281121,NEC-SYN-946381,"Different manufacturer, identical core specs"
18747d5b-075b-4ca1-b945-0e9c9b03d216,CAT-MTR,FUNCTIONALLY_EQUIVALENT,CPI-SYN-235226,CPI-SYN-901857,"Different manufacturer, identical core specs"
a1fec393-c0da-428f-9e29-2dd3c8c76945,CAT-ELC,FUNCTIONALLY_EQUIVALENT,AHM-SYN-181483,AHM-SYN-592757,"Different manufacturer, identical core specs"
5200c9c5-7654-4bcb-b872-e51439c00fdf,CAT-VLV,FUNCTIONALLY_EQUIVALENT,BUS-SYN-744033,GME-SYN-855358,"Different manufacturer, identical core specs"
b411952b-e9ec-4014-8cb6-fcf3eeb203a3,CAT-BRG,FUNCTIONALLY_EQUIVALENT,AHM-SYN-937114,NEC-SYN-166041,"Different manufacturer, identical core specs"
d371acfb-b1a9-4d01-a572-6f6c7731dbd9,CAT-LUB,FUNCTIONALLY_EQUIVALENT,AHM-SYN-553303,CPI-SYN-813558,"Different manufacturer, identical core specs"
c3ce5a75-5f0e-4d7b-9cc4-7a59c3bdb74e,CAT-PIP,FUNCTIONALLY_EQUIVALENT,NEC-SYN-563163,NEC-SYN-301998,"Different manufacturer, identical core specs"
920ec676-0323-48ed-ae7c-e3ec9b74b5ef,CAT-PMP,FUNCTIONALLY_EQUIVALENT,AHM-SYN-896293,GME-SYN-235444,"Different manufacturer, identical core specs"
ccb7ba48-1514-4bed-8def-92c8b1df7642,CAT-CBL,FUNCTIONALLY_EQUIVALENT,CPI-SYN-837055,GME-SYN-540049,"Different manufacturer, identical core specs"
a91c2947-9042-4fba-a085-49ad21a8c623,CAT-BRG,NOT_EQUIVALENT,NEC-SYN-811185,NEC-SYN-862379,Critical rule violation or total mismatch
eb2db86a-f652-4cdd-9422-bd5d85579c58,CAT-VLV,NOT_EQUIVALENT,AHM-SYN-649685,BUS-SYN-849243,Critical rule violation or total mismatch
8817dc6f-aaad-458d-94c7-6e9f3b50e9a7,CAT-ELC,NOT_EQUIVALENT,BUS-SYN-620641,CPI-SYN-197878,Critical rule violation or total mismatch
7e7b0f6c-647e-48a0-9653-bed1d9f0bfad,CAT-PMP,NOT_EQUIVALENT,GME-SYN-834737,AHM-SYN-949820,Critical rule violation or total mismatch
5c4db7d3-de5f-4ff9-ad88-2c0d568ae1a5,CAT-PIP,NOT_EQUIVALENT,NEC-SYN-179807,BUS-SYN-838063,Critical rule violation or total mismatch
3cce7745-d720-448e-80fd-52dbdd0a127f,CAT-GSK,NOT_EQUIVALENT,CPI-SYN-790732,BUS-SYN-467548,Critical rule violation or total mismatch
ff52f689-fffb-47ec-aebc-a92801a5b4e1,CAT-FLG,NOT_EQUIVALENT,GME-SYN-858345,AHM-SYN-388062,Critical rule violation or total mismatch
1ec3b563-360b-4e96-b2d5-428a99f619d8,CAT-FLG,NOT_EQUIVALENT,BUS-SYN-510114,NEC-SYN-548337,Critical rule violation or total mismatch
5cb19811-544f-4162-85ea-3beb56e7233e,CAT-ELC,NOT_EQUIVALENT,BUS-SYN-850294,BUS-SYN-746748,Critical rule violation or total mismatch
d43cd546-e86a-4d70-b8d0-cfeea011bcc5,CAT-MTR,NOT_EQUIVALENT,BUS-SYN-653702,BUS-SYN-346606,Critical rule violation or total mismatch
c3099f8d-734c-46d5-bbbc-23d95ff9646a,CAT-ELC,NOT_EQUIVALENT,CPI-SYN-505977,BUS-SYN-890352,Critical rule violation or total mismatch
186e732d-d42e-49aa-bec7-6ba834af861d,CAT-PPE,NOT_EQUIVALENT,CPI-SYN-465988,NEC-SYN-234284,Critical rule violation or total mismatch
8b804168-064c-414f-81ec-b0ceeb294348,CAT-MTR,NOT_EQUIVALENT,AHM-SYN-648958,GME-SYN-255262,Critical rule violation or total mismatch
f855914e-01d7-4571-9ab4-35fb89edfe19,CAT-PPE,NOT_EQUIVALENT,AHM-SYN-216636,NEC-SYN-328303,Critical rule violation or total mismatch
19892798-9201-4288-a14d-b7d0080148b1,CAT-GSK,NOT_EQUIVALENT,GME-SYN-660179,BUS-SYN-842591,Critical rule violation or total mismatch
d30086c1-e951-4403-9de4-0ec457d3b02e,CAT-MTR,NOT_EQUIVALENT,AHM-SYN-937853,BUS-SYN-313042,Critical rule violation or total mismatch
6a0e5f4b-1893-424e-9345-821452d51d58,CAT-CBL,NOT_EQUIVALENT,AHM-SYN-620781,GME-SYN-739615,Critical rule violation or total mismatch
4e371125-fbd4-42bb-b413-f5d1d4189c71,CAT-BRG,NOT_EQUIVALENT,CPI-SYN-170480,GME-SYN-204689,Critical rule violation or total mismatch
767805bb-12be-4efe-9b18-8e0fe326f4b5,CAT-INS,NOT_EQUIVALENT,BUS-SYN-907904,CPI-SYN-659614,Critical rule violation or total mismatch
2680ea98-384d-4ef0-84cc-b15744d7c34b,CAT-INS,NOT_EQUIVALENT,CPI-SYN-680674,BUS-SYN-742791,Critical rule violation or total mismatch
bfdbb97c-5582-4c85-8350-0bbf20b9778a,CAT-MTR,NOT_EQUIVALENT,AHM-SYN-858334,GME-SYN-826369,Critical rule violation or total mismatch
b428c154-2cd6-43af-b929-9bb1fccfc930,CAT-CBL,NOT_EQUIVALENT,CPI-SYN-312453,NEC-SYN-596238,Critical rule violation or total mismatch
65ef9a2f-af48-4d0a-a1e2-b9f39339da53,CAT-LUB,NOT_EQUIVALENT,NEC-SYN-872845,CPI-SYN-507433,Critical rule violation or total mismatch
e9ee1bad-e806-49c5-8d28-c384b350089d,CAT-PPE,NOT_EQUIVALENT,BUS-SYN-149317,BUS-SYN-658143,Critical rule violation or total mismatch
6c46dd4e-99a7-4bcb-b3c3-56e7240ea391,CAT-PIP,NOT_EQUIVALENT,GME-SYN-182769,AHM-SYN-222080,Critical rule violation or total mismatch
1286cf9d-ca5d-4129-abf7-3d50a208ddce,CAT-FST,NOT_EQUIVALENT,CPI-SYN-992540,NEC-SYN-843475,Critical rule violation or total mismatch
d93b5b3a-5ed2-4e79-9960-a4a314a55447,CAT-CBL,NOT_EQUIVALENT,NEC-SYN-176750,BUS-SYN-422803,Critical rule violation or total mismatch
29b271f7-01dc-4a48-942a-b7ea5a3dd5f4,CAT-ELC,NOT_EQUIVALENT,NEC-SYN-184266,NEC-SYN-566742,Critical rule violation or total mismatch
94852458-b0a3-447e-b36e-cbeec9951f8d,CAT-PIP,NOT_EQUIVALENT,GME-SYN-759227,CPI-SYN-786817,Critical rule violation or total mismatch
40bb69d0-e420-4597-9584-6898a89ad4a8,CAT-FLG,NOT_EQUIVALENT,BUS-SYN-761179,CPI-SYN-436005,Critical rule violation or total mismatch
6dc422be-47f9-43c6-9cee-736e3a74c40c,CAT-PIP,NOT_EQUIVALENT,NEC-SYN-527542,GME-SYN-453186,Critical rule violation or total mismatch
9d20bd77-6a65-43d2-8dcc-e044172c46b6,CAT-PIP,NOT_EQUIVALENT,BUS-SYN-335533,AHM-SYN-520173,Critical rule violation or total mismatch
14bdef18-4d63-462a-8711-d2321055a5aa,CAT-CBL,NOT_EQUIVALENT,BUS-SYN-198478,AHM-SYN-665852,Critical rule violation or total mismatch
d33f3aa9-d32e-4e86-8532-fbd008c4f969,CAT-INS,NOT_EQUIVALENT,NEC-SYN-643295,NEC-SYN-646500,Critical rule violation or total mismatch
728c768a-72be-494f-a6ec-416d3dca5420,CAT-VLV,NOT_EQUIVALENT,AHM-SYN-135237,CPI-SYN-284359,Critical rule violation or total mismatch
bf63d325-4300-425c-b6c3-a91c8df2186a,CAT-ELC,NOT_EQUIVALENT,BUS-SYN-284199,NEC-SYN-828706,Critical rule violation or total mismatch
bb9913e5-53c6-4aa6-88e4-3392ad0ed0f5,CAT-VLV,NOT_EQUIVALENT,BUS-SYN-470981,CPI-SYN-731798,Critical rule violation or total mismatch
c83eeac2-f9df-4208-a37b-7423b8074b8b,CAT-FST,NOT_EQUIVALENT,BUS-SYN-347812,NEC-SYN-419795,Critical rule violation or total mismatch
d093425d-6b41-4ba9-9ce4-c1c487563ff4,CAT-ELC,NOT_EQUIVALENT,NEC-SYN-185026,BUS-SYN-700583,Critical rule violation or total mismatch
8b446f52-f0b3-4a30-9967-655e3dd69559,CAT-ELC,NOT_EQUIVALENT,CPI-SYN-228223,GME-SYN-320330,Critical rule violation or total mismatch
90e396c2-ee5b-4c5d-a440-3ee94e5cd33a,CAT-LUB,NOT_EQUIVALENT,AHM-SYN-247640,AHM-SYN-968980,Critical rule violation or total mismatch
ad814c45-ba6c-41d3-adee-934774babfb1,CAT-GSK,NOT_EQUIVALENT,AHM-SYN-999776,BUS-SYN-173551,Critical rule violation or total mismatch
472cfa61-a029-4251-9c34-45605ed7737b,CAT-MTR,NOT_EQUIVALENT,CPI-SYN-631579,CPI-SYN-208685,Critical rule violation or total mismatch
8312be65-9667-47ce-9517-8972c10cf168,CAT-BRG,NOT_EQUIVALENT,AHM-SYN-266224,GME-SYN-674689,Critical rule violation or total mismatch
945870fb-ade7-4d46-ac97-28ae0660b4c5,CAT-PMP,NOT_EQUIVALENT,CPI-SYN-532362,GME-SYN-954129,Critical rule violation or total mismatch
b51bfbb3-c24a-4545-9d9b-97e9d0b700af,CAT-LUB,NOT_EQUIVALENT,CPI-SYN-320994,NEC-SYN-502517,Critical rule violation or total mismatch
41074206-369f-4490-aca3-5aa97e4696da,CAT-MTR,NOT_EQUIVALENT,NEC-SYN-153158,BUS-SYN-138496,Critical rule violation or total mismatch
7ab16bc0-569a-46f7-acf7-53ad0a301593,CAT-LUB,NOT_EQUIVALENT,NEC-SYN-409388,BUS-SYN-420212,Critical rule violation or total mismatch
c6af8c07-6d72-4bca-9956-394c6e14aeb8,CAT-FLG,NOT_EQUIVALENT,CPI-SYN-204861,CPI-SYN-575734,Critical rule violation or total mismatch
1c0754f8-7b23-4a69-a34f-11ee4539a81a,CAT-PPE,NOT_EQUIVALENT,GME-SYN-404904,GME-SYN-517384,Critical rule violation or total mismatch
c53f31de-2a8d-4836-a038-31207968188a,CAT-LUB,NOT_EQUIVALENT,GME-SYN-236291,GME-SYN-648441,Critical rule violation or total mismatch
9d7d1c97-3a7b-4084-b79d-e13351402746,CAT-PMP,NOT_EQUIVALENT,NEC-SYN-288791,BUS-SYN-938839,Critical rule violation or total mismatch
f269b674-eae8-4901-944b-035e7d28f4d5,CAT-MTR,NOT_EQUIVALENT,CPI-SYN-193820,NEC-SYN-962587,Critical rule violation or total mismatch
9080e6c8-c202-4b28-bef9-a351ba51cd7c,CAT-BRG,NOT_EQUIVALENT,GME-SYN-945348,AHM-SYN-409702,Critical rule violation or total mismatch
81efc270-b5a3-4389-9f8d-d5590a5f8352,CAT-PPE,NOT_EQUIVALENT,CPI-SYN-741570,BUS-SYN-321605,Critical rule violation or total mismatch
370cd603-1fcf-40ab-9e7a-762f8dca57d8,CAT-VLV,NOT_EQUIVALENT,NEC-SYN-277330,GME-SYN-958258,Critical rule violation or total mismatch
2089909a-8a1d-40c7-9416-055b12710608,CAT-INS,NOT_EQUIVALENT,AHM-SYN-503806,AHM-SYN-220749,Critical rule violation or total mismatch
44625b59-84d8-4b10-a687-37e8c812c42c,CAT-LUB,NOT_EQUIVALENT,NEC-SYN-474027,GME-SYN-328727,Critical rule violation or total mismatch
f4ff3aaa-e5ab-403b-afda-8b2da678b6e4,CAT-FLG,NOT_EQUIVALENT,BUS-SYN-972046,NEC-SYN-147701,Critical rule violation or total mismatch
ee5cdb2d-04d1-4501-bca4-772d3816b3e7,CAT-PMP,NOT_EQUIVALENT,GME-SYN-702024,NEC-SYN-761939,Critical rule violation or total mismatch
97ef0cde-c51d-4654-80be-c7f127bcee61,CAT-PIP,NOT_EQUIVALENT,BUS-SYN-882076,NEC-SYN-158586,Critical rule violation or total mismatch
a213d300-d4da-472b-9daa-9384ab87d711,CAT-GSK,NOT_EQUIVALENT,GME-SYN-112202,CPI-SYN-464966,Critical rule violation or total mismatch
b1399a55-e44b-4a07-94b0-9b5816acc1a9,CAT-LUB,NOT_EQUIVALENT,GME-SYN-478800,CPI-SYN-421739,Critical rule violation or total mismatch
894f543e-723f-49fb-be41-d645f21f2b55,CAT-FST,NOT_EQUIVALENT,AHM-SYN-625335,BUS-SYN-204948,Critical rule violation or total mismatch
efc3bb0f-f0a1-4cdf-a145-bc07e17adcf6,CAT-GSK,NOT_EQUIVALENT,CPI-SYN-114656,BUS-SYN-237009,Critical rule violation or total mismatch
80607428-473d-405c-8aac-4faddab84a17,CAT-MTR,NOT_EQUIVALENT,BUS-SYN-701498,AHM-SYN-839122,Critical rule violation or total mismatch
393fbf79-5755-480c-be5f-0ea3769d1c78,CAT-LUB,NOT_EQUIVALENT,GME-SYN-147702,NEC-SYN-915478,Critical rule violation or total mismatch
1009f4fc-fe7d-4d7a-8cc0-bfa1bf1d87f5,CAT-LUB,NOT_EQUIVALENT,CPI-SYN-909523,CPI-SYN-750376,Critical rule violation or total mismatch
9745c273-e8d3-44cb-804d-e73ad9bd2e04,CAT-MTR,NOT_EQUIVALENT,GME-SYN-466648,AHM-SYN-109329,Critical rule violation or total mismatch
11bf75e9-e8cb-4650-a973-4435e0852ea2,CAT-GSK,NOT_EQUIVALENT,CPI-SYN-636695,BUS-SYN-710432,Critical rule violation or total mismatch
169daa0d-b2e3-4d29-91e2-370840d19ba1,CAT-ELC,NOT_EQUIVALENT,NEC-SYN-827834,BUS-SYN-271694,Critical rule violation or total mismatch
fac62008-5b93-4629-9aae-524760222d58,CAT-BRG,NOT_EQUIVALENT,GME-SYN-919889,NEC-SYN-231578,Critical rule violation or total mismatch
b8dd1c0f-0625-4001-987d-9a5d2368017b,CAT-INS,NOT_EQUIVALENT,AHM-SYN-151785,CPI-SYN-245067,Critical rule violation or total mismatch
6a024a80-68a2-4dfa-8ba7-b4dc35e49748,CAT-MTR,NOT_EQUIVALENT,BUS-SYN-424820,GME-SYN-965540,Critical rule violation or total mismatch
9340c9b4-36e5-4021-b5ca-772cdf4b1e60,CAT-ELC,NOT_EQUIVALENT,BUS-SYN-784862,GME-SYN-875476,Critical rule violation or total mismatch
17c2536f-52b7-434f-bc41-0cc31ad56ec0,CAT-INS,NOT_EQUIVALENT,BUS-SYN-280066,CPI-SYN-492386,Critical rule violation or total mismatch
f98466d0-4e78-4a79-b727-7275801e91da,CAT-PIP,NOT_EQUIVALENT,CPI-SYN-569721,NEC-SYN-976002,Critical rule violation or total mismatch
dd6b5755-31b5-461c-a957-bf01b6850fbc,CAT-INS,NOT_EQUIVALENT,CPI-SYN-592151,AHM-SYN-201210,Critical rule violation or total mismatch
0cbedc0b-534d-4c69-8d71-efa59746b011,CAT-FST,NOT_EQUIVALENT,AHM-SYN-627514,CPI-SYN-681700,Critical rule violation or total mismatch
da34c019-c788-4cf8-88e1-118d9b081ed4,CAT-GSK,NOT_EQUIVALENT,AHM-SYN-473735,NEC-SYN-917999,Critical rule violation or total mismatch
0df1b189-326a-49f2-af14-f96bb71fc841,CAT-PPE,NOT_EQUIVALENT,CPI-SYN-568351,BUS-SYN-356337,Critical rule violation or total mismatch
1c66b192-35aa-434a-9c79-58409d97c564,CAT-CBL,NOT_EQUIVALENT,AHM-SYN-256180,NEC-SYN-471941,Critical rule violation or total mismatch
a113e195-fd9c-4473-9ed1-67f7055ac420,CAT-ELC,NOT_EQUIVALENT,NEC-SYN-461227,CPI-SYN-652166,Critical rule violation or total mismatch
fdccedc8-1f58-41e1-9b08-48983337b809,CAT-PIP,NOT_EQUIVALENT,CPI-SYN-362040,NEC-SYN-344571,Critical rule violation or total mismatch
798bc086-c127-4194-bca3-a736292d9b1f,CAT-MTR,NOT_EQUIVALENT,AHM-SYN-153895,BUS-SYN-374393,Critical rule violation or total mismatch
93278ec1-5d89-4ce8-95f8-403439507472,CAT-LUB,NOT_EQUIVALENT,CPI-SYN-763029,BUS-SYN-729407,Critical rule violation or total mismatch
06a8f2d0-8e0b-4333-bf75-783b3eb0d12f,CAT-PPE,NOT_EQUIVALENT,NEC-SYN-542485,NEC-SYN-174800,Critical rule violation or total mismatch
c811a6cf-8598-4b1d-8460-04716cb6449c,CAT-ELC,NOT_EQUIVALENT,GME-SYN-518811,BUS-SYN-507380,Critical rule violation or total mismatch
9af39ab2-db1b-497b-a9f0-ac6ee16e3fb3,CAT-PPE,NOT_EQUIVALENT,CPI-SYN-384559,AHM-SYN-951585,Critical rule violation or total mismatch
bba9cab7-c565-4496-914d-0803f2f7e95c,CAT-INS,NOT_EQUIVALENT,CPI-SYN-729514,GME-SYN-891505,Critical rule violation or total mismatch
b89cd7a6-3c11-46c9-b7ee-972531c2c95c,CAT-BRG,NOT_EQUIVALENT,GME-SYN-504878,GME-SYN-464185,Critical rule violation or total mismatch
00b38f8f-9998-43d4-ac84-f3d75ab41808,CAT-FST,NOT_EQUIVALENT,GME-SYN-464021,NEC-SYN-776609,Critical rule violation or total mismatch
84bf6ac4-9047-4a87-8076-d95e07695e7f,CAT-PMP,NOT_EQUIVALENT,NEC-SYN-380359,NEC-SYN-551815,Critical rule violation or total mismatch
d7f745ed-d9a8-41f8-bacb-62e8b432b39a,CAT-LUB,NOT_EQUIVALENT,AHM-SYN-599852,NEC-SYN-171386,Critical rule violation or total mismatch
27392752-b5f0-42b6-a981-d3a0bf1e4402,CAT-PIP,NOT_EQUIVALENT,CPI-SYN-884564,BUS-SYN-803873,Critical rule violation or total mismatch
b3393c58-06bf-45ef-b32b-0a5746210e63,CAT-FLG,NOT_EQUIVALENT,CPI-SYN-612549,NEC-SYN-762236,Critical rule violation or total mismatch
3cccfb24-0f1b-4f2f-a100-b93d3690301c,CAT-PIP,NOT_EQUIVALENT,NEC-SYN-547584,NEC-SYN-113765,Critical rule violation or total mismatch
5f69d218-6127-4982-98e8-4f0d64ac0349,CAT-LUB,NOT_EQUIVALENT,GME-SYN-970906,GME-SYN-700762,Critical rule violation or total mismatch
8dcde757-4a9f-4f65-b4e7-6f357ad15e13,CAT-BRG,NOT_EQUIVALENT,CPI-SYN-122305,AHM-SYN-345594,Critical rule violation or total mismatch
6ff73d2e-3a9e-46a0-8a02-de36fa3d162f,CAT-FST,NOT_EQUIVALENT,BUS-SYN-739320,GME-SYN-997256,Critical rule violation or total mismatch
aa37759a-13af-4d4c-b865-9697fe9262d1,CAT-PIP,NOT_EQUIVALENT,AHM-SYN-618735,BUS-SYN-828414,Critical rule violation or total mismatch
7c3c4d35-78d7-486e-86c3-7d687902f75d,CAT-FST,NOT_EQUIVALENT,BUS-SYN-998668,BUS-SYN-580730,Critical rule violation or total mismatch
84a974a8-ffb7-4318-94a0-978c8e67226e,CAT-FLG,NOT_EQUIVALENT,AHM-SYN-261932,GME-SYN-998394,Critical rule violation or total mismatch
3481b152-b350-4ad4-b37c-0277f29ec50d,CAT-PMP,NOT_EQUIVALENT,BUS-SYN-803078,NEC-SYN-954235,Critical rule violation or total mismatch
3253d248-81a1-4cf2-ad93-e19ffa715f81,CAT-FLG,NOT_EQUIVALENT,AHM-SYN-329105,AHM-SYN-848506,Critical rule violation or total mismatch
11ce2751-fdb7-4e14-a15c-28e41335fd86,CAT-PIP,NOT_EQUIVALENT,NEC-SYN-263821,AHM-SYN-991835,Critical rule violation or total mismatch
af2aa8ae-8bee-46de-9404-399ec749c643,CAT-GSK,NOT_EQUIVALENT,GME-SYN-980857,AHM-SYN-661237,Critical rule violation or total mismatch
e75531e0-1f23-472a-94db-5ff3d167147b,CAT-LUB,NOT_EQUIVALENT,CPI-SYN-177572,GME-SYN-745124,Critical rule violation or total mismatch
b6c244ae-e144-47b1-80fe-d7a3f8b4a9d1,CAT-FLG,NOT_EQUIVALENT,AHM-SYN-995041,AHM-SYN-474904,Critical rule violation or total mismatch
51334a16-0ecf-494d-89a4-5993e6fdba90,CAT-GSK,NOT_EQUIVALENT,BUS-SYN-236569,CPI-SYN-776062,Critical rule violation or total mismatch
d724cba0-c418-4e00-b078-85f344d1792d,CAT-VLV,NOT_EQUIVALENT,NEC-SYN-174631,CPI-SYN-402595,Critical rule violation or total mismatch
73fb04ff-b966-46f8-bbf8-d868f90dd029,CAT-FLG,NOT_EQUIVALENT,CPI-SYN-662815,BUS-SYN-890868,Critical rule violation or total mismatch
696cac0b-920a-47b9-8c96-383cc205b132,CAT-FLG,NOT_EQUIVALENT,AHM-SYN-721397,NEC-SYN-853351,Critical rule violation or total mismatch
f60a132c-7b4f-4cfd-a54c-c46cdc5a3b41,CAT-PMP,NOT_EQUIVALENT,AHM-SYN-938247,GME-SYN-733918,Critical rule violation or total mismatch
b3e7babf-32bb-430c-96eb-279db62601aa,CAT-MTR,NOT_EQUIVALENT,NEC-SYN-561517,GME-SYN-846759,Critical rule violation or total mismatch
dabac7c3-5a1c-4fbd-8b31-534039c2ad9a,CAT-VLV,NOT_EQUIVALENT,CPI-SYN-447411,CPI-SYN-928853,Critical rule violation or total mismatch
e9166f80-be1e-4e04-82ba-a5ebf254dbd7,CAT-MTR,NOT_EQUIVALENT,GME-SYN-134761,GME-SYN-169122,Critical rule violation or total mismatch
bb347aef-9ee7-46fe-849a-a226284573a9,CAT-MTR,NOT_EQUIVALENT,CPI-SYN-914700,CPI-SYN-895929,Critical rule violation or total mismatch
f06dfe54-12ae-4a23-893f-1e06e98726a7,CAT-INS,NOT_EQUIVALENT,NEC-SYN-726444,AHM-SYN-830593,Critical rule violation or total mismatch
b019d153-e3cb-4046-8463-abfb77d26aa6,CAT-PMP,NOT_EQUIVALENT,BUS-SYN-838997,NEC-SYN-747129,Critical rule violation or total mismatch
b1895d03-420e-42a6-9dee-2a97b60668da,CAT-VLV,NOT_EQUIVALENT,AHM-SYN-776059,NEC-SYN-672069,Critical rule violation or total mismatch
5f4b087a-eab2-4aeb-ada7-804a6f57729e,CAT-PIP,NOT_EQUIVALENT,CPI-SYN-846526,CPI-SYN-965191,Critical rule violation or total mismatch
86a1f1ae-3abf-4121-b191-b1ca19cb3714,CAT-CBL,NOT_EQUIVALENT,NEC-SYN-541328,GME-SYN-493601,Critical rule violation or total mismatch
03e4664c-f12e-4303-9c82-495683c6b180,CAT-CBL,NOT_EQUIVALENT,BUS-SYN-387156,GME-SYN-340906,Critical rule violation or total mismatch
82b63722-949a-46d6-add5-69a820977fbf,CAT-CBL,NOT_EQUIVALENT,GME-SYN-251391,NEC-SYN-408489,Critical rule violation or total mismatch
fb21e7fd-4131-419c-af49-4d3ae9b35ff8,CAT-GSK,NOT_EQUIVALENT,BUS-SYN-868186,GME-SYN-543535,Critical rule violation or total mismatch
f60ab08e-1808-4f13-b98e-8e0bdd2d8c99,CAT-ELC,NOT_EQUIVALENT,NEC-SYN-292185,GME-SYN-982817,Critical rule violation or total mismatch
16f2581f-3167-47eb-934e-6341669eb76b,CAT-MTR,NOT_EQUIVALENT,NEC-SYN-980684,BUS-SYN-354625,Critical rule violation or total mismatch
42526c3c-bac4-473f-8fbf-31ad111af721,CAT-BRG,NOT_EQUIVALENT,CPI-SYN-172334,BUS-SYN-988854,Critical rule violation or total mismatch
8b47bfab-1187-463a-9283-1109ceb13532,CAT-PMP,NOT_EQUIVALENT,BUS-SYN-554336,CPI-SYN-344309,Critical rule violation or total mismatch
83ec2aff-45b6-4f7f-99e6-c89a6f9cb420,CAT-GSK,NOT_EQUIVALENT,AHM-SYN-215801,BUS-SYN-638463,Critical rule violation or total mismatch
38948c20-ce27-4f33-baec-ba54a7bfa467,CAT-LUB,NOT_EQUIVALENT,CPI-SYN-330664,BUS-SYN-506670,Critical rule violation or total mismatch
bebd5920-bc3f-4ba8-8f4e-2142e9cf5404,CAT-FST,NOT_EQUIVALENT,AHM-SYN-117692,AHM-SYN-903362,Critical rule violation or total mismatch
8ca0417c-d48c-4918-8eea-26e80a4c623a,CAT-INS,NOT_EQUIVALENT,BUS-SYN-497126,NEC-SYN-702157,Critical rule violation or total mismatch
8859e6c1-729c-41e2-9bfb-81502b087f29,CAT-INS,NOT_EQUIVALENT,GME-SYN-986789,AHM-SYN-995719,Critical rule violation or total mismatch
348cb1e7-6b32-41d4-8bd6-45dd8e550242,CAT-BRG,NOT_EQUIVALENT,CPI-SYN-503643,AHM-SYN-967284,Critical rule violation or total mismatch
01e5c938-7265-40ac-b75e-6dbd22060905,CAT-BRG,NOT_EQUIVALENT,GME-SYN-741715,GME-SYN-451636,Critical rule violation or total mismatch
568e0b65-fbd4-42d9-9fe2-1880a9658ae1,CAT-ELC,NOT_EQUIVALENT,GME-SYN-448704,CPI-SYN-674804,Critical rule violation or total mismatch
b992413e-0bde-411c-ba0e-433bd02819f6,CAT-FLG,NOT_EQUIVALENT,NEC-SYN-802398,NEC-SYN-146181,Critical rule violation or total mismatch
9e8624f3-5956-4dcd-a0c3-7caa542810fb,CAT-FLG,NOT_EQUIVALENT,BUS-SYN-616688,NEC-SYN-493231,Critical rule violation or total mismatch
9ed30418-58ea-42a6-afb9-41a47bf70f66,CAT-INS,NOT_EQUIVALENT,AHM-SYN-777328,CPI-SYN-716038,Critical rule violation or total mismatch
abf7df26-83ca-4754-a20c-a4354f054a4e,CAT-PPE,NOT_EQUIVALENT,NEC-SYN-753174,NEC-SYN-174198,Critical rule violation or total mismatch
9f2c6be8-7fc7-40e4-a73f-bae11fda6ae1,CAT-LUB,NOT_EQUIVALENT,AHM-SYN-715394,AHM-SYN-946046,Critical rule violation or total mismatch
03249d84-359c-4083-9268-1aef0d10dc05,CAT-PPE,NOT_EQUIVALENT,AHM-SYN-553105,AHM-SYN-402170,Critical rule violation or total mismatch
a2e932a6-2e74-481a-aa4a-ebe190854cbc,CAT-BRG,NOT_EQUIVALENT,NEC-SYN-698512,BUS-SYN-365668,Critical rule violation or total mismatch
ed0caf38-81a8-4a8e-87ea-d85b5cca1bd7,CAT-INS,NOT_EQUIVALENT,CPI-SYN-870596,BUS-SYN-734880,Critical rule violation or total mismatch
bae436cd-5af4-43d5-b1c8-4a8ba42c867d,CAT-FLG,NOT_EQUIVALENT,NEC-SYN-859606,AHM-SYN-572702,Critical rule violation or total mismatch
0a87a185-020c-42af-9475-b9e134731c92,CAT-MTR,NOT_EQUIVALENT,BUS-SYN-400898,AHM-SYN-263978,Critical rule violation or total mismatch
ec0c8b9b-f332-457a-b801-c681868b9ecd,CAT-LUB,NOT_EQUIVALENT,CPI-SYN-331964,BUS-SYN-402317,Critical rule violation or total mismatch
5c3bfa41-6212-4a2f-8be4-41075fbe8c87,CAT-BRG,NOT_EQUIVALENT,GME-SYN-702792,NEC-SYN-846190,Critical rule violation or total mismatch
c9df6c2d-e760-4171-b033-8cbe51255af3,CAT-BRG,NOT_EQUIVALENT,NEC-SYN-431277,CPI-SYN-907646,Critical rule violation or total mismatch
7ce6ffb0-a672-4bb6-82e1-7870b9d2bd00,CAT-PIP,NOT_EQUIVALENT,CPI-SYN-761939,CPI-SYN-751088,Critical rule violation or total mismatch
260055ac-0e8b-4c8c-b5ef-5970668109ce,CAT-VLV,NOT_EQUIVALENT,GME-SYN-296978,BUS-SYN-632817,Critical rule violation or total mismatch
5c779ef5-fef4-4ce1-86a7-d373ccb29a12,CAT-BRG,NOT_EQUIVALENT,NEC-SYN-428755,BUS-SYN-518993,Critical rule violation or total mismatch
e69622a7-1016-4bcd-a462-ec4d951d4f10,CAT-FLG,NOT_EQUIVALENT,GME-SYN-177706,AHM-SYN-762673,Critical rule violation or total mismatch
433c23f3-827c-4cfe-b485-a21e0ead170c,CAT-PPE,NOT_EQUIVALENT,NEC-SYN-133630,NEC-SYN-620412,Critical rule violation or total mismatch
b4da6e17-1d38-4ec1-b602-b6abb94211c7,CAT-BRG,NOT_EQUIVALENT,GME-SYN-814386,BUS-SYN-244152,Critical rule violation or total mismatch
dfb5f867-8f6e-4f63-85cb-acb952dbd7f2,CAT-MTR,NOT_EQUIVALENT,NEC-SYN-100728,BUS-SYN-604503,Critical rule violation or total mismatch
aa0a655a-4ebe-4da3-baf4-9669a7aa30cf,CAT-PPE,NOT_EQUIVALENT,GME-SYN-904885,NEC-SYN-460946,Critical rule violation or total mismatch
e6ba054b-ed26-47d0-851f-b0780f7720e3,CAT-PPE,NOT_EQUIVALENT,AHM-SYN-103704,BUS-SYN-305663,Critical rule violation or total mismatch
1ebc30ae-8fb8-44ba-b767-b8791b8954f9,CAT-FST,NOT_EQUIVALENT,NEC-SYN-577132,BUS-SYN-687309,Critical rule violation or total mismatch
a042e093-bbca-4bf7-a02c-6b01a08e9fbb,CAT-INS,NOT_EQUIVALENT,BUS-SYN-169475,GME-SYN-369730,Critical rule violation or total mismatch
880f1231-d844-4c86-9e9e-b0743bcdeb16,CAT-FST,NOT_EQUIVALENT,CPI-SYN-599113,BUS-SYN-253671,Critical rule violation or total mismatch
e6ebe8a5-1927-45e7-9402-0920ea466d3f,CAT-CBL,NOT_EQUIVALENT,NEC-SYN-786206,CPI-SYN-258373,Critical rule violation or total mismatch
04b09ebc-cecf-4220-990e-d9ddaf8377fa,CAT-FLG,NOT_EQUIVALENT,NEC-SYN-722256,BUS-SYN-493005,Critical rule violation or total mismatch
7ed87da5-54dd-4f78-a3b7-11d3e64aac9c,CAT-MTR,NOT_EQUIVALENT,BUS-SYN-156702,BUS-SYN-115397,Critical rule violation or total mismatch
20c13da1-3775-4321-9632-22242855f602,CAT-CBL,NOT_EQUIVALENT,GME-SYN-657994,GME-SYN-683568,Critical rule violation or total mismatch
d4257bba-851d-461c-b1c1-2815db35b5c7,CAT-LUB,NOT_EQUIVALENT,NEC-SYN-301929,CPI-SYN-642268,Critical rule violation or total mismatch
0c0ca735-3ab2-4a3f-b9ff-2a3c4469f458,CAT-INS,NOT_EQUIVALENT,GME-SYN-675450,AHM-SYN-415174,Critical rule violation or total mismatch
b836e216-153c-4434-a04c-89abe1e650ca,CAT-MTR,NOT_EQUIVALENT,BUS-SYN-557123,BUS-SYN-962748,Critical rule violation or total mismatch
e457cab0-94e6-4f0c-b121-35fba65475c6,CAT-FST,NOT_EQUIVALENT,CPI-SYN-761816,NEC-SYN-494301,Critical rule violation or total mismatch
2c732468-4197-412e-9db1-42c94f3cea55,CAT-BRG,NOT_EQUIVALENT,GME-SYN-665200,GME-SYN-901428,Critical rule violation or total mismatch
bf3ee9b5-286a-46dc-8f6e-46e5e1c176d4,CAT-GSK,NOT_EQUIVALENT,BUS-SYN-955486,CPI-SYN-142347,Critical rule violation or total mismatch
fd02ad79-c0f6-4194-8f35-3fe79ef72836,CAT-VLV,NOT_EQUIVALENT,CPI-SYN-901027,BUS-SYN-817378,Critical rule violation or total mismatch
fd14ed5b-d1fa-45e4-aff5-c7c560f0e280,CAT-VLV,NOT_EQUIVALENT,CPI-SYN-979325,AHM-SYN-513499,Critical rule violation or total mismatch
6d786bf0-7d5e-4df9-84c0-576310d77601,CAT-ELC,NOT_EQUIVALENT,NEC-SYN-612560,CPI-SYN-431535,Critical rule violation or total mismatch
2cfd0c55-bb27-405d-b30e-dd6b49b22d1c,CAT-MTR,NOT_EQUIVALENT,CPI-SYN-506214,AHM-SYN-109430,Critical rule violation or total mismatch
fe79df40-b739-408b-8f29-d82aa52e91d6,CAT-GSK,NOT_EQUIVALENT,CPI-SYN-400801,GME-SYN-391813,Critical rule violation or total mismatch
103c620e-e009-4388-bb2a-a686d81a4714,CAT-LUB,NOT_EQUIVALENT,AHM-SYN-638339,BUS-SYN-799745,Critical rule violation or total mismatch
961c325f-2e65-4fa2-a802-ed9aa29b51c5,CAT-PIP,NOT_EQUIVALENT,AHM-SYN-674152,BUS-SYN-711357,Critical rule violation or total mismatch
b779fa1a-b85b-4c53-9959-c5d861dec517,CAT-INS,NOT_EQUIVALENT,AHM-SYN-165737,CPI-SYN-220525,Critical rule violation or total mismatch
9ece856a-3432-4bbe-a060-73b6ee936a32,CAT-INS,NOT_EQUIVALENT,NEC-SYN-486073,BUS-SYN-927451,Critical rule violation or total mismatch
8725ba4f-2c43-4b29-894a-88df01a3ee24,CAT-PPE,NOT_EQUIVALENT,AHM-SYN-922006,AHM-SYN-696252,Critical rule violation or total mismatch
75ec426e-bf92-4397-b40a-20e8219c7061,CAT-PPE,NOT_EQUIVALENT,AHM-SYN-386492,AHM-SYN-790768,Critical rule violation or total mismatch
a372b9e3-03a4-4406-bf47-0daac8cad04f,CAT-BRG,NOT_EQUIVALENT,NEC-SYN-513440,BUS-SYN-182781,Critical rule violation or total mismatch
59ca862a-441a-484a-b9af-46bbd4b4db4f,CAT-PPE,NOT_EQUIVALENT,BUS-SYN-295130,AHM-SYN-166500,Critical rule violation or total mismatch
49fa0af8-8679-4885-b4a5-9d70a6bec1d7,CAT-LUB,NOT_EQUIVALENT,CPI-SYN-755698,AHM-SYN-469844,Critical rule violation or total mismatch
2cb4b03f-b0f7-4fdb-bcc8-1aea8d053909,CAT-FLG,NOT_EQUIVALENT,BUS-SYN-603372,GME-SYN-840035,Critical rule violation or total mismatch
efafd7ce-be0e-4b37-b2b0-d9e2e32eca7b,CAT-CBL,NOT_EQUIVALENT,CPI-SYN-839912,CPI-SYN-564032,Critical rule violation or total mismatch
6bf611fa-99ea-4d6d-bdb3-487edf66c3fa,CAT-GSK,NOT_EQUIVALENT,GME-SYN-306929,BUS-SYN-471468,Critical rule violation or total mismatch
0cddb4a1-2d1f-4340-97ba-c80e23094543,CAT-CBL,NOT_EQUIVALENT,GME-SYN-692772,GME-SYN-690442,Critical rule violation or total mismatch
75531c74-91a1-4d59-a656-16930bbdc491,CAT-FST,NOT_EQUIVALENT,CPI-SYN-702933,GME-SYN-492329,Critical rule violation or total mismatch
d4b65c8e-b861-4886-b7b9-24ee5f385c73,CAT-LUB,NOT_EQUIVALENT,CPI-SYN-829716,NEC-SYN-160917,Critical rule violation or total mismatch
e73ee0d1-8688-4d60-ac93-040c3b9b4045,CAT-INS,NOT_EQUIVALENT,CPI-SYN-130312,GME-SYN-185136,Critical rule violation or total mismatch
c1732bb2-bbe9-4c16-95a2-87454cf05f87,CAT-INS,NOT_EQUIVALENT,GME-SYN-865267,CPI-SYN-701117,Critical rule violation or total mismatch
e31d80e6-603e-4c79-9cf1-4d5012abe6a0,CAT-VLV,NOT_EQUIVALENT,GME-SYN-694761,GME-SYN-162137,Critical rule violation or total mismatch
bfeb4718-5870-489d-9555-66689a3915b3,CAT-PPE,NOT_EQUIVALENT,NEC-SYN-302450,NEC-SYN-275255,Critical rule violation or total mismatch
6a126b4d-ff01-4872-b234-a87c225ef86b,CAT-CBL,NOT_EQUIVALENT,AHM-SYN-353440,NEC-SYN-482541,Critical rule violation or total mismatch
7e944367-c46e-42f0-83ff-495406b17d49,CAT-LUB,NOT_EQUIVALENT,GME-SYN-958506,GME-SYN-111680,Critical rule violation or total mismatch
8d91f23b-e739-4288-9387-02f720416b42,CAT-PPE,NOT_EQUIVALENT,BUS-SYN-297782,NEC-SYN-212938,Critical rule violation or total mismatch
39c8d194-f926-4f78-ab95-11a1e456ade8,CAT-LUB,NOT_EQUIVALENT,CPI-SYN-781458,AHM-SYN-292413,Critical rule violation or total mismatch
e5239332-4bc0-40c0-8b31-f1276075bca8,CAT-LUB,NOT_EQUIVALENT,CPI-SYN-781828,GME-SYN-331840,Critical rule violation or total mismatch
da145233-5b52-4f5e-8c96-b1b0f219e3c3,CAT-CBL,NOT_EQUIVALENT,AHM-SYN-793708,AHM-SYN-185984,Critical rule violation or total mismatch
6b005963-efff-42cb-ace2-34184d4507bf,CAT-FST,NOT_EQUIVALENT,BUS-SYN-144670,AHM-SYN-590962,Critical rule violation or total mismatch
a07039c3-4666-4149-a659-964a5ee3722b,CAT-INS,NOT_EQUIVALENT,AHM-SYN-173781,GME-SYN-476646,Critical rule violation or total mismatch
6e52a226-28ab-4be5-802a-35a544c2904c,CAT-PIP,NOT_EQUIVALENT,NEC-SYN-122499,BUS-SYN-417027,Critical rule violation or total mismatch
c96a5038-7861-4bb2-a723-51c75dd5d557,CAT-INS,NOT_EQUIVALENT,BUS-SYN-534374,CPI-SYN-215668,Critical rule violation or total mismatch
ff0a1f60-5a90-4ae7-aa3b-2b1993eecd11,CAT-PMP,NOT_EQUIVALENT,AHM-SYN-608082,NEC-SYN-784648,Critical rule violation or total mismatch
96008ae9-1fa2-49d0-827f-f65f431889be,CAT-PPE,NOT_EQUIVALENT,GME-SYN-625850,GME-SYN-660038,Critical rule violation or total mismatch
af600101-ad6f-4fad-ae64-bf40346a7519,CAT-INS,NOT_EQUIVALENT,CPI-SYN-275868,GME-SYN-630036,Critical rule violation or total mismatch
c7b70c64-4fd5-437a-bf4e-d9549e64ded8,CAT-LUB,NOT_EQUIVALENT,CPI-SYN-640478,CPI-SYN-452650,Critical rule violation or total mismatch
56a75e7d-61f1-4e8b-8c75-8826f8207369,CAT-INS,NOT_EQUIVALENT,NEC-SYN-973060,NEC-SYN-319433,Critical rule violation or total mismatch
82ce65dd-b3b2-4861-aca4-3f3b64644b1f,CAT-LUB,NOT_EQUIVALENT,NEC-SYN-492115,BUS-SYN-216984,Critical rule violation or total mismatch
77fd387e-4b09-47a6-8741-b2a99370428c,CAT-VLV,NOT_EQUIVALENT,GME-SYN-808021,NEC-SYN-818821,Critical rule violation or total mismatch
26f75b95-f427-4240-b98d-a589c75c49c4,CAT-GSK,NOT_EQUIVALENT,AHM-SYN-934495,BUS-SYN-729195,Critical rule violation or total mismatch
b26a52dd-f684-43a0-bb53-a8adb8ec7d81,CAT-CBL,NOT_EQUIVALENT,GME-SYN-187162,BUS-SYN-548844,Critical rule violation or total mismatch
cefcac82-cfb0-4031-b99a-51aea0829810,CAT-FLG,NOT_EQUIVALENT,CPI-SYN-983721,CPI-SYN-734360,Critical rule violation or total mismatch
449411e5-8c2e-4611-bcf6-75b1ad5f5ac5,CAT-LUB,NOT_EQUIVALENT,GME-SYN-731524,CPI-SYN-303683,Critical rule violation or total mismatch
7fdd4ce4-ae41-4747-ac0a-a88e32e0c576,CAT-ELC,NOT_EQUIVALENT,GME-SYN-578219,CPI-SYN-951398,Critical rule violation or total mismatch
251c2484-3228-4507-825e-cb9a0d7a9a94,CAT-ELC,NOT_EQUIVALENT,BUS-SYN-705003,NEC-SYN-325018,Critical rule violation or total mismatch
8601762b-1a60-4995-b70d-632f8f3253b0,CAT-LUB,NOT_EQUIVALENT,CPI-SYN-748162,CPI-SYN-600979,Critical rule violation or total mismatch
4e20dd7f-4f58-4056-9fb8-d9d6ea95b8f1,CAT-FST,NOT_EQUIVALENT,CPI-SYN-916434,GME-SYN-530421,Critical rule violation or total mismatch
9d4c2728-f959-4c32-b426-43441264ffaf,CAT-CBL,NOT_EQUIVALENT,BUS-SYN-427916,CPI-SYN-226586,Critical rule violation or total mismatch
afd52fb5-d009-41ec-880b-04dd719c6ce5,CAT-GSK,NOT_EQUIVALENT,CPI-SYN-596581,BUS-SYN-922927,Critical rule violation or total mismatch
ae35e44f-f9ca-43e0-8a96-6ab78c7dcf0b,CAT-PMP,NOT_EQUIVALENT,CPI-SYN-799629,AHM-SYN-320871,Critical rule violation or total mismatch
b4e67034-bb5e-4561-8fc9-ab5b2cf03795,CAT-PMP,NOT_EQUIVALENT,CPI-SYN-857191,NEC-SYN-556912,Critical rule violation or total mismatch
f697d55f-4b68-4990-89c6-574714024acc,CAT-PMP,NOT_EQUIVALENT,NEC-SYN-432635,AHM-SYN-501547,Critical rule violation or total mismatch
480f14cb-3aed-48bd-91b0-948e1a2fe6dc,CAT-ELC,NOT_EQUIVALENT,NEC-SYN-183020,AHM-SYN-826562,Critical rule violation or total mismatch
86c6675b-967e-4284-8bee-a93c8c507892,CAT-ELC,NOT_EQUIVALENT,CPI-SYN-603743,CPI-SYN-874433,Critical rule violation or total mismatch
faddb72a-3739-4f1b-aaf9-09dd6a9145b2,CAT-FST,NOT_EQUIVALENT,CPI-SYN-354815,NEC-SYN-481312,Critical rule violation or total mismatch
daced11c-d7c2-4f31-8dfc-b0495cb3340b,CAT-FLG,NOT_EQUIVALENT,GME-SYN-364154,CPI-SYN-261834,Critical rule violation or total mismatch
8854e123-ee60-4b49-b5ea-47e72d9492a6,CAT-PIP,NOT_EQUIVALENT,GME-SYN-108539,GME-SYN-462229,Critical rule violation or total mismatch
5deaef7a-27ff-4098-8a6b-ce6f623f5d28,CAT-FLG,NOT_EQUIVALENT,BUS-SYN-533262,GME-SYN-551407,Critical rule violation or total mismatch
fe51413f-ade1-4754-9d18-df4ac002dfff,CAT-MTR,NOT_EQUIVALENT,GME-SYN-645440,BUS-SYN-150317,Critical rule violation or total mismatch
7a57d85a-f6a6-437e-b396-01bf3f11e558,CAT-MTR,NOT_EQUIVALENT,CPI-SYN-292922,CPI-SYN-828543,Critical rule violation or total mismatch
6973318d-c9cf-449f-baa1-1754ce4765ec,CAT-MTR,NOT_EQUIVALENT,AHM-SYN-263318,GME-SYN-930832,Critical rule violation or total mismatch
93ee183a-94b8-4bef-ad10-06687ddabae7,CAT-PIP,NOT_EQUIVALENT,GME-SYN-188346,AHM-SYN-884274,Critical rule violation or total mismatch
444f65a4-78cf-4623-8844-81433bfb2b30,CAT-VLV,NOT_EQUIVALENT,CPI-SYN-582568,GME-SYN-321046,Critical rule violation or total mismatch
053f81ce-cd28-4700-bb92-37da46422a0c,CAT-INS,NOT_EQUIVALENT,GME-SYN-931192,CPI-SYN-158565,Critical rule violation or total mismatch
a1f92511-ed5a-44cb-8373-b0af4f5c7a2b,CAT-PIP,NOT_EQUIVALENT,CPI-SYN-756069,GME-SYN-605675,Critical rule violation or total mismatch
6a5284da-113c-4d1c-862b-8f5b703b596f,CAT-PPE,NOT_EQUIVALENT,AHM-SYN-555289,GME-SYN-704913,Critical rule violation or total mismatch
7aec4513-870d-4707-9e3a-cd4c36e266e7,CAT-CBL,NOT_EQUIVALENT,AHM-SYN-599058,AHM-SYN-534960,Critical rule violation or total mismatch
81750873-e183-4533-b9ef-d14db6ba1219,CAT-PPE,NOT_EQUIVALENT,AHM-SYN-861405,GME-SYN-377669,Critical rule violation or total mismatch
ab0ddf4c-59a2-432c-9e32-5782927f0382,CAT-CBL,NOT_EQUIVALENT,BUS-SYN-922166,NEC-SYN-925604,Critical rule violation or total mismatch
db2c69bb-9fc1-4974-8303-5f9b39999572,CAT-GSK,NOT_EQUIVALENT,NEC-SYN-861197,BUS-SYN-552809,Critical rule violation or total mismatch
fb8d6127-13d1-465e-a340-0a2f0ec2fb26,CAT-BRG,NOT_EQUIVALENT,AHM-SYN-453528,GME-SYN-360526,Critical rule violation or total mismatch
52e01f4e-5b67-49d6-924e-f17ea467d041,CAT-FLG,NOT_EQUIVALENT,BUS-SYN-777498,BUS-SYN-195859,Critical rule violation or total mismatch
df67e0d9-a241-4c94-83be-ac7bf2c8fc88,CAT-LUB,NOT_EQUIVALENT,NEC-SYN-886453,CPI-SYN-991365,Critical rule violation or total mismatch
be299d42-3513-4b50-a57b-b9f2def11a49,CAT-MTR,NOT_EQUIVALENT,AHM-SYN-836433,NEC-SYN-327041,Critical rule violation or total mismatch
896aaa13-621a-4e45-88cd-556a1bbb1459,CAT-FST,NOT_EQUIVALENT,GME-SYN-692701,GME-SYN-700078,Critical rule violation or total mismatch
e2bed7ec-d579-403c-aecd-dc2baef3906c,CAT-BRG,NOT_EQUIVALENT,CPI-SYN-990424,CPI-SYN-850240,Critical rule violation or total mismatch
c976dcdf-272c-4abb-bcac-1ad402c3693d,CAT-VLV,NOT_EQUIVALENT,NEC-SYN-158367,CPI-SYN-114483,Critical rule violation or total mismatch
44da911d-e89a-4d62-b4ad-34415aa10979,CAT-PMP,NOT_EQUIVALENT,BUS-SYN-966248,AHM-SYN-878886,Critical rule violation or total mismatch
fec13ba3-1df0-420f-8b42-06885af17fa4,CAT-VLV,NOT_EQUIVALENT,GME-SYN-749811,NEC-SYN-774598,Critical rule violation or total mismatch
8b794fa4-fcec-4e77-9319-2c4cb3b708cf,CAT-LUB,NOT_EQUIVALENT,GME-SYN-579355,AHM-SYN-821125,Critical rule violation or total mismatch
b9bccc84-923c-4efd-940a-e914ce660d0e,CAT-PIP,NOT_EQUIVALENT,BUS-SYN-913741,NEC-SYN-482043,Critical rule violation or total mismatch
800c3e54-5fa4-482e-8b3a-b2294585c4d6,CAT-FST,NOT_EQUIVALENT,BUS-SYN-782415,GME-SYN-410647,Critical rule violation or total mismatch
4fffb0fc-2afa-4228-a222-64b343ebaddb,CAT-LUB,NOT_EQUIVALENT,GME-SYN-648531,NEC-SYN-528870,Critical rule violation or total mismatch
f6478a9c-d72f-4190-932d-06a585a4ef29,CAT-GSK,NOT_EQUIVALENT,AHM-SYN-410217,GME-SYN-256764,Critical rule violation or total mismatch
354cc3d4-191d-434e-b3c1-305cb5840a1e,CAT-LUB,NOT_EQUIVALENT,GME-SYN-348456,AHM-SYN-193729,Critical rule violation or total mismatch
9d5114f2-f80c-4dbf-a067-ae1609635204,CAT-INS,NOT_EQUIVALENT,NEC-SYN-318102,GME-SYN-779945,Critical rule violation or total mismatch
dbbea174-636c-4635-8729-8adfe279b374,CAT-VLV,NOT_EQUIVALENT,BUS-SYN-684341,GME-SYN-121839,Critical rule violation or total mismatch
3b999c7f-cb79-4e27-8fa3-bc1c8e4db4b3,CAT-PMP,NOT_EQUIVALENT,BUS-SYN-397521,NEC-SYN-683814,Critical rule violation or total mismatch
12224bf9-7fa1-4a16-b30f-0e1dfb83594e,CAT-LUB,NOT_EQUIVALENT,AHM-SYN-165968,NEC-SYN-888848,Critical rule violation or total mismatch
0224763b-fdad-43a4-a707-e3976afd8be2,CAT-BRG,NOT_EQUIVALENT,CPI-SYN-417803,AHM-SYN-953916,Critical rule violation or total mismatch
a004c7f8-e901-4ec5-bed5-d106e8b0db3f,CAT-PIP,NOT_EQUIVALENT,CPI-SYN-110560,NEC-SYN-646989,Critical rule violation or total mismatch
55d3c7bf-ba38-43ad-bc63-5bb7f142f324,CAT-MTR,NOT_EQUIVALENT,CPI-SYN-867138,GME-SYN-658273,Critical rule violation or total mismatch
c8d63025-88c6-4a67-989c-fb825edc0d8f,CAT-LUB,NOT_EQUIVALENT,BUS-SYN-303344,CPI-SYN-952766,Critical rule violation or total mismatch
843d2a93-9d2e-4013-8aeb-a4c4753bfd33,CAT-GSK,NOT_EQUIVALENT,BUS-SYN-584260,CPI-SYN-257743,Critical rule violation or total mismatch
860702a1-430c-4ce0-bd7d-27be5b130ef0,CAT-PIP,NOT_EQUIVALENT,NEC-SYN-527309,GME-SYN-177126,Critical rule violation or total mismatch
6af84235-2d82-41f6-94ff-5817385aa9ea,CAT-FLG,NOT_EQUIVALENT,NEC-SYN-726920,CPI-SYN-989831,Critical rule violation or total mismatch
d795f582-08df-4efc-8d33-f0ad56d0bd53,CAT-ELC,NOT_EQUIVALENT,AHM-SYN-574351,AHM-SYN-288834,Critical rule violation or total mismatch
3d322ba1-9015-4609-bd4b-b93c841b9360,CAT-LUB,NOT_EQUIVALENT,AHM-SYN-988909,AHM-SYN-866303,Critical rule violation or total mismatch
fd098253-a048-4073-b7a1-28689bc7e9de,CAT-VLV,NOT_EQUIVALENT,BUS-SYN-485670,NEC-SYN-374855,Critical rule violation or total mismatch
b88aff97-8491-4c67-8e48-d30a02fd604c,CAT-BRG,NOT_EQUIVALENT,NEC-SYN-435513,AHM-SYN-636247,Critical rule violation or total mismatch
9576b2f6-22b9-4966-aa67-6317d4ab94fb,CAT-ELC,NOT_EQUIVALENT,CPI-SYN-168127,CPI-SYN-458500,Critical rule violation or total mismatch
02605e00-0877-4262-a9bd-c556b089bc64,CAT-INS,NOT_EQUIVALENT,AHM-SYN-575965,CPI-SYN-330209,Critical rule violation or total mismatch
05fcba48-5bcd-44c7-bebb-fd7715f923c8,CAT-VLV,NOT_EQUIVALENT,CPI-SYN-207722,BUS-SYN-501177,Critical rule violation or total mismatch
5ec5a96a-5680-46a3-a1fb-f4e1c702a8a6,CAT-GSK,NOT_EQUIVALENT,NEC-SYN-721477,NEC-SYN-368455,Critical rule violation or total mismatch
9bc57d30-1868-4648-b8d7-e240b32392fa,CAT-ELC,NOT_EQUIVALENT,AHM-SYN-610363,GME-SYN-560436,Critical rule violation or total mismatch
3d2d765e-f345-4ef6-a047-67e8af785e45,CAT-FST,NOT_EQUIVALENT,AHM-SYN-602300,GME-SYN-623492,Critical rule violation or total mismatch
17172eab-8e85-4eb6-90a1-fbef1cb2888a,CAT-MTR,NOT_EQUIVALENT,AHM-SYN-224664,GME-SYN-449696,Critical rule violation or total mismatch
7104d35a-e84c-4ee8-80c9-51fc9b633b30,CAT-PPE,NOT_EQUIVALENT,GME-SYN-960478,CPI-SYN-732506,Critical rule violation or total mismatch
43f99616-7667-4663-94b2-005b8856ae5d,CAT-PIP,NOT_EQUIVALENT,GME-SYN-712439,AHM-SYN-852421,Critical rule violation or total mismatch
1731dc5a-b00e-477f-a8f8-e88a5acb5335,CAT-ELC,NOT_EQUIVALENT,BUS-SYN-307527,GME-SYN-269089,Critical rule violation or total mismatch
5d4d827b-11b7-4043-b5e4-3feeb4384141,CAT-PIP,NOT_EQUIVALENT,AHM-SYN-118043,CPI-SYN-641389,Critical rule violation or total mismatch
ff253c29-c936-471f-897b-313cef475e2e,CAT-LUB,NOT_EQUIVALENT,NEC-SYN-358427,CPI-SYN-773432,Critical rule violation or total mismatch
e315f740-bb11-4901-9199-fb1b210846b8,CAT-PMP,NOT_EQUIVALENT,GME-SYN-283578,CPI-SYN-849077,Critical rule violation or total mismatch
cfa3c922-250a-48b4-9393-3305c112cf4c,CAT-GSK,NOT_EQUIVALENT,CPI-SYN-771461,GME-SYN-310347,Critical rule violation or total mismatch
4caafdcf-15da-466d-9313-e81eb70bb750,CAT-BRG,NOT_EQUIVALENT,CPI-SYN-819875,BUS-SYN-368202,Critical rule violation or total mismatch
9b26d7fb-969d-433f-871b-399367414f11,CAT-PMP,NOT_EQUIVALENT,CPI-SYN-115434,CPI-SYN-625967,Critical rule violation or total mismatch
553687d8-0325-4d21-bb60-c8eca0c917e4,CAT-VLV,NOT_EQUIVALENT,NEC-SYN-916510,AHM-SYN-811533,Critical rule violation or total mismatch
cc459647-32e5-4c8e-a5dd-a613459cfb55,CAT-FLG,NOT_EQUIVALENT,NEC-SYN-584204,GME-SYN-281355,Critical rule violation or total mismatch
2997fefb-0a75-4876-ab1d-46f464b2ea8c,CAT-PIP,NOT_EQUIVALENT,AHM-SYN-341833,NEC-SYN-163102,Critical rule violation or total mismatch
5a93be93-8b6f-4f0e-9923-b2eee80edfcb,CAT-CBL,NOT_EQUIVALENT,CPI-SYN-611929,CPI-SYN-993323,Critical rule violation or total mismatch
fc5de6db-f17b-41d5-9e83-f29bbb669e8b,CAT-PMP,NOT_EQUIVALENT,CPI-SYN-442667,CPI-SYN-539891,Critical rule violation or total mismatch
c8d92f3a-ffd6-4a74-9ed6-bbaa5ffcda13,CAT-FLG,NOT_EQUIVALENT,CPI-SYN-353687,GME-SYN-484842,Critical rule violation or total mismatch
6f8b1a6a-1413-4d1b-8ce3-711b3258ec5a,CAT-PMP,NOT_EQUIVALENT,BUS-SYN-452076,BUS-SYN-271486,Critical rule violation or total mismatch
72e1eee3-264f-4f69-80d3-29e06dd60043,CAT-VLV,NOT_EQUIVALENT,NEC-SYN-869690,AHM-SYN-996511,Critical rule violation or total mismatch
37242aee-f27c-44a5-915f-d82bcaaa6356,CAT-MTR,NOT_EQUIVALENT,NEC-SYN-341272,AHM-SYN-177239,Critical rule violation or total mismatch
f6e71166-7ee0-4f36-9748-e19b74f8fd4a,CAT-FLG,NOT_EQUIVALENT,CPI-SYN-795514,NEC-SYN-638208,Critical rule violation or total mismatch
0986cf5d-cb6f-45fe-9e4e-b30bc2f582f3,CAT-VLV,NOT_EQUIVALENT,AHM-SYN-962927,BUS-SYN-478047,Critical rule violation or total mismatch
a4fa3ee5-6f1d-4440-8142-1b48d3903d77,CAT-CBL,NOT_EQUIVALENT,BUS-SYN-902894,BUS-SYN-556725,Critical rule violation or total mismatch
3bc7c85e-de47-4958-b22c-084b0426e8af,CAT-PPE,NOT_EQUIVALENT,GME-SYN-722707,BUS-SYN-165750,Critical rule violation or total mismatch
73e3f67a-0c99-419a-b431-b0b37527f56b,CAT-FLG,NOT_EQUIVALENT,GME-SYN-950537,NEC-SYN-714722,Critical rule violation or total mismatch
3e559b2e-dc24-43a2-9642-4f25761aa611,CAT-PPE,NOT_EQUIVALENT,NEC-SYN-418499,AHM-SYN-690469,Critical rule violation or total mismatch
6d422a27-dc23-4fe2-9885-91e5e3b98dc9,CAT-LUB,NOT_EQUIVALENT,GME-SYN-307127,AHM-SYN-427443,Critical rule violation or total mismatch
df6be7d9-b0fd-4630-9bfb-a766470fdee0,CAT-MTR,NOT_EQUIVALENT,GME-SYN-473009,GME-SYN-204838,Critical rule violation or total mismatch
0338a97d-a7bd-45b5-a408-4624338bc72e,CAT-PMP,NOT_EQUIVALENT,NEC-SYN-736154,BUS-SYN-526215,Critical rule violation or total mismatch
edf3d132-142b-4fe7-b68c-697d79a99ccc,CAT-PPE,NOT_EQUIVALENT,NEC-SYN-445462,BUS-SYN-170723,Critical rule violation or total mismatch
546b1cfa-4eae-43b9-ae86-32013da2dcea,CAT-INS,NOT_EQUIVALENT,BUS-SYN-693649,AHM-SYN-712777,Critical rule violation or total mismatch
e4cc09ea-5227-4984-9d59-78cf03d7a193,CAT-PMP,NOT_EQUIVALENT,GME-SYN-892207,AHM-SYN-545407,Critical rule violation or total mismatch
9a5e62c5-cc55-4e1e-a400-c7a6334ed584,CAT-FLG,NOT_EQUIVALENT,BUS-SYN-964308,GME-SYN-883739,Critical rule violation or total mismatch
5827a623-c10b-4366-9f6f-23566fb1c9ac,CAT-INS,NOT_EQUIVALENT,GME-SYN-633854,NEC-SYN-458900,Critical rule violation or total mismatch
2ff29c34-dffd-4e96-9ae7-03925cf0fdda,CAT-VLV,NOT_EQUIVALENT,NEC-SYN-391527,CPI-SYN-730974,Critical rule violation or total mismatch
9036bf74-c1d8-43ed-9cb0-1ae8e270afb5,CAT-BRG,NOT_EQUIVALENT,GME-SYN-689358,BUS-SYN-425622,Critical rule violation or total mismatch
8b1f955f-6e31-49a5-a933-a33c813013cf,CAT-PMP,NOT_EQUIVALENT,NEC-SYN-574783,GME-SYN-547876,Critical rule violation or total mismatch
d44f12e9-c39e-478f-8051-4f1f89dbd62d,CAT-PMP,NOT_EQUIVALENT,BUS-SYN-570785,NEC-SYN-111286,Critical rule violation or total mismatch
b1c0be76-3089-4789-ab52-24808d7df51c,CAT-MTR,NOT_EQUIVALENT,AHM-SYN-121090,NEC-SYN-980251,Critical rule violation or total mismatch
e3b760c4-6e17-4c64-80f6-b1e1b5552bd7,CAT-VLV,NOT_EQUIVALENT,NEC-SYN-734241,BUS-SYN-898370,Critical rule violation or total mismatch
8971b490-3f62-499b-8fe8-846d578edb7b,CAT-MTR,NOT_EQUIVALENT,CPI-SYN-891941,CPI-SYN-824607,Critical rule violation or total mismatch
19808c8a-c329-45c3-9096-ca0e668f5907,CAT-INS,NOT_EQUIVALENT,AHM-SYN-529792,GME-SYN-270447,Critical rule violation or total mismatch
52a69f30-def9-4818-9589-e9463cc7192c,CAT-LUB,NOT_EQUIVALENT,NEC-SYN-227727,BUS-SYN-725513,Critical rule violation or total mismatch
536b2155-4f37-419f-87a0-6a6edd5d1055,CAT-VLV,NOT_EQUIVALENT,GME-SYN-233180,NEC-SYN-946193,Critical rule violation or total mismatch
57886e81-ae7a-49e3-b725-6684fa40a69e,CAT-PMP,NOT_EQUIVALENT,CPI-SYN-922344,GME-SYN-903898,Critical rule violation or total mismatch
3326d3e9-6aac-410e-b8d7-2e2e8fe6ab2e,CAT-PPE,NOT_EQUIVALENT,AHM-SYN-404894,AHM-SYN-710347,Critical rule violation or total mismatch
15116466-176e-4817-a891-cbf987216250,CAT-CBL,NOT_EQUIVALENT,AHM-SYN-782947,BUS-SYN-829680,Critical rule violation or total mismatch
edd7b303-1cba-4502-8223-89fddb814421,CAT-VLV,NOT_EQUIVALENT,GME-SYN-386333,BUS-SYN-662428,Critical rule violation or total mismatch
1c9430a4-719e-41ae-9ace-735c75287dce,CAT-FLG,NOT_EQUIVALENT,NEC-SYN-652107,GME-SYN-115869,Critical rule violation or total mismatch
6cfcfda4-57ba-4b92-b257-63f09c58655c,CAT-ELC,NOT_EQUIVALENT,AHM-SYN-765037,BUS-SYN-858390,Critical rule violation or total mismatch
501f731d-509f-4739-bffe-b2a14a65c302,CAT-ELC,NOT_EQUIVALENT,NEC-SYN-851117,NEC-SYN-764770,Critical rule violation or total mismatch
c89e6b8c-caa4-4d80-a00d-875cf07bfd8a,CAT-VLV,NOT_EQUIVALENT,CPI-SYN-480140,GME-SYN-896974,Critical rule violation or total mismatch
551e29b7-5139-4b07-8cd5-925318ee8c7e,CAT-BRG,NOT_EQUIVALENT,CPI-SYN-876308,NEC-SYN-416075,Critical rule violation or total mismatch
b3321acb-d423-459b-a8fa-485c455e6cc7,CAT-CBL,NOT_EQUIVALENT,NEC-SYN-661540,BUS-SYN-145297,Critical rule violation or total mismatch
ac16fdea-60ac-433b-b1d4-0a45b35c01af,CAT-FST,NOT_EQUIVALENT,NEC-SYN-909869,CPI-SYN-697786,Critical rule violation or total mismatch
83e6286b-3c24-4462-bc8a-106ebd905dc4,CAT-GSK,NOT_EQUIVALENT,NEC-SYN-593918,GME-SYN-260825,Critical rule violation or total mismatch
f6c2d273-b99b-4fd2-9bd5-1d2029614551,CAT-BRG,NOT_EQUIVALENT,GME-SYN-443359,AHM-SYN-471223,Critical rule violation or total mismatch
62ca0b5b-fdbc-41e8-931a-6e1621bc36cc,CAT-ELC,NOT_EQUIVALENT,AHM-SYN-652644,GME-SYN-346758,Critical rule violation or total mismatch
8531f752-60bb-4dcb-ae12-464b8ec504de,CAT-PPE,NOT_EQUIVALENT,AHM-SYN-334180,GME-SYN-482630,Critical rule violation or total mismatch
554543ca-85b4-41af-a67f-a2d76052ec2e,CAT-FST,NOT_EQUIVALENT,AHM-SYN-488697,AHM-SYN-165502,Critical rule violation or total mismatch
5ab93041-efcb-451c-8308-6256f826f6f1,CAT-PIP,NOT_EQUIVALENT,AHM-SYN-674989,NEC-SYN-504763,Critical rule violation or total mismatch
fb11890b-354b-4485-a081-d0d82a0e3f77,CAT-PIP,NOT_EQUIVALENT,AHM-SYN-330782,GME-SYN-842133,Critical rule violation or total mismatch
5407988c-8291-482f-aca6-d76ee6fb92d0,CAT-LUB,NOT_EQUIVALENT,BUS-SYN-293972,CPI-SYN-877434,Critical rule violation or total mismatch
81b567fe-7097-4a3c-9051-bdfdaeedef3b,CAT-PIP,NOT_EQUIVALENT,GME-SYN-234355,NEC-SYN-737683,Critical rule violation or total mismatch
8a53c2b3-442a-4cd8-b8aa-252894ee0efd,CAT-PPE,NOT_EQUIVALENT,AHM-SYN-551479,GME-SYN-277686,Critical rule violation or total mismatch
97ba4c4f-4745-4dd1-ba76-8ff75b1c6106,CAT-BRG,NOT_EQUIVALENT,CPI-SYN-781485,CPI-SYN-107316,Critical rule violation or total mismatch
845b3000-460f-4494-a92d-f0a9aadc7424,CAT-ELC,NOT_EQUIVALENT,NEC-SYN-523168,AHM-SYN-226236,Critical rule violation or total mismatch
57af9baa-bb8b-4fce-8768-c3dd144b3cfc,CAT-BRG,NOT_EQUIVALENT,CPI-SYN-987178,NEC-SYN-830484,Critical rule violation or total mismatch
1f10dde8-70a1-4e68-9e18-9cbf53dac102,CAT-PPE,NOT_EQUIVALENT,NEC-SYN-826309,NEC-SYN-309000,Critical rule violation or total mismatch
6d8cde64-8220-4d79-be19-d6de3e50e212,CAT-PIP,NOT_EQUIVALENT,NEC-SYN-949303,BUS-SYN-314350,Critical rule violation or total mismatch
f485bed3-e402-4559-90f9-47128ab1d044,CAT-INS,NOT_EQUIVALENT,CPI-SYN-919785,NEC-SYN-626342,Critical rule violation or total mismatch
ff529002-577d-48dc-b7bf-568b7bb7d2b9,CAT-INS,NOT_EQUIVALENT,BUS-SYN-776429,GME-SYN-581317,Critical rule violation or total mismatch
ad66a87b-67d7-47f8-8646-389259788d90,CAT-GSK,NOT_EQUIVALENT,AHM-SYN-137279,AHM-SYN-280536,Critical rule violation or total mismatch
54abd0f8-0f1b-4dcc-ae0a-815649b8916a,CAT-MTR,NOT_EQUIVALENT,GME-SYN-862137,AHM-SYN-201849,Critical rule violation or total mismatch
64bfc693-4fb1-4cf4-8292-4586ae9bf94a,CAT-GSK,NOT_EQUIVALENT,NEC-SYN-717266,BUS-SYN-319193,Critical rule violation or total mismatch
95924283-061f-4dea-9240-38bb95acd5a7,CAT-GSK,NOT_EQUIVALENT,AHM-SYN-309780,GME-SYN-484623,Critical rule violation or total mismatch
2ae97557-c040-4e59-9469-0d86e23af5d2,CAT-BRG,NOT_EQUIVALENT,BUS-SYN-444128,CPI-SYN-857080,Critical rule violation or total mismatch
b00fa920-fbe4-4fe7-bfcb-c12a804832c8,CAT-GSK,NOT_EQUIVALENT,NEC-SYN-379713,CPI-SYN-185440,Critical rule violation or total mismatch
5f15d47b-f78b-4230-ad9c-96c0df1f8eb5,CAT-ELC,NOT_EQUIVALENT,BUS-SYN-698483,AHM-SYN-293820,Critical rule violation or total mismatch
c8583992-2130-4487-9eff-29db38606b03,CAT-VLV,NOT_EQUIVALENT,BUS-SYN-316939,NEC-SYN-289036,Critical rule violation or total mismatch
2a4d6892-62ee-4a05-a51f-b1513d6503e9,CAT-GSK,NOT_EQUIVALENT,GME-SYN-183628,CPI-SYN-931527,Critical rule violation or total mismatch
49390129-f66a-4112-b342-54c89dad2057,CAT-VLV,NOT_EQUIVALENT,BUS-SYN-900648,AHM-SYN-420219,Critical rule violation or total mismatch
02faed21-b7a7-4836-964f-356679f99d7c,CAT-PIP,NOT_EQUIVALENT,AHM-SYN-652625,AHM-SYN-648291,Critical rule violation or total mismatch
e69a517e-9311-47c5-8d83-8c41ec5235cb,CAT-VLV,NOT_EQUIVALENT,BUS-SYN-337164,NEC-SYN-944385,Critical rule violation or total mismatch
b6977387-59d8-4bc4-9f03-791646efc986,CAT-BRG,NOT_EQUIVALENT,NEC-SYN-987367,BUS-SYN-113261,Critical rule violation or total mismatch
8cd20dc2-9c54-453a-92fb-db7a23734d90,CAT-LUB,NOT_EQUIVALENT,CPI-SYN-308460,GME-SYN-980801,Critical rule violation or total mismatch
681137f4-0431-4218-8244-8b6bc5dd461c,CAT-INS,NOT_EQUIVALENT,GME-SYN-124017,NEC-SYN-782652,Critical rule violation or total mismatch
ff3e8b89-8435-4e02-b38e-73eec9e0206c,CAT-PPE,NOT_EQUIVALENT,NEC-SYN-845839,NEC-SYN-648727,Critical rule violation or total mismatch
fe5f7280-15f5-4539-8f03-431cc3b4fa88,CAT-BRG,NOT_EQUIVALENT,NEC-SYN-788652,NEC-SYN-347843,Critical rule violation or total mismatch
d3eba3b3-fa53-4209-9e5a-abe945318332,CAT-MTR,NOT_EQUIVALENT,GME-SYN-129622,GME-SYN-370293,Critical rule violation or total mismatch
5a56ac15-3963-40b0-bb0c-5473dd6e0109,CAT-VLV,NOT_EQUIVALENT,BUS-SYN-950741,CPI-SYN-641113,Critical rule violation or total mismatch
12d42730-d8d2-44ab-a7b2-3e5ffcb8e071,CAT-GSK,NOT_EQUIVALENT,CPI-SYN-810615,GME-SYN-840078,Critical rule violation or total mismatch
4679ee1a-e5f3-4884-8cca-3868f3eee023,CAT-PIP,NOT_EQUIVALENT,GME-SYN-775367,AHM-SYN-282430,Critical rule violation or total mismatch
a363c49b-0924-4028-a967-e1eb583be270,CAT-MTR,NOT_EQUIVALENT,AHM-SYN-501728,BUS-SYN-336912,Critical rule violation or total mismatch
dcfc64e4-d1b6-4f95-80f9-f2ef7444adcc,CAT-GSK,NOT_EQUIVALENT,GME-SYN-558960,NEC-SYN-552026,Critical rule violation or total mismatch
1fa14cd9-19dd-4f40-af7e-c55e06d42e8c,CAT-BRG,NOT_EQUIVALENT,CPI-SYN-977311,NEC-SYN-564836,Critical rule violation or total mismatch
e1d35616-4182-4167-8cf9-9d2b8172fb90,CAT-INS,NOT_EQUIVALENT,CPI-SYN-567386,AHM-SYN-986433,Critical rule violation or total mismatch
83872fab-7ab4-4715-a128-506a69073729,CAT-GSK,NOT_EQUIVALENT,GME-SYN-460143,AHM-SYN-429269,Critical rule violation or total mismatch
fa67c43f-0dc6-4ece-9489-93b1252999fc,CAT-INS,NOT_EQUIVALENT,BUS-SYN-287497,GME-SYN-372044,Critical rule violation or total mismatch
5c49f1c5-1efd-4a9d-b856-e74db1ee1b4d,CAT-VLV,NOT_EQUIVALENT,GME-SYN-795571,GME-SYN-293092,Critical rule violation or total mismatch
dfc1ce8d-346f-4221-859d-5c671b0d633b,CAT-ELC,NOT_EQUIVALENT,NEC-SYN-504549,NEC-SYN-670825,Critical rule violation or total mismatch
fd9b7b91-3745-4b4e-8bbb-b8a34eb39d5d,CAT-PIP,NOT_EQUIVALENT,NEC-SYN-480142,GME-SYN-293547,Critical rule violation or total mismatch
9801b56d-8dc8-42e9-84f7-87760b408eb0,CAT-CBL,NOT_EQUIVALENT,NEC-SYN-899933,GME-SYN-793158,Critical rule violation or total mismatch
7b058e36-9dc4-417a-a8e5-65b5863e4858,CAT-FST,NOT_EQUIVALENT,AHM-SYN-791487,GME-SYN-742692,Critical rule violation or total mismatch
642dc84f-4b68-4bdd-a89b-ab9755208428,CAT-BRG,NOT_EQUIVALENT,BUS-SYN-676733,AHM-SYN-383678,Critical rule violation or total mismatch
b7ea79eb-7b49-444a-8b3f-bcdbd26b9b4f,CAT-LUB,NOT_EQUIVALENT,BUS-SYN-981422,AHM-SYN-592257,Critical rule violation or total mismatch
d9ae0944-be7b-40cb-9f46-5ce614955fd1,CAT-VLV,NOT_EQUIVALENT,GME-SYN-598020,CPI-SYN-575255,Critical rule violation or total mismatch
8268784f-f25b-40c6-9d03-ce6a8c1a5513,CAT-PIP,NOT_EQUIVALENT,NEC-SYN-262465,CPI-SYN-822339,Critical rule violation or total mismatch
fd0546fe-ce3b-4fd0-906f-4a83f2858d09,CAT-CBL,NOT_EQUIVALENT,BUS-SYN-165272,CPI-SYN-873982,Critical rule violation or total mismatch
857ae50c-d6d8-4325-bb62-ac0408aeb121,CAT-MTR,NOT_EQUIVALENT,NEC-SYN-797103,CPI-SYN-987130,Critical rule violation or total mismatch
7308354b-4e64-4442-a4ef-b66e5bac7b21,CAT-VLV,NOT_EQUIVALENT,NEC-SYN-837646,GME-SYN-602297,Critical rule violation or total mismatch
efb0012a-2788-4da4-adaa-76f27c6094f0,CAT-PMP,NOT_EQUIVALENT,BUS-SYN-283898,GME-SYN-456957,Critical rule violation or total mismatch
ae222441-f205-4bde-9eff-f81287d70273,CAT-BRG,NOT_EQUIVALENT,GME-SYN-948215,BUS-SYN-343841,Critical rule violation or total mismatch
4d8f3b1e-103a-4da5-a776-81518385217e,CAT-VLV,NOT_EQUIVALENT,CPI-SYN-412950,GME-SYN-171885,Critical rule violation or total mismatch
b686963e-6203-44af-a59c-386a8f780892,CAT-GSK,NOT_EQUIVALENT,GME-SYN-504739,BUS-SYN-251746,Critical rule violation or total mismatch
182dc741-e4c5-4df2-b15d-9febe5db43f9,CAT-MTR,NOT_EQUIVALENT,NEC-SYN-862305,NEC-SYN-829188,Critical rule violation or total mismatch
f549b913-d60d-4b04-8406-49dbad6d37f9,CAT-PPE,NOT_EQUIVALENT,NEC-SYN-113366,GME-SYN-528629,Critical rule violation or total mismatch
8b249a05-43b3-444b-b32c-49f585dc1300,CAT-INS,NOT_EQUIVALENT,NEC-SYN-690760,CPI-SYN-809788,Critical rule violation or total mismatch
31e357ea-4d88-402d-966e-dd0d97768610,CAT-PMP,NOT_EQUIVALENT,CPI-SYN-475471,BUS-SYN-814964,Critical rule violation or total mismatch
b1f3dbe1-e86f-47ec-a983-289b339abb8a,CAT-GSK,NOT_EQUIVALENT,AHM-SYN-419387,BUS-SYN-664329,Critical rule violation or total mismatch
b1a267ad-27bd-4466-8415-d97c2050b971,CAT-INS,NOT_EQUIVALENT,BUS-SYN-859059,CPI-SYN-332799,Critical rule violation or total mismatch
7ba21224-1595-4a13-90a6-df3b679f69dd,CAT-VLV,NOT_EQUIVALENT,BUS-SYN-370856,NEC-SYN-479515,Critical rule violation or total mismatch
56d19d1f-fad6-45b0-9cab-89ec86e85d26,CAT-ELC,NOT_EQUIVALENT,NEC-SYN-799853,AHM-SYN-933053,Critical rule violation or total mismatch
7f37d17b-c629-4fc3-be6c-108e74ef4e7d,CAT-GSK,NOT_EQUIVALENT,AHM-SYN-490006,GME-SYN-555535,Critical rule violation or total mismatch
1b8b775b-61d7-42c9-b5dd-da2bd629672a,CAT-INS,NOT_EQUIVALENT,AHM-SYN-923661,BUS-SYN-389229,Critical rule violation or total mismatch
b9164ccf-9ac6-4fe1-9392-8d9e8eb002a6,CAT-GSK,NOT_EQUIVALENT,NEC-SYN-923185,AHM-SYN-445851,Critical rule violation or total mismatch
6e5817eb-d7cd-4a16-a939-f24b23c7c7da,CAT-PIP,NOT_EQUIVALENT,BUS-SYN-316662,NEC-SYN-523951,Critical rule violation or total mismatch
c66362d5-3c36-429a-a583-794d83c36e72,CAT-FST,NOT_EQUIVALENT,NEC-SYN-656056,NEC-SYN-249054,Critical rule violation or total mismatch
56d2c403-86dc-49e1-821a-813071c149ae,CAT-GSK,NOT_EQUIVALENT,CPI-SYN-413043,AHM-SYN-794581,Critical rule violation or total mismatch
f84c60dd-f6fa-4d15-9423-a628a50178ca,CAT-PPE,NOT_EQUIVALENT,CPI-SYN-508117,NEC-SYN-832464,Critical rule violation or total mismatch
80e8237c-1493-4221-a71f-75141e1f1c7b,CAT-ELC,NOT_EQUIVALENT,CPI-SYN-447200,AHM-SYN-409738,Critical rule violation or total mismatch
614005a2-c9f8-4beb-9d4a-889d121707c8,CAT-FLG,NOT_EQUIVALENT,BUS-SYN-786607,GME-SYN-636241,Critical rule violation or total mismatch
ed353d67-35d7-47b4-9c81-5843e652a006,CAT-GSK,NOT_EQUIVALENT,AHM-SYN-591595,AHM-SYN-898811,Critical rule violation or total mismatch
b5f9b9ad-81d6-4baf-83f1-b0901d7eb412,CAT-INS,NOT_EQUIVALENT,NEC-SYN-736797,NEC-SYN-727808,Critical rule violation or total mismatch
78540594-49ba-460c-b844-860d8c5a7619,CAT-ELC,NOT_EQUIVALENT,AHM-SYN-939464,NEC-SYN-195619,Critical rule violation or total mismatch
a2f68101-5192-49d5-b272-f10eb06437c2,CAT-PMP,NOT_EQUIVALENT,CPI-SYN-983783,BUS-SYN-656885,Critical rule violation or total mismatch
7e450a9c-5683-4cc7-b645-ae4b4d468b94,CAT-GSK,NOT_EQUIVALENT,NEC-SYN-542800,CPI-SYN-744279,Critical rule violation or total mismatch
ad976d65-7d3c-40df-a52b-e7342a4e01f7,CAT-BRG,NOT_EQUIVALENT,CPI-SYN-740792,CPI-SYN-803962,Critical rule violation or total mismatch
198a8132-bd15-4029-878a-9b07a75a673e,CAT-CBL,NOT_EQUIVALENT,BUS-SYN-625601,BUS-SYN-247377,Critical rule violation or total mismatch
8324a6cf-142a-46ef-893a-f5f83639f8d5,CAT-ELC,NOT_EQUIVALENT,AHM-SYN-785974,NEC-SYN-160641,Critical rule violation or total mismatch
6c9d882f-8b3f-456a-b390-a6c6c4272afc,CAT-PPE,NOT_EQUIVALENT,GME-SYN-209200,BUS-SYN-319635,Critical rule violation or total mismatch
1d2c338d-8725-49fc-9088-e80d81b94d1d,CAT-BRG,NOT_EQUIVALENT,AHM-SYN-876109,NEC-SYN-865774,Critical rule violation or total mismatch
fcc2fb0e-7b1a-4e3c-ad55-4484f132984b,CAT-VLV,NOT_EQUIVALENT,BUS-SYN-464209,CPI-SYN-486831,Critical rule violation or total mismatch
2d395c58-a71f-45e1-8d19-7e47cbd4a300,CAT-VLV,NOT_EQUIVALENT,BUS-SYN-758556,AHM-SYN-543887,Critical rule violation or total mismatch
ac532e06-2e6e-415a-bd9f-a4f66c9f10bf,CAT-LUB,NOT_EQUIVALENT,AHM-SYN-839142,CPI-SYN-128286,Critical rule violation or total mismatch
cf86b08f-d1a4-4679-8c89-0c0425b5616e,CAT-PIP,NOT_EQUIVALENT,BUS-SYN-728368,GME-SYN-658370,Critical rule violation or total mismatch
4959fbac-6522-4ad0-adac-7a624f3a269b,CAT-BRG,NOT_EQUIVALENT,GME-SYN-988862,BUS-SYN-200716,Critical rule violation or total mismatch
d216c8e4-296e-46db-b26a-cde567d56eb7,CAT-CBL,NOT_EQUIVALENT,CPI-SYN-608887,NEC-SYN-969330,Critical rule violation or total mismatch
85d2f3e2-d923-4014-bfd7-b6fdfc3c2c9f,CAT-INS,NOT_EQUIVALENT,NEC-SYN-514492,GME-SYN-287569,Critical rule violation or total mismatch
a7f78519-1216-473a-9eaa-b54c2426aced,CAT-ELC,NOT_EQUIVALENT,GME-SYN-792748,AHM-SYN-792961,Critical rule violation or total mismatch
81ad2d02-9bc7-4d6c-9b47-980b7ee273a4,CAT-GSK,NOT_EQUIVALENT,NEC-SYN-471657,CPI-SYN-403517,Critical rule violation or total mismatch
68fb24d6-68f1-4ec7-b73b-04eea4fa601c,CAT-VLV,NOT_EQUIVALENT,CPI-SYN-302244,CPI-SYN-326205,Critical rule violation or total mismatch
640490ad-12c8-42be-93bd-9cdc6d080bd5,CAT-PIP,NOT_EQUIVALENT,BUS-SYN-421505,BUS-SYN-406038,Critical rule violation or total mismatch
c5cc46ed-f454-455b-8e48-8aec2fd53923,CAT-FLG,NOT_EQUIVALENT,NEC-SYN-953191,GME-SYN-221425,Critical rule violation or total mismatch
d92f7c17-3034-4b43-a15d-7eb2fe6290a4,CAT-ELC,NOT_EQUIVALENT,AHM-SYN-493979,NEC-SYN-873651,Critical rule violation or total mismatch
b30bf386-023e-4710-b935-42f18637bd2b,CAT-CBL,NOT_EQUIVALENT,CPI-SYN-469442,AHM-SYN-926461,Critical rule violation or total mismatch
ff4620bb-a99c-4921-b2c1-ac6fa4e78d6c,CAT-CBL,NOT_EQUIVALENT,BUS-SYN-824132,NEC-SYN-251383,Critical rule violation or total mismatch
e855d105-9f9e-4ba4-b21e-6010ff28388d,CAT-FLG,NOT_EQUIVALENT,AHM-SYN-678364,CPI-SYN-220892,Critical rule violation or total mismatch
fced53cf-db15-4d56-b02b-51de0338f97d,CAT-ELC,NOT_EQUIVALENT,GME-SYN-185458,AHM-SYN-350788,Critical rule violation or total mismatch
08f2d7bd-30ad-449c-ac94-f6c1d1c62b16,CAT-PIP,NOT_EQUIVALENT,NEC-SYN-500655,AHM-SYN-970637,Critical rule violation or total mismatch
53395d0f-9c14-4bce-a33c-cac521e137d1,CAT-PIP,NOT_EQUIVALENT,GME-SYN-766049,CPI-SYN-426996,Critical rule violation or total mismatch
a549ce2b-7e13-4d46-9be5-60958299b015,CAT-BRG,NOT_EQUIVALENT,NEC-SYN-926225,AHM-SYN-282947,Critical rule violation or total mismatch
c9c05cf2-9681-4216-baf0-d688bb7aa88d,CAT-LUB,NOT_EQUIVALENT,GME-SYN-714928,AHM-SYN-691156,Critical rule violation or total mismatch
a7c7e658-58b3-46a2-b411-09a914c308e4,CAT-INS,NOT_EQUIVALENT,NEC-SYN-512204,CPI-SYN-152114,Critical rule violation or total mismatch
114995fb-2cda-48f8-8700-51450642362d,CAT-LUB,NOT_EQUIVALENT,GME-SYN-219931,BUS-SYN-178684,Critical rule violation or total mismatch
27365af2-0510-4790-aa5d-eba551a4ef04,CAT-LUB,NOT_EQUIVALENT,NEC-SYN-373349,BUS-SYN-472391,Critical rule violation or total mismatch
51719bf2-9915-4ea4-8b81-05b79cc86890,CAT-BRG,NOT_EQUIVALENT,CPI-SYN-186912,NEC-SYN-551442,Critical rule violation or total mismatch
76db112d-b1a0-4226-8105-6e91705acc5f,CAT-MTR,NOT_EQUIVALENT,CPI-SYN-819859,NEC-SYN-634268,Critical rule violation or total mismatch
4fd2d5d0-4fca-456f-8228-27b6ed5adb3d,CAT-FST,NOT_EQUIVALENT,CPI-SYN-182890,BUS-SYN-448888,Critical rule violation or total mismatch
280843ec-fc8a-462b-8620-826a7cb924ff,CAT-BRG,NOT_EQUIVALENT,AHM-SYN-552277,BUS-SYN-509188,Critical rule violation or total mismatch
b23cf1e4-9dfe-44eb-b0ad-8e50ac3a10e2,CAT-INS,NOT_EQUIVALENT,BUS-SYN-618077,CPI-SYN-421983,Critical rule violation or total mismatch
cc3b1968-6165-4ddd-a817-453bf9bfd697,CAT-LUB,NOT_EQUIVALENT,NEC-SYN-447200,BUS-SYN-605160,Critical rule violation or total mismatch
a7246161-9bc2-439a-a8e6-2b0992236807,CAT-PPE,NOT_EQUIVALENT,CPI-SYN-290937,CPI-SYN-943542,Critical rule violation or total mismatch
de58066e-e621-4eb5-8d72-bb21caeda2b4,CAT-ELC,NOT_EQUIVALENT,CPI-SYN-420111,BUS-SYN-403881,Critical rule violation or total mismatch
eb5a0c3d-6765-465b-a975-8365ac914bef,CAT-FLG,NOT_EQUIVALENT,AHM-SYN-287427,CPI-SYN-904096,Critical rule violation or total mismatch
9617ff32-a346-411b-b56b-60b022da3598,CAT-INS,NOT_EQUIVALENT,GME-SYN-584827,BUS-SYN-313101,Critical rule violation or total mismatch
541bd3a2-f667-43c9-9595-432878601c97,CAT-VLV,NOT_EQUIVALENT,AHM-SYN-299961,CPI-SYN-877396,Critical rule violation or total mismatch
35a41421-1df3-4714-822d-03a3ac1a3e77,CAT-CBL,NOT_EQUIVALENT,NEC-SYN-463972,CPI-SYN-620839,Critical rule violation or total mismatch
b2aeb0d8-19bd-4f5d-bdc1-54c7546a2c54,CAT-MTR,NOT_EQUIVALENT,NEC-SYN-326905,CPI-SYN-655661,Critical rule violation or total mismatch
fda87644-e6f3-4241-bb37-c7ab00514c29,CAT-INS,NOT_EQUIVALENT,CPI-SYN-472974,CPI-SYN-945690,Critical rule violation or total mismatch
aa253706-d1c4-460a-b605-e43d802b8695,CAT-PIP,NOT_EQUIVALENT,CPI-SYN-967892,NEC-SYN-345390,Critical rule violation or total mismatch
4b1cd39f-3e3e-4112-ae7b-8a64b014e30c,CAT-BRG,NOT_EQUIVALENT,CPI-SYN-541728,GME-SYN-915407,Critical rule violation or total mismatch
b22158c4-5908-42de-beda-8c05592f7d02,CAT-FLG,NOT_EQUIVALENT,AHM-SYN-683515,GME-SYN-183431,Critical rule violation or total mismatch
4af69a1c-438c-4f6d-b892-ff0ace4eaf0d,CAT-MTR,NOT_EQUIVALENT,AHM-SYN-270728,NEC-SYN-165592,Critical rule violation or total mismatch
80ab7e40-00da-4f21-a195-13339e2a3ad0,CAT-ELC,NOT_EQUIVALENT,AHM-SYN-540849,NEC-SYN-747327,Critical rule violation or total mismatch
4522cca1-5a78-482b-84fa-549a4d1e2cf8,CAT-ELC,NOT_EQUIVALENT,NEC-SYN-544435,CPI-SYN-870750,Critical rule violation or total mismatch
117db270-7ff6-4860-aba3-c10a5bc5f6df,CAT-PPE,NOT_EQUIVALENT,CPI-SYN-982266,AHM-SYN-743263,Critical rule violation or total mismatch
2449d745-11cd-4aa4-b407-e9d0ee1bff60,CAT-INS,NOT_EQUIVALENT,NEC-SYN-717569,GME-SYN-390918,Critical rule violation or total mismatch
458b0dd0-3957-4712-bee7-43765c8913c4,CAT-LUB,NOT_EQUIVALENT,AHM-SYN-217107,GME-SYN-329713,Critical rule violation or total mismatch
dad337cd-1516-473e-a41d-47fb46ce47bb,CAT-PMP,NOT_EQUIVALENT,BUS-SYN-660508,GME-SYN-535099,Critical rule violation or total mismatch
8cf858f0-18ad-4bdf-b963-a6d5d75a2f77,CAT-ELC,NOT_EQUIVALENT,AHM-SYN-984824,AHM-SYN-786858,Critical rule violation or total mismatch
1059b7a0-f6f8-4261-bcdf-a28bfc4f3fef,CAT-GSK,NOT_EQUIVALENT,GME-SYN-651630,GME-SYN-532152,Critical rule violation or total mismatch
9cb3d97d-1f19-496a-a9f0-0584a5997c1b,CAT-FST,NOT_EQUIVALENT,BUS-SYN-525986,BUS-SYN-522342,Critical rule violation or total mismatch
e300f497-37e8-4a07-9070-3f36caa99a41,CAT-FLG,NOT_EQUIVALENT,NEC-SYN-970128,AHM-SYN-544334,Critical rule violation or total mismatch
26638461-f234-4d1a-ba5a-b4000ccf15ed,CAT-PMP,NOT_EQUIVALENT,GME-SYN-532047,CPI-SYN-145008,Critical rule violation or total mismatch
500c7e1b-1a2b-4d69-8b21-e28929ddf9f4,CAT-BRG,NOT_EQUIVALENT,BUS-SYN-180158,BUS-SYN-162102,Critical rule violation or total mismatch
3401bdd2-5ae0-47b7-8670-88949df25f8e,CAT-BRG,NOT_EQUIVALENT,AHM-SYN-774581,CPI-SYN-621779,Critical rule violation or total mismatch
a8417df5-1cb8-4631-8e0f-075e5ad2bf69,CAT-PMP,NOT_EQUIVALENT,GME-SYN-418863,CPI-SYN-509317,Critical rule violation or total mismatch
09cb8ff1-12ab-4c40-b747-362693235f8f,CAT-MTR,NOT_EQUIVALENT,NEC-SYN-790054,NEC-SYN-558952,Critical rule violation or total mismatch
0763ac14-f919-44a1-8c9a-f9b4c49224e5,CAT-FLG,NOT_EQUIVALENT,CPI-SYN-215369,BUS-SYN-713524,Critical rule violation or total mismatch
01d78822-cb96-4e39-8f62-5f1941659f2b,CAT-LUB,NOT_EQUIVALENT,CPI-SYN-347186,AHM-SYN-480729,Critical rule violation or total mismatch
b1540d25-5026-4c18-b700-27cee88ae892,CAT-BRG,NOT_EQUIVALENT,CPI-SYN-258482,NEC-SYN-963257,Critical rule violation or total mismatch
4675869a-b5d2-407a-a6d5-36e402d2364c,CAT-MTR,NOT_EQUIVALENT,AHM-SYN-556078,AHM-SYN-378546,Critical rule violation or total mismatch
7a182a5e-3577-497f-ac19-fd1bc909ff6f,CAT-GSK,NOT_EQUIVALENT,GME-SYN-731238,GME-SYN-748995,Critical rule violation or total mismatch
6ef43392-75f8-4966-9812-360bd94c2195,CAT-BRG,NOT_EQUIVALENT,NEC-SYN-160245,NEC-SYN-845664,Critical rule violation or total mismatch
91d19dba-3851-4a96-81c4-76bf0370119a,CAT-PPE,NOT_EQUIVALENT,GME-SYN-213959,CPI-SYN-983427,Critical rule violation or total mismatch
8a708051-7f7d-43e0-8d2e-959a60b27b71,CAT-VLV,NOT_EQUIVALENT,BUS-SYN-378424,GME-SYN-641476,Critical rule violation or total mismatch
9651c877-cb04-4785-90aa-41d218f50561,CAT-PIP,NOT_EQUIVALENT,BUS-SYN-198308,CPI-SYN-681453,Critical rule violation or total mismatch
8b9041d8-b487-427d-bd3e-4a65b90b7bbe,CAT-LUB,NOT_EQUIVALENT,BUS-SYN-923537,AHM-SYN-879740,Critical rule violation or total mismatch
3b66949d-a185-4645-a126-97398899dd60,CAT-INS,NOT_EQUIVALENT,CPI-SYN-952297,AHM-SYN-704193,Critical rule violation or total mismatch
bfefc282-5bb2-47ad-8865-52a5a38105d6,CAT-PIP,NOT_EQUIVALENT,GME-SYN-824565,NEC-SYN-943773,Critical rule violation or total mismatch
889a03bc-3e0f-44f1-9adb-f30aa4c5acd1,CAT-MTR,NOT_EQUIVALENT,GME-SYN-344175,NEC-SYN-989097,Critical rule violation or total mismatch
8b6ff175-7cfd-43bd-99de-483cedac66ed,CAT-BRG,NOT_EQUIVALENT,BUS-SYN-849860,AHM-SYN-579302,Critical rule violation or total mismatch
c53e1e25-1711-46fd-8caa-b30365d6c853,CAT-BRG,NOT_EQUIVALENT,GME-SYN-911057,CPI-SYN-793896,Critical rule violation or total mismatch
da19f5a6-6ef8-4122-8af9-96f02c550892,CAT-LUB,NOT_EQUIVALENT,GME-SYN-429466,GME-SYN-371064,Critical rule violation or total mismatch
907f85d5-d5c7-4b09-8b33-aa8992dc8efc,CAT-PIP,NOT_EQUIVALENT,CPI-SYN-606065,NEC-SYN-704160,Critical rule violation or total mismatch
a5c03f7e-6f3a-468b-91ba-ab94aa312225,CAT-FLG,NOT_EQUIVALENT,NEC-SYN-828922,BUS-SYN-469764,Critical rule violation or total mismatch
88453692-dc42-4d79-adda-03d66fd0b331,CAT-MTR,NOT_EQUIVALENT,AHM-SYN-716315,GME-SYN-560760,Critical rule violation or total mismatch
01174077-4d8c-4833-b2d8-4ea3f5ded456,CAT-GSK,NOT_EQUIVALENT,AHM-SYN-667203,AHM-SYN-951039,Critical rule violation or total mismatch
9bc81074-9a79-409f-abbc-65be3d77f816,CAT-VLV,NOT_EQUIVALENT,GME-SYN-894359,BUS-SYN-244573,Critical rule violation or total mismatch
ca920a83-4080-4606-9009-8ac7a21b4934,CAT-CBL,RELATED,NEC-SYN-496665,NEC-SYN-430156,"Similar item, different subclass"
ee7c76ef-e90b-4699-baba-110bef33e9e9,CAT-MTR,RELATED,CPI-SYN-108502,AHM-SYN-548342,"Similar item, different subclass"
96e6f0f1-a678-4696-a70c-6e0094ef3f31,CAT-PIP,RELATED,CPI-SYN-166606,CPI-SYN-383786,"Similar item, different subclass"
474a7a25-f3e4-461e-a5a4-26969b4fa652,CAT-MTR,RELATED,BUS-SYN-527819,NEC-SYN-293995,"Similar item, different subclass"
090691fb-2638-444e-9012-e4acf8fedbe4,CAT-INS,RELATED,AHM-SYN-378293,AHM-SYN-589777,"Similar item, different subclass"
b432610e-2610-4550-89dd-2143ba64a680,CAT-VLV,RELATED,NEC-SYN-404117,CPI-SYN-248659,"Similar item, different subclass"
3c8d10f6-3c2f-4dd1-b76e-f7e728a40ffe,CAT-BRG,RELATED,CPI-SYN-168228,CPI-SYN-254507,"Similar item, different subclass"
8dc15507-2d2c-4c7b-aa78-6104530b29c2,CAT-GSK,RELATED,CPI-SYN-361310,GME-SYN-837206,"Similar item, different subclass"
6f002069-6511-4857-bc95-89671148849d,CAT-VLV,RELATED,AHM-SYN-533951,NEC-SYN-764970,"Similar item, different subclass"
af0e7fd2-594d-4bf6-b3d1-50c836b240ad,CAT-VLV,RELATED,AHM-SYN-734087,CPI-SYN-241553,"Similar item, different subclass"
5e340fb3-560a-4332-95fc-558c7ce70821,CAT-PPE,RELATED,CPI-SYN-456767,AHM-SYN-248406,"Similar item, different subclass"
2facd802-ca8a-4da4-a2b0-c386d86b6813,CAT-FLG,RELATED,BUS-SYN-914411,GME-SYN-981044,"Similar item, different subclass"
296fb547-d4e3-46a5-a7fe-11ed7d23d53b,CAT-MTR,RELATED,NEC-SYN-985273,BUS-SYN-411787,"Similar item, different subclass"
8502c540-1fe4-4cb2-b052-650e35ea7100,CAT-PMP,RELATED,CPI-SYN-733321,AHM-SYN-487453,"Similar item, different subclass"
1ad187c3-1e6e-4046-b531-422bf91f8cb4,CAT-GSK,RELATED,GME-SYN-374933,GME-SYN-518383,"Similar item, different subclass"
5e94da68-c5c8-460a-820f-9d036219ab5e,CAT-BRG,RELATED,AHM-SYN-402357,BUS-SYN-430231,"Similar item, different subclass"
19ee1fa8-3221-459b-a44e-28ed44228c78,CAT-PPE,RELATED,CPI-SYN-673045,NEC-SYN-646603,"Similar item, different subclass"
a97d3e95-8f5d-4239-b818-3cd75bed1ff1,CAT-PMP,RELATED,NEC-SYN-138454,NEC-SYN-179780,"Similar item, different subclass"
3d2366e6-8044-492f-a696-a753e36fc7a3,CAT-PIP,RELATED,AHM-SYN-484587,GME-SYN-700040,"Similar item, different subclass"
e9cac015-9175-471d-8381-b4f0c9e72223,CAT-PIP,RELATED,GME-SYN-223671,CPI-SYN-503257,"Similar item, different subclass"
cc35249d-5203-4482-963e-828d82284aed,CAT-INS,RELATED,NEC-SYN-913542,CPI-SYN-229804,"Similar item, different subclass"
1159dc2c-745a-48cb-8732-61f26d910d6a,CAT-PPE,RELATED,AHM-SYN-642490,NEC-SYN-716586,"Similar item, different subclass"
fd8aed1d-ffbd-4bea-913b-73561e7cb045,CAT-ELC,RELATED,NEC-SYN-759844,CPI-SYN-327635,"Similar item, different subclass"
70850246-b541-4079-a2d3-c10ba4b6bb06,CAT-VLV,RELATED,GME-SYN-755127,GME-SYN-217784,"Similar item, different subclass"
e73f58a6-8e86-412d-abd2-8c9b6cbfc733,CAT-BRG,RELATED,AHM-SYN-750524,NEC-SYN-494832,"Similar item, different subclass"
e5d461b0-3420-479d-8aa7-b8431663089b,CAT-LUB,RELATED,CPI-SYN-346911,NEC-SYN-915237,"Similar item, different subclass"
5c446f4f-87a5-4bc1-b42e-c9490f21ddad,CAT-FLG,RELATED,AHM-SYN-265851,AHM-SYN-573053,"Similar item, different subclass"
8b9dfde5-4f09-4877-9406-3ade199fda0f,CAT-PMP,RELATED,NEC-SYN-123473,CPI-SYN-759091,"Similar item, different subclass"
ebd0cfae-4941-4a05-a324-207151b76c3b,CAT-LUB,RELATED,BUS-SYN-353271,AHM-SYN-611584,"Similar item, different subclass"
2b5608cb-17f6-45ca-a2ff-cd97e75448d8,CAT-FLG,RELATED,BUS-SYN-797146,AHM-SYN-594201,"Similar item, different subclass"
6b6a6632-ae6d-4f6f-868a-80c9e9f3abe8,CAT-PPE,RELATED,BUS-SYN-720990,CPI-SYN-877092,"Similar item, different subclass"
742d57d4-0148-4d16-8abf-6ef3bc125109,CAT-BRG,RELATED,AHM-SYN-903516,AHM-SYN-683528,"Similar item, different subclass"
1ec8aed6-8608-485d-a3ac-9280495ee5e0,CAT-BRG,RELATED,GME-SYN-627058,GME-SYN-653662,"Similar item, different subclass"
97acde78-9e3f-460a-adb7-8336b189afad,CAT-FLG,RELATED,BUS-SYN-917745,GME-SYN-908484,"Similar item, different subclass"
d391cfd3-cac5-44ec-8e20-6ecd5c01e14f,CAT-PMP,RELATED,BUS-SYN-619426,GME-SYN-386394,"Similar item, different subclass"
8bbe7b28-bf46-4540-af76-ae92b582fc32,CAT-PMP,RELATED,CPI-SYN-468612,NEC-SYN-634919,"Similar item, different subclass"
1b5c9464-6fc7-4589-b4d1-0bafd2b45acf,CAT-LUB,RELATED,BUS-SYN-559555,AHM-SYN-574922,"Similar item, different subclass"
6b24dc9b-ce5e-4946-8542-2f345aef049c,CAT-FST,RELATED,NEC-SYN-940199,NEC-SYN-871679,"Similar item, different subclass"
621a0c70-ffb8-49da-a8fb-4aa234e3a1fc,CAT-PIP,RELATED,NEC-SYN-259685,BUS-SYN-440879,"Similar item, different subclass"
66395174-b052-4abb-80ea-8d0b5c786b4d,CAT-ELC,RELATED,BUS-SYN-872533,NEC-SYN-427486,"Similar item, different subclass"
a49fad24-754d-4826-83c7-6d385f8c1f1e,CAT-VLV,RELATED,AHM-SYN-698076,BUS-SYN-215581,"Similar item, different subclass"
5b1a56ea-9c45-40dd-aff4-5e169078969f,CAT-FST,RELATED,GME-SYN-476738,NEC-SYN-727206,"Similar item, different subclass"
26153e87-2621-4c3f-b25f-379d61de0429,CAT-VLV,RELATED,NEC-SYN-249537,AHM-SYN-317446,"Similar item, different subclass"
6ca3b142-5298-495f-919e-aaeb8d346425,CAT-ELC,RELATED,NEC-SYN-113710,BUS-SYN-546546,"Similar item, different subclass"
18b9a767-ad41-46c5-aa84-58032f269fbc,CAT-PIP,RELATED,BUS-SYN-140220,GME-SYN-509782,"Similar item, different subclass"
9b9d9696-e38c-4878-a41e-4a8c975d2112,CAT-CBL,RELATED,CPI-SYN-672470,CPI-SYN-383191,"Similar item, different subclass"
23dbdac8-5d16-441e-aeea-52e60df8b5a9,CAT-FLG,RELATED,AHM-SYN-905056,AHM-SYN-553272,"Similar item, different subclass"
9a940efa-bbb7-49f1-bdcf-86ee0df797ec,CAT-FST,RELATED,NEC-SYN-316531,BUS-SYN-687006,"Similar item, different subclass"
9a3da3c4-6f71-411e-af02-1d6c9a9bfded,CAT-VLV,RELATED,AHM-SYN-724105,NEC-SYN-870643,"Similar item, different subclass"
d36acd3a-43ac-4958-a203-f05fff07915f,CAT-VLV,RELATED,AHM-SYN-115076,CPI-SYN-267500,"Similar item, different subclass"
d2488c13-dd28-4b96-81d5-75c491adb184,CAT-INS,RELATED,GME-SYN-163324,GME-SYN-809942,"Similar item, different subclass"
7345d459-75d3-4068-a675-7b640fba1419,CAT-LUB,RELATED,AHM-SYN-316206,CPI-SYN-968495,"Similar item, different subclass"
f0ab415a-7a32-473b-b1c9-5ce9b6e265c9,CAT-LUB,RELATED,CPI-SYN-717324,BUS-SYN-179017,"Similar item, different subclass"
e5dc398c-c91c-4f7c-8e0c-62918bafc494,CAT-CBL,RELATED,AHM-SYN-604487,GME-SYN-481056,"Similar item, different subclass"
f47d2583-50ad-4385-9148-a1e75b3b8a79,CAT-INS,RELATED,AHM-SYN-639481,AHM-SYN-910086,"Similar item, different subclass"
bba5a453-d3c7-4bf2-8359-c20af0042a47,CAT-PIP,RELATED,GME-SYN-249769,CPI-SYN-124905,"Similar item, different subclass"
e87a960b-36b1-4365-9a53-8a69505af77e,CAT-FST,RELATED,GME-SYN-629759,CPI-SYN-135798,"Similar item, different subclass"
44725f77-4d39-455e-82d9-cb9d0e952856,CAT-GSK,RELATED,GME-SYN-690574,AHM-SYN-533089,"Similar item, different subclass"
dcd30090-259f-4b97-8921-7e3f6b35479c,CAT-CBL,RELATED,GME-SYN-390121,NEC-SYN-748036,"Similar item, different subclass"
b7f94a49-9e7c-4795-a1b8-9d4467fc1b5f,CAT-LUB,RELATED,GME-SYN-320188,BUS-SYN-751008,"Similar item, different subclass"
209709ca-c103-4266-8b8d-0635879d3b8d,CAT-PIP,RELATED,GME-SYN-801494,GME-SYN-629837,"Similar item, different subclass"
3f69af61-2121-4d2d-b849-3694a2c06657,CAT-VLV,RELATED,AHM-SYN-200063,CPI-SYN-728992,"Similar item, different subclass"
4d1caba1-002b-4b4e-a458-42f74ccd8741,CAT-ELC,RELATED,BUS-SYN-874514,CPI-SYN-125502,"Similar item, different subclass"
767de8dc-f6a7-47da-ad92-60d9ca347b66,CAT-GSK,RELATED,NEC-SYN-326148,GME-SYN-140976,"Similar item, different subclass"
5d770495-e869-4422-882b-bcc49b579113,CAT-MTR,RELATED,NEC-SYN-106620,BUS-SYN-847417,"Similar item, different subclass"
21fa2715-076d-4ad6-a593-787028acac00,CAT-PPE,RELATED,AHM-SYN-628807,GME-SYN-503958,"Similar item, different subclass"
379b1b68-2169-4f15-b931-aee5dedc73f9,CAT-ELC,RELATED,CPI-SYN-908895,AHM-SYN-991147,"Similar item, different subclass"
de542a8c-ced1-44b5-a933-a00db4cbda17,CAT-FLG,RELATED,CPI-SYN-425110,GME-SYN-902696,"Similar item, different subclass"
a1b7f969-fa38-4c3a-88bc-de9048c24a0f,CAT-CBL,RELATED,BUS-SYN-635147,CPI-SYN-569666,"Similar item, different subclass"
17d14977-2f97-4fa2-ad7b-35ae908bab05,CAT-LUB,RELATED,AHM-SYN-900618,NEC-SYN-923934,"Similar item, different subclass"
cd4f60ae-a5c6-4b75-826d-b6453afd1d44,CAT-VLV,RELATED,BUS-SYN-229117,BUS-SYN-711063,"Similar item, different subclass"
d1692e27-5e42-4d68-ad38-dbc00a71bc3c,CAT-PPE,RELATED,BUS-SYN-647883,NEC-SYN-130037,"Similar item, different subclass"
b4b770a1-e69c-4dad-98c3-0affcbea1d34,CAT-VLV,RELATED,AHM-SYN-145289,CPI-SYN-701760,"Similar item, different subclass"
59ef2b7f-bf40-4747-addd-68a32aeccfa6,CAT-BRG,RELATED,AHM-SYN-650924,AHM-SYN-745060,"Similar item, different subclass"
49f913ce-7fb1-4732-9914-07c2bf7e6d98,CAT-VLV,RELATED,GME-SYN-264239,CPI-SYN-306378,"Similar item, different subclass"
e7810b86-5402-44d7-b4f6-25b404fd524a,CAT-FST,RELATED,AHM-SYN-559107,AHM-SYN-484858,"Similar item, different subclass"
1a7e5990-4470-4f0a-b2ad-953124918844,CAT-PPE,RELATED,GME-SYN-496319,AHM-SYN-507712,"Similar item, different subclass"
6070b111-c908-4494-a3e3-4c286b5bc6cc,CAT-VLV,RELATED,CPI-SYN-348236,BUS-SYN-973403,"Similar item, different subclass"
09b504a7-da72-46ae-bcaa-be00dca2a33a,CAT-ELC,RELATED,NEC-SYN-851784,NEC-SYN-946687,"Similar item, different subclass"
c97e9006-d40e-4e22-98f8-5c648b786fa4,CAT-BRG,RELATED,NEC-SYN-703353,GME-SYN-101590,"Similar item, different subclass"
3b3a141c-fa8b-462f-af9b-efdb7f43b26e,CAT-CBL,RELATED,GME-SYN-362316,CPI-SYN-309492,"Similar item, different subclass"
da7df8fe-8246-4e0b-9eed-c4bd1e0da802,CAT-PMP,RELATED,BUS-SYN-636579,CPI-SYN-339631,"Similar item, different subclass"
e511c3e1-89df-439a-9b2d-b7d9777a4b65,CAT-INS,RELATED,NEC-SYN-187723,BUS-SYN-449054,"Similar item, different subclass"
a7f9c2f1-c1dd-4cb6-bf76-044e7faf0ad7,CAT-MTR,RELATED,NEC-SYN-993532,AHM-SYN-537308,"Similar item, different subclass"
6ba123b9-701c-4b3b-b9f0-0687b4bd72ea,CAT-PIP,RELATED,AHM-SYN-791118,GME-SYN-809941,"Similar item, different subclass"
c60a4663-32d3-45b7-9659-da173e21f78d,CAT-VLV,RELATED,AHM-SYN-648251,NEC-SYN-554674,"Similar item, different subclass"
6bf23ba4-8a27-4ec4-ac1a-7e82e8c0d8b0,CAT-CBL,RELATED,AHM-SYN-340913,GME-SYN-305105,"Similar item, different subclass"
fedcf02f-502e-4b9d-9360-958086eebe06,CAT-FLG,RELATED,GME-SYN-204004,CPI-SYN-341359,"Similar item, different subclass"
d10563a1-3d9a-469f-b820-eb2a5b8ab49e,CAT-FST,RELATED,GME-SYN-734841,AHM-SYN-304058,"Similar item, different subclass"
6cf10e87-067b-471a-9a1a-f7b581d4abfd,CAT-MTR,RELATED,GME-SYN-589024,AHM-SYN-648679,"Similar item, different subclass"
9ee7bbba-824c-4890-a9dd-66c1be3c2ef8,CAT-GSK,RELATED,CPI-SYN-825868,AHM-SYN-905244,"Similar item, different subclass"
26632d8c-78d1-421c-a96c-f3f0489db33b,CAT-GSK,RELATED,CPI-SYN-158948,BUS-SYN-790712,"Similar item, different subclass"
e55570c6-9127-40d7-9215-7b3905079e74,CAT-BRG,RELATED,GME-SYN-889192,AHM-SYN-164777,"Similar item, different subclass"
0bab0299-80e1-4dc1-b516-9a79f4d22dde,CAT-PIP,RELATED,NEC-SYN-285415,BUS-SYN-680974,"Similar item, different subclass"
34a61642-7dce-4b70-bce1-da321938e4ae,CAT-INS,RELATED,AHM-SYN-469593,GME-SYN-523464,"Similar item, different subclass"
801e7701-97be-4a51-b4e3-a181dbdb92cb,CAT-PIP,RELATED,BUS-SYN-283247,BUS-SYN-504198,"Similar item, different subclass"
e9e06509-bbf3-430b-bfbd-dadcdc493d14,CAT-ELC,RELATED,CPI-SYN-189320,NEC-SYN-350148,"Similar item, different subclass"
bd7e05a3-a2ca-48cb-b703-790598907e61,CAT-FLG,RELATED,CPI-SYN-205643,BUS-SYN-551753,"Similar item, different subclass"
f66d3f83-518c-48de-97e0-596d8f86914e,CAT-PPE,RELATED,NEC-SYN-678387,GME-SYN-467847,"Similar item, different subclass"
f722835e-6613-4416-86a3-ff1d8c4d5c11,CAT-LUB,RELATED,CPI-SYN-404969,NEC-SYN-964183,"Similar item, different subclass"
0ad544b0-e651-47ca-864f-3d59b2a66815,CAT-PMP,RELATED,CPI-SYN-164020,BUS-SYN-543497,"Similar item, different subclass"
feceff64-9fca-48fc-a5e8-40ba796ba007,CAT-INS,RELATED,GME-SYN-766043,AHM-SYN-412421,"Similar item, different subclass"
e4ab1f77-e084-49d6-8c4a-b6d2ca6a722d,CAT-ELC,RELATED,CPI-SYN-546141,AHM-SYN-213072,"Similar item, different subclass"
4ab9d68f-d04e-48bf-8e2f-855e9d821339,CAT-PMP,RELATED,NEC-SYN-466977,CPI-SYN-427702,"Similar item, different subclass"
415a08f7-b3ef-4b73-85f9-19680f0be3fc,CAT-FLG,RELATED,CPI-SYN-635665,GME-SYN-157036,"Similar item, different subclass"
9f0f64af-8aed-4195-ac36-b7cdcc335fb8,CAT-PPE,RELATED,CPI-SYN-797057,GME-SYN-298164,"Similar item, different subclass"
9d55193f-bc46-48ac-be0f-c08e62faf59e,CAT-PPE,RELATED,CPI-SYN-210711,AHM-SYN-450492,"Similar item, different subclass"
42cdfe74-9f32-4964-beda-9abf72d0a94b,CAT-PPE,RELATED,BUS-SYN-386921,AHM-SYN-299158,"Similar item, different subclass"
e58a50a3-1de9-4657-8980-e965af7e88c6,CAT-FLG,RELATED,CPI-SYN-957671,NEC-SYN-482199,"Similar item, different subclass"
e1d1fdb3-a6f4-4222-a4ac-d246bbf31229,CAT-PIP,RELATED,BUS-SYN-227859,BUS-SYN-988079,"Similar item, different subclass"
750fbd40-12b0-4fc1-9ed3-cb020296ae83,CAT-VLV,RELATED,GME-SYN-298307,NEC-SYN-518313,"Similar item, different subclass"
640284cb-1452-4a17-87f4-99475cd6c2f9,CAT-LUB,RELATED,GME-SYN-404658,CPI-SYN-447095,"Similar item, different subclass"
dc7db91a-9c18-4e55-94ad-5c9b0235eb06,CAT-CBL,RELATED,NEC-SYN-266828,NEC-SYN-719857,"Similar item, different subclass"
f304a626-68ca-461a-a711-ffb73930d008,CAT-ELC,RELATED,GME-SYN-923655,GME-SYN-458538,"Similar item, different subclass"
d95be634-df0c-4a1f-b984-3b154aaf1fac,CAT-ELC,RELATED,GME-SYN-278271,NEC-SYN-830547,"Similar item, different subclass"
628d4b68-b69f-4d60-8d0f-e07d87170754,CAT-FLG,RELATED,NEC-SYN-595993,GME-SYN-558922,"Similar item, different subclass"
eac56c10-eb98-424c-a60b-1f6400edb2b7,CAT-FST,RELATED,CPI-SYN-964273,AHM-SYN-546671,"Similar item, different subclass"
2cdcdd45-0928-4d07-b45c-8c08c0718e6d,CAT-PIP,RELATED,AHM-SYN-680939,AHM-SYN-676060,"Similar item, different subclass"
340756cd-2e54-4758-958e-59a377c59ac4,CAT-ELC,RELATED,AHM-SYN-552844,AHM-SYN-758864,"Similar item, different subclass"
5aaa769c-ff6b-425d-b922-47ee99cd6d87,CAT-FLG,RELATED,NEC-SYN-705987,CPI-SYN-309633,"Similar item, different subclass"
1c775e47-550c-4879-bea9-a110da660517,CAT-CBL,RELATED,GME-SYN-233959,NEC-SYN-264909,"Similar item, different subclass"
d37d1d46-f21c-4a3e-82b6-033ca1eaff60,CAT-VLV,RELATED,CPI-SYN-610991,AHM-SYN-764418,"Similar item, different subclass"
94cc10ab-29af-403f-807a-2469df348b94,CAT-BRG,RELATED,CPI-SYN-326226,NEC-SYN-641826,"Similar item, different subclass"
0d1e17a4-bd7f-4cba-bb2f-7621adc2fc6e,CAT-CBL,RELATED,BUS-SYN-383468,CPI-SYN-736965,"Similar item, different subclass"
e311d5a3-2474-4984-9162-c42d51ddfb6d,CAT-PPE,RELATED,AHM-SYN-926868,CPI-SYN-524875,"Similar item, different subclass"
ac877a3f-0c22-4ea9-9666-0fbccdb5f6e7,CAT-BRG,RELATED,CPI-SYN-589399,NEC-SYN-526497,"Similar item, different subclass"
42102fb8-bf83-44be-8722-89d56313ecf6,CAT-VLV,RELATED,NEC-SYN-946299,NEC-SYN-829627,"Similar item, different subclass"
d5fb2796-dabe-4224-9508-7ef4f0b44b5a,CAT-BRG,RELATED,CPI-SYN-471207,AHM-SYN-581584,"Similar item, different subclass"
85db6dec-5d71-4afb-a8c9-1976063ef7cf,CAT-PPE,RELATED,NEC-SYN-579866,CPI-SYN-437049,"Similar item, different subclass"
b8d7e878-a293-49be-a63b-99386bd1c3ee,CAT-INS,RELATED,GME-SYN-633485,CPI-SYN-708673,"Similar item, different subclass"
53ffb754-24d4-4565-b1d8-cef73de656b7,CAT-CBL,RELATED,NEC-SYN-214404,BUS-SYN-477578,"Similar item, different subclass"
eb9aac5f-e90b-4d01-ac65-e99f2268c7d3,CAT-MTR,RELATED,CPI-SYN-461691,AHM-SYN-571198,"Similar item, different subclass"
492b40d7-998b-4953-85b8-c2c1d1cb742c,CAT-VLV,RELATED,AHM-SYN-505406,AHM-SYN-534540,"Similar item, different subclass"
d4f3985f-3cf6-483c-90e3-838dc1913d82,CAT-LUB,RELATED,CPI-SYN-629814,CPI-SYN-880185,"Similar item, different subclass"
0980384e-b22d-406b-b0e6-046913f1e26d,CAT-PPE,RELATED,AHM-SYN-958068,CPI-SYN-631336,"Similar item, different subclass"
8b2fbbc3-c0b4-454e-8606-f5fee0582a63,CAT-ELC,RELATED,AHM-SYN-983182,AHM-SYN-609337,"Similar item, different subclass"
1ed93a8e-7838-46a9-afd5-4f98c713d759,CAT-PIP,RELATED,GME-SYN-405187,BUS-SYN-920897,"Similar item, different subclass"
044f00c5-dac8-42cb-a48c-9dca9a2870ec,CAT-INS,RELATED,BUS-SYN-644982,BUS-SYN-193057,"Similar item, different subclass"
d9e8c1df-7e6f-49bc-ac3d-7d91af893e3f,CAT-PPE,RELATED,CPI-SYN-488092,NEC-SYN-931333,"Similar item, different subclass"
e94f3807-1997-46d3-b3ec-1d74186157dd,CAT-BRG,RELATED,GME-SYN-848876,GME-SYN-641787,"Similar item, different subclass"
8e308f11-a40d-415f-b0fd-9144ffc3b4c3,CAT-PIP,RELATED,BUS-SYN-855924,NEC-SYN-876501,"Similar item, different subclass"
12b82a9b-7956-40c0-87af-b4b04f8aece9,CAT-ELC,RELATED,CPI-SYN-514501,NEC-SYN-694806,"Similar item, different subclass"
4ca1b3b3-0e66-4f76-9268-15846b83d72b,CAT-FST,RELATED,GME-SYN-334560,CPI-SYN-825371,"Similar item, different subclass"
669fa29b-532c-4ac5-ac55-0b7b09fb59fb,CAT-CBL,RELATED,BUS-SYN-287505,BUS-SYN-489695,"Similar item, different subclass"
550abe2c-9330-4a62-924f-1651c7e2426e,CAT-INS,RELATED,AHM-SYN-378752,NEC-SYN-411999,"Similar item, different subclass"
1c2788cf-eac9-4140-a805-7eec745b0757,CAT-BRG,RELATED,CPI-SYN-801255,BUS-SYN-689912,"Similar item, different subclass"
b888354d-22eb-4d29-a5b7-eeebaac5aaae,CAT-FLG,RELATED,AHM-SYN-745926,CPI-SYN-657124,"Similar item, different subclass"
7062d143-08d2-4e9c-baec-8c1464edf010,CAT-ELC,RELATED,CPI-SYN-267928,AHM-SYN-515523,"Similar item, different subclass"
e1012e3a-f77b-4ba4-bc5c-cfe62b094149,CAT-GSK,RELATED,NEC-SYN-850792,GME-SYN-761685,"Similar item, different subclass"
7993a154-70ce-4a00-b9fa-534bde553e86,CAT-PMP,RELATED,GME-SYN-854483,GME-SYN-631744,"Similar item, different subclass"
778f47cf-58c5-4a9c-ba95-f6a8074ec94c,CAT-PIP,RELATED,GME-SYN-712300,AHM-SYN-283328,"Similar item, different subclass"
a2cc663a-a45a-48cb-a6b4-9c6010cddadf,CAT-CBL,RELATED,GME-SYN-417893,CPI-SYN-365041,"Similar item, different subclass"
090e409d-693a-49b9-a66f-8185af88a321,CAT-ELC,RELATED,NEC-SYN-392387,BUS-SYN-850847,"Similar item, different subclass"
b8b0776b-45b7-42f3-abbd-f4635ef9ba18,CAT-CBL,RELATED,CPI-SYN-186838,BUS-SYN-215308,"Similar item, different subclass"
bfdbff69-b496-4621-a7fa-ec0a58f956ee,CAT-INS,RELATED,AHM-SYN-832208,AHM-SYN-489264,"Similar item, different subclass"
d8ccf26f-ba0b-4d2f-874f-4e55646d9670,CAT-ELC,RELATED,NEC-SYN-609161,BUS-SYN-384789,"Similar item, different subclass"
d9a9d15b-e356-41b7-82f9-a2ef569f4de9,CAT-FST,RELATED,GME-SYN-451859,BUS-SYN-291699,"Similar item, different subclass"
54081dfe-1280-4cc4-993b-6f04d21660e2,CAT-PMP,RELATED,GME-SYN-247830,AHM-SYN-525788,"Similar item, different subclass"
8115b532-7808-4641-a3f1-a655695b75b4,CAT-GSK,RELATED,CPI-SYN-979532,GME-SYN-424024,"Similar item, different subclass"
4696c1f6-1a86-4836-8433-56c652ac280d,CAT-PPE,RELATED,CPI-SYN-949913,NEC-SYN-210983,"Similar item, different subclass"
e4246f85-270c-4d4c-aee6-cd302dbc4616,CAT-PIP,RELATED,GME-SYN-413711,GME-SYN-103175,"Similar item, different subclass"
4f2e58ff-d57b-4b67-8cb4-ea5146c9afa5,CAT-INS,RELATED,GME-SYN-364582,GME-SYN-146325,"Similar item, different subclass"
4482d007-c56d-4854-805e-dd0ce5c88af9,CAT-MTR,RELATED,NEC-SYN-124972,BUS-SYN-744717,"Similar item, different subclass"
89867ebb-7977-417c-a2e0-ff2c0078895e,CAT-FST,RELATED,CPI-SYN-848786,NEC-SYN-674724,"Similar item, different subclass"
f9f23e14-8229-4ee1-b233-648a4c3ef716,CAT-FLG,RELATED,CPI-SYN-866986,AHM-SYN-613614,"Similar item, different subclass"
44b5e827-9727-4b41-923e-551ccd85cc5f,CAT-GSK,RELATED,AHM-SYN-908306,CPI-SYN-869267,"Similar item, different subclass"
5fbb75c5-c7f7-40ad-a7c7-7a346e1be8c8,CAT-FST,RELATED,GME-SYN-273733,BUS-SYN-765721,"Similar item, different subclass"
de1d3c57-08ac-4107-a9c6-156c5cddc21a,CAT-ELC,RELATED,BUS-SYN-856564,GME-SYN-820936,"Similar item, different subclass"
c5f35fa9-f53d-45a7-a623-23a6f0002350,CAT-VLV,RELATED,GME-SYN-768329,NEC-SYN-278041,"Similar item, different subclass"
78c6733d-6c21-4507-a07d-133dc1990f6d,CAT-ELC,RELATED,CPI-SYN-740477,AHM-SYN-776217,"Similar item, different subclass"
bb55c3de-b90e-4f35-9356-511ca6a8deb0,CAT-ELC,RELATED,AHM-SYN-967162,CPI-SYN-450971,"Similar item, different subclass"
ba966385-a14e-4d34-b0bf-49435087228b,CAT-PPE,RELATED,CPI-SYN-790994,AHM-SYN-508845,"Similar item, different subclass"
a86e8879-8f29-4c10-9ff1-4ceb1f4e24a9,CAT-PPE,RELATED,AHM-SYN-902330,AHM-SYN-634498,"Similar item, different subclass"
26c45d35-4ddf-448e-bdbc-9b72e95fdbe8,CAT-INS,RELATED,CPI-SYN-460584,GME-SYN-395126,"Similar item, different subclass"
6185eb5b-53ca-4c6e-a677-33bd37693794,CAT-INS,RELATED,GME-SYN-113726,CPI-SYN-976540,"Similar item, different subclass"
fadade86-cf96-4e98-9a59-ecf7436e3844,CAT-FST,RELATED,BUS-SYN-555073,AHM-SYN-737288,"Similar item, different subclass"
5c2d8be0-3515-4da5-b411-7110508f67f8,CAT-CBL,RELATED,BUS-SYN-368246,CPI-SYN-513177,"Similar item, different subclass"
725c89bc-5251-4aae-ae39-52b7a255783c,CAT-ELC,RELATED,NEC-SYN-541790,CPI-SYN-995671,"Similar item, different subclass"
52ea3fde-4e41-4204-b079-1544996cdd20,CAT-VLV,RELATED,GME-SYN-168705,GME-SYN-740495,"Similar item, different subclass"
579230a2-c33a-434a-aacc-59cc287af968,CAT-CBL,RELATED,CPI-SYN-121844,GME-SYN-964719,"Similar item, different subclass"
a2f03f93-d648-4704-9c9b-63734ddcf7ee,CAT-ELC,RELATED,CPI-SYN-215858,GME-SYN-477350,"Similar item, different subclass"
ee9745f8-7cee-4792-9419-214a6f1ae352,CAT-ELC,RELATED,CPI-SYN-733457,NEC-SYN-875929,"Similar item, different subclass"
e8da3bdb-5a5e-449f-a016-872680a5c70a,CAT-CBL,RELATED,BUS-SYN-630321,AHM-SYN-968634,"Similar item, different subclass"
7d898d53-1a3f-4864-aa23-ebf013984804,CAT-BRG,RELATED,BUS-SYN-837147,NEC-SYN-639617,"Similar item, different subclass"
e57531cc-ad4e-4356-bb73-fdf0e343892a,CAT-FLG,RELATED,AHM-SYN-462394,AHM-SYN-242540,"Similar item, different subclass"
8fee94d7-a7ed-4a76-bff7-683944caafa0,CAT-PPE,RELATED,GME-SYN-251572,CPI-SYN-299013,"Similar item, different subclass"
3aa9ea7f-8e76-437f-ad96-87007e96865c,CAT-FLG,RELATED,GME-SYN-618608,CPI-SYN-896742,"Similar item, different subclass"
f857cbc7-f4de-463b-95b5-5f0078cd40eb,CAT-PIP,RELATED,NEC-SYN-120381,AHM-SYN-658949,"Similar item, different subclass"
ad07c5ea-a897-485b-8250-64f448fac746,CAT-PMP,RELATED,NEC-SYN-215168,BUS-SYN-208730,"Similar item, different subclass"
bef568ca-6eb0-4d27-9756-18fcd3df71ae,CAT-PMP,RELATED,CPI-SYN-973344,AHM-SYN-499594,"Similar item, different subclass"
a5dc3139-1d92-40d9-b980-0989e32c9c3c,CAT-MTR,RELATED,GME-SYN-392546,NEC-SYN-822914,"Similar item, different subclass"
003f2753-d2d8-4277-84bd-c74a1a8381ef,CAT-FLG,RELATED,GME-SYN-466072,BUS-SYN-222137,"Similar item, different subclass"
282969ff-0983-4416-b999-a224c718eba4,CAT-PIP,RELATED,BUS-SYN-679672,NEC-SYN-559225,"Similar item, different subclass"
13348d73-51e9-4502-8ba2-6bbcfe3559cc,CAT-INS,RELATED,AHM-SYN-562021,AHM-SYN-666297,"Similar item, different subclass"
14df8b37-135f-4e30-8a77-4b3d7dd2252a,CAT-LUB,RELATED,AHM-SYN-629341,GME-SYN-504317,"Similar item, different subclass"
1bcbfe0a-fce9-49f1-a176-244bba40798b,CAT-FST,RELATED,BUS-SYN-610375,GME-SYN-806508,"Similar item, different subclass"
81ec506b-44e5-486c-8f67-1595f6be7bc5,CAT-INS,RELATED,CPI-SYN-308272,CPI-SYN-851886,"Similar item, different subclass"
3b26c6f8-9df9-4281-a98f-e1fc9d0492a7,CAT-PPE,RELATED,GME-SYN-894042,CPI-SYN-304436,"Similar item, different subclass"
0031b277-2eb0-427f-8031-2744b67bd3cb,CAT-BRG,RELATED,GME-SYN-514231,BUS-SYN-959656,"Similar item, different subclass"
d3e8ee8d-3c8b-4408-a421-d3ad58c3fe83,CAT-FST,RELATED,BUS-SYN-974130,GME-SYN-225284,"Similar item, different subclass"
667be71e-dbc1-4e88-9b4c-0b4967612471,CAT-FLG,RELATED,BUS-SYN-497730,AHM-SYN-275380,"Similar item, different subclass"
249e9cad-8586-4439-b09a-f7cd76e05d77,CAT-PPE,RELATED,AHM-SYN-931109,CPI-SYN-859309,"Similar item, different subclass"
2b9b17d1-e4be-4f34-8d2c-5951908d8917,CAT-GSK,RELATED,BUS-SYN-712696,GME-SYN-253205,"Similar item, different subclass"
1dc54eb0-0139-4cf2-bfde-d07d94788793,CAT-PIP,RELATED,BUS-SYN-884424,BUS-SYN-595475,"Similar item, different subclass"
f50de35e-0ed7-410c-94c7-71fcf58c81cd,CAT-GSK,RELATED,CPI-SYN-299033,CPI-SYN-446857,"Similar item, different subclass"
01f0b5e5-3a93-49d6-a35f-3e28e87b8573,CAT-PPE,RELATED,NEC-SYN-555067,NEC-SYN-250907,"Similar item, different subclass"
36b7ebeb-5321-4e00-a989-0f8971bbf777,CAT-INS,RELATED,BUS-SYN-146961,NEC-SYN-738751,"Similar item, different subclass"
67a4cc79-f45c-405e-8302-f0d6a7dda984,CAT-FLG,RELATED,BUS-SYN-766588,CPI-SYN-969691,"Similar item, different subclass"
0270e0d7-5055-400f-9bc3-d3850de4dda7,CAT-PMP,RELATED,BUS-SYN-255528,GME-SYN-576528,"Similar item, different subclass"
29a20bcc-2720-4355-9902-383d82764128,CAT-ELC,RELATED,GME-SYN-389826,AHM-SYN-207653,"Similar item, different subclass"
c334bfc4-9738-4d61-89ec-544c6b82d808,CAT-PPE,RELATED,NEC-SYN-785678,GME-SYN-691754,"Similar item, different subclass"
3ebcedd0-8528-4e31-8691-8bfbcd52c002,CAT-GSK,RELATED,CPI-SYN-887876,CPI-SYN-557405,"Similar item, different subclass"
c7d0c9c7-13a6-42e3-ae19-9397cd9cb37c,CAT-MTR,RELATED,NEC-SYN-353413,BUS-SYN-965099,"Similar item, different subclass"
b28563fb-5e69-4dde-a323-4a1570b80d8f,CAT-FLG,RELATED,BUS-SYN-674063,NEC-SYN-403681,"Similar item, different subclass"
8766527e-a9d9-4af7-8492-c56d02630521,CAT-MTR,RELATED,NEC-SYN-485979,NEC-SYN-753487,"Similar item, different subclass"
6d4e05c0-2576-4f89-8921-b9906a8c4a2a,CAT-CBL,RELATED,CPI-SYN-431089,GME-SYN-809894,"Similar item, different subclass"
e0817466-de21-4450-9765-e166ddd8d09f,CAT-FLG,RELATED,GME-SYN-106877,NEC-SYN-444119,"Similar item, different subclass"
fa36183f-fabe-4fa4-b192-dc9c045ff59a,CAT-LUB,RELATED,AHM-SYN-677402,CPI-SYN-170457,"Similar item, different subclass"
d2f0a0bc-55cd-463f-ab6d-918808d4ef05,CAT-CBL,RELATED,BUS-SYN-381204,GME-SYN-693127,"Similar item, different subclass"
f9cb4ab9-8f72-4bfa-917a-4a85fd332d72,CAT-CBL,RELATED,CPI-SYN-830610,GME-SYN-216753,"Similar item, different subclass"
1ca58668-a29d-4e4e-b3c9-c04cac240f5a,CAT-VLV,RELATED,BUS-SYN-789433,NEC-SYN-190019,"Similar item, different subclass"
742acead-bc1a-4f94-bd09-2e12170efda9,CAT-MTR,RELATED,CPI-SYN-104393,NEC-SYN-932456,"Similar item, different subclass"
0cce93e6-2a3d-4249-8270-94cd5c541ee2,CAT-FLG,RELATED,AHM-SYN-993769,GME-SYN-948791,"Similar item, different subclass"
d23e0290-1c42-478b-89b8-d4f1146f8a38,CAT-LUB,RELATED,GME-SYN-675256,AHM-SYN-654319,"Similar item, different subclass"
af3f83e0-aa08-4318-81d7-ac1a3b141f5a,CAT-MTR,RELATED,NEC-SYN-847233,NEC-SYN-436822,"Similar item, different subclass"
a8f558b0-d684-4e1d-b1b2-8d07bfa14e7e,CAT-PPE,RELATED,AHM-SYN-897712,BUS-SYN-423402,"Similar item, different subclass"
28d7136e-0da8-4aad-8420-cf6ba72edb67,CAT-FST,RELATED,BUS-SYN-835105,BUS-SYN-422627,"Similar item, different subclass"
b96b084f-1edf-46d7-976b-7825be98779b,CAT-LUB,RELATED,GME-SYN-663598,CPI-SYN-962119,"Similar item, different subclass"
51016569-9e71-4144-8a3d-c56e34235c8a,CAT-CBL,RELATED,BUS-SYN-294726,BUS-SYN-931003,"Similar item, different subclass"
cc22bab1-3099-4f33-970f-9a25728a4974,CAT-LUB,RELATED,BUS-SYN-798212,BUS-SYN-678748,"Similar item, different subclass"
0b52a9be-c362-424b-abe4-8ae008e5fbd0,CAT-LUB,RELATED,AHM-SYN-438701,GME-SYN-390872,"Similar item, different subclass"
6c3f3451-da51-4e2a-bf57-9d143803ea09,CAT-VLV,RELATED,CPI-SYN-678594,GME-SYN-758603,"Similar item, different subclass"
12628053-92f2-41af-8c26-92f710dbee94,CAT-CBL,RELATED,GME-SYN-895338,BUS-SYN-734587,"Similar item, different subclass"
55f5d75e-8a2b-43d6-bcbd-c5ce4f2dbd17,CAT-FST,RELATED,GME-SYN-226089,NEC-SYN-269268,"Similar item, different subclass"
1d660899-4c55-4319-accc-6f7d4584bb97,CAT-GSK,RELATED,NEC-SYN-975401,CPI-SYN-951710,"Similar item, different subclass"
5a83dd50-aee1-40b1-a3b9-1a0eb797bb7d,CAT-ELC,RELATED,GME-SYN-588425,NEC-SYN-709846,"Similar item, different subclass"
f82eab01-1c99-4a03-95f4-1844dca937d1,CAT-LUB,RELATED,AHM-SYN-843397,BUS-SYN-443143,"Similar item, different subclass"
8fef009c-e804-4b52-9815-1ba9497220e6,CAT-CBL,RELATED,NEC-SYN-436451,BUS-SYN-485478,"Similar item, different subclass"
21e01ad3-acbe-421c-9da2-c4961371a3ab,CAT-PIP,RELATED,GME-SYN-782895,GME-SYN-214267,"Similar item, different subclass"
3cd74cd0-4b5e-4fd9-952f-c73216a51d87,CAT-GSK,RELATED,NEC-SYN-286636,GME-SYN-279993,"Similar item, different subclass"
a315a23c-f6dc-4ac7-89eb-694228a9c3da,CAT-PMP,RELATED,NEC-SYN-312919,AHM-SYN-733976,"Similar item, different subclass"
7ef08fde-b3ce-4448-8d0a-e4e8f6ff759a,CAT-MTR,RELATED,BUS-SYN-928797,GME-SYN-329084,"Similar item, different subclass"
5167361e-a3a6-484d-bbce-2e1b3b208536,CAT-GSK,RELATED,GME-SYN-460749,CPI-SYN-644624,"Similar item, different subclass"
6bf64851-f9a7-44f5-8e20-cb7250573a75,CAT-CBL,RELATED,BUS-SYN-429454,CPI-SYN-972551,"Similar item, different subclass"
901b8302-2a13-4fd4-b67e-cd8042459eb9,CAT-LUB,RELATED,CPI-SYN-347397,GME-SYN-223888,"Similar item, different subclass"
03c3dd9e-a3db-40e3-93c3-a326abb45ffb,CAT-PMP,RELATED,NEC-SYN-565763,CPI-SYN-928676,"Similar item, different subclass"
42572276-0989-4537-964e-9df29c6c6dae,CAT-FST,RELATED,CPI-SYN-460046,BUS-SYN-302422,"Similar item, different subclass"
5dfcef03-28f6-4505-b52b-0c175cd18f1c,CAT-BRG,RELATED,BUS-SYN-581604,BUS-SYN-262929,"Similar item, different subclass"
66dc31e0-20b5-492b-81e1-a798e5b9f8ce,CAT-GSK,RELATED,BUS-SYN-720889,CPI-SYN-385062,"Similar item, different subclass"
1b395966-5465-4f68-a757-c570f0ff06e1,CAT-FLG,RELATED,CPI-SYN-427123,GME-SYN-176444,"Similar item, different subclass"
edc790ea-bd6c-456a-bf0c-a54401660515,CAT-BRG,RELATED,CPI-SYN-813318,NEC-SYN-271464,"Similar item, different subclass"
e1981f16-f17d-4ec5-be8e-71c0c0ab17d9,CAT-GSK,RELATED,BUS-SYN-987089,AHM-SYN-156409,"Similar item, different subclass"
85aa489f-567c-476d-94cd-40fbe62d5dc6,CAT-FST,RELATED,AHM-SYN-958828,NEC-SYN-552871,"Similar item, different subclass"
d6c7ad8c-c0d3-4363-b80d-e7e5d5e516a1,CAT-PIP,RELATED,CPI-SYN-216542,NEC-SYN-434634,"Similar item, different subclass"
d02c0a79-5337-4cb7-9e14-efbdb8cd3e50,CAT-LUB,RELATED,NEC-SYN-111140,AHM-SYN-888823,"Similar item, different subclass"
28762a1b-ba61-4c82-87f3-c057f26cb27d,CAT-FLG,RELATED,NEC-SYN-503238,NEC-SYN-958916,"Similar item, different subclass"
cfa3240f-d990-4b27-8cd3-d173737e5f2c,CAT-FST,RELATED,CPI-SYN-164861,BUS-SYN-264005,"Similar item, different subclass"
a398c1c9-548f-4c0d-9b4e-77e57d777edb,CAT-INS,RELATED,NEC-SYN-717769,AHM-SYN-259200,"Similar item, different subclass"
3bd178ea-c019-45e4-ab65-8569ba629550,CAT-INS,RELATED,GME-SYN-738898,NEC-SYN-629719,"Similar item, different subclass"
e6fe83a4-851d-4674-9755-9ef87b8fd516,CAT-CBL,RELATED,AHM-SYN-602006,GME-SYN-646775,"Similar item, different subclass"
a86404c5-7e9b-4f44-a2cf-0d42cba5c436,CAT-CBL,RELATED,GME-SYN-997511,CPI-SYN-711149,"Similar item, different subclass"
f2f35a71-05bf-4512-9134-17c7a1b12318,CAT-PMP,RELATED,NEC-SYN-657183,BUS-SYN-823207,"Similar item, different subclass"
f1f80ce0-ca1d-4f96-9530-128f1a231b9e,CAT-CBL,RELATED,GME-SYN-589095,AHM-SYN-467647,"Similar item, different subclass"
469aa4fc-db4d-4997-a35f-6416f5a29232,CAT-VLV,RELATED,NEC-SYN-296129,GME-SYN-705720,"Similar item, different subclass"
9cc5060d-9135-4214-8ac2-5d0ce9ecc25b,CAT-VLV,RELATED,CPI-SYN-490152,BUS-SYN-808555,"Similar item, different subclass"
4845d88c-c939-447d-8ece-83a0fff15a0b,CAT-LUB,RELATED,GME-SYN-177140,AHM-SYN-660383,"Similar item, different subclass"
9b8e7cb9-51fb-4ed2-9325-96146701d97c,CAT-ELC,RELATED,AHM-SYN-802718,GME-SYN-202745,"Similar item, different subclass"
f3ed8d5a-1f28-46c7-96c1-123438b84f0d,CAT-FLG,RELATED,CPI-SYN-174274,BUS-SYN-848836,"Similar item, different subclass"
c37c8ca3-2978-4374-83ee-3dd17fa3cfce,CAT-ELC,RELATED,NEC-SYN-354956,CPI-SYN-197770,"Similar item, different subclass"
f8972425-c805-4133-8951-e8e61441000c,CAT-GSK,RELATED,AHM-SYN-257259,CPI-SYN-734605,"Similar item, different subclass"
aedd0392-de95-4771-bf09-ce0a71c3e2c9,CAT-PPE,RELATED,NEC-SYN-785071,NEC-SYN-684148,"Similar item, different subclass"
b81f3573-093b-44c8-938f-d0ed8e8d850e,CAT-PIP,RELATED,GME-SYN-237910,GME-SYN-603423,"Similar item, different subclass"
64045dc2-0670-4810-b996-dd700058bf59,CAT-GSK,RELATED,CPI-SYN-968806,NEC-SYN-535585,"Similar item, different subclass"
5a1b9825-7348-4143-9dc9-553786d3863d,CAT-CBL,RELATED,BUS-SYN-111824,NEC-SYN-332396,"Similar item, different subclass"
d3c14759-e23c-4f07-ad10-48b2091d8262,CAT-ELC,RELATED,AHM-SYN-115624,CPI-SYN-585599,"Similar item, different subclass"
0074b0e1-f8f6-4913-9b8b-c79444b9fb69,CAT-FLG,RELATED,BUS-SYN-796304,BUS-SYN-202665,"Similar item, different subclass"
a19adeb9-0704-4ce8-abd7-880aedc3bef1,CAT-PMP,RELATED,BUS-SYN-113794,AHM-SYN-725703,"Similar item, different subclass"
2a6ab581-e379-4274-86c7-9d540e84fa23,CAT-MTR,RELATED,BUS-SYN-962969,NEC-SYN-815565,"Similar item, different subclass"
12640090-040f-44b8-a5ef-8b2193da6481,CAT-LUB,RELATED,GME-SYN-188289,AHM-SYN-710909,"Similar item, different subclass"
76cd645e-bb0b-4530-8edd-c0e1110118fd,CAT-INS,RELATED,NEC-SYN-991763,CPI-SYN-144594,"Similar item, different subclass"
fd036151-4860-427b-a3f9-3d088fcabf06,CAT-INS,RELATED,NEC-SYN-220930,BUS-SYN-939897,"Similar item, different subclass"
a242b5ef-d3c1-4e97-bd88-4fa9f1b7af16,CAT-CBL,RELATED,CPI-SYN-616285,BUS-SYN-236105,"Similar item, different subclass"
6fd08f58-2f11-4d80-981b-f2b7f48a01b5,CAT-CBL,RELATED,GME-SYN-962662,BUS-SYN-155582,"Similar item, different subclass"
640f3dce-aef3-4701-831d-edaf157cfa00,CAT-PPE,RELATED,GME-SYN-702770,BUS-SYN-176040,"Similar item, different subclass"
b30fd902-a5fa-41f0-b564-28acde54653b,CAT-INS,RELATED,AHM-SYN-964842,NEC-SYN-772031,"Similar item, different subclass"
1b21c8d0-da33-4831-8d3a-f5e34e591b37,CAT-PIP,RELATED,NEC-SYN-430359,GME-SYN-357137,"Similar item, different subclass"
9d9cf5f5-5fe8-408e-99ee-bf9d64e02374,CAT-VLV,RELATED,NEC-SYN-590469,AHM-SYN-840054,"Similar item, different subclass"
25215853-89ef-4af1-abad-7f45c70c67a2,CAT-CBL,RELATED,CPI-SYN-722512,BUS-SYN-219411,"Similar item, different subclass"
45ab1968-0642-4672-abe3-6688a5398f51,CAT-PIP,RELATED,BUS-SYN-806828,BUS-SYN-893079,"Similar item, different subclass"
8061b0ce-2fa6-4342-8e81-231ea397ec47,CAT-FST,RELATED,AHM-SYN-731480,NEC-SYN-833609,"Similar item, different subclass"
9cbea886-6f78-44d3-acd3-66385f57f88c,CAT-GSK,RELATED,CPI-SYN-121315,BUS-SYN-899389,"Similar item, different subclass"
84a5a0fc-c190-4830-a7df-0f1d1aec3812,CAT-VLV,RELATED,BUS-SYN-506817,GME-SYN-113416,"Similar item, different subclass"
e9a24c25-1019-4fb3-a029-c8c4470548df,CAT-CBL,RELATED,CPI-SYN-328255,GME-SYN-518595,"Similar item, different subclass"
78cc75e3-44ca-482f-b762-fce059abbcfd,CAT-FLG,RELATED,CPI-SYN-999806,CPI-SYN-334195,"Similar item, different subclass"
1572903e-21b3-4d49-8513-3f2e6ea26ff2,CAT-VLV,RELATED,NEC-SYN-404309,CPI-SYN-340624,"Similar item, different subclass"
ba91d41d-eaab-469b-a358-553e359c0a9a,CAT-GSK,RELATED,BUS-SYN-759029,CPI-SYN-130489,"Similar item, different subclass"
8e5989d0-c0f8-4e0b-9420-ac52cc83130a,CAT-LUB,RELATED,GME-SYN-978850,CPI-SYN-273732,"Similar item, different subclass"
2c228ddb-81a8-4a01-b558-5fc249770785,CAT-FST,RELATED,BUS-SYN-657453,NEC-SYN-595838,"Similar item, different subclass"
206616e4-62d1-426a-9e1e-aaf550bf358e,CAT-GSK,RELATED,NEC-SYN-958718,CPI-SYN-192780,"Similar item, different subclass"
7b4de92b-84d0-4f56-b017-3b5fe264c8be,CAT-ELC,RELATED,BUS-SYN-913204,BUS-SYN-310158,"Similar item, different subclass"
6bd77b73-63b2-42b1-b5e8-f8ac09c804e8,CAT-FST,RELATED,BUS-SYN-852770,CPI-SYN-184909,"Similar item, different subclass"
fc217a69-5d91-4c33-a625-8c83f4784206,CAT-VLV,RELATED,GME-SYN-104081,NEC-SYN-744287,"Similar item, different subclass"
3f452540-31bc-40d7-ae45-96ea937ad0fb,CAT-PIP,RELATED,CPI-SYN-845373,NEC-SYN-417471,"Similar item, different subclass"
b98d60af-d3f9-4fcf-9ccc-78451b78c33e,CAT-LUB,RELATED,GME-SYN-691816,AHM-SYN-486021,"Similar item, different subclass"
f35bc63a-5ed3-4c01-ad63-f7efd5da0aee,CAT-CBL,RELATED,NEC-SYN-413887,GME-SYN-986212,"Similar item, different subclass"
4201e0f6-031a-4717-a676-9d263bb73d5e,CAT-PPE,RELATED,NEC-SYN-993173,BUS-SYN-967740,"Similar item, different subclass"
222a1dbc-a96c-4de6-b744-d70a78ad9565,CAT-GSK,RELATED,NEC-SYN-913515,CPI-SYN-957687,"Similar item, different subclass"
614eb3bb-af3c-46af-ac94-cdd990e13a99,CAT-LUB,RELATED,AHM-SYN-422677,AHM-SYN-854831,"Similar item, different subclass"
0656f70a-be0c-4667-859d-c51c60bfcc31,CAT-PIP,RELATED,NEC-SYN-621595,AHM-SYN-754011,"Similar item, different subclass"
a6ccbfac-2777-4a12-a416-744a5fac7c92,CAT-PIP,RELATED,CPI-SYN-336355,BUS-SYN-133885,"Similar item, different subclass"
3344951f-85f7-4deb-8c15-06a98ba6c062,CAT-INS,RELATED,GME-SYN-942192,GME-SYN-658337,"Similar item, different subclass"
a55765ff-d549-4918-b497-2c343f95c7e5,CAT-PPE,RELATED,GME-SYN-745925,CPI-SYN-740916,"Similar item, different subclass"
114ab47d-caad-4044-b6ae-5433f262b03b,CAT-PIP,RELATED,AHM-SYN-992008,GME-SYN-706927,"Similar item, different subclass"
f63c5cbe-91fe-4dfe-b83a-92ff66754c6f,CAT-CBL,RELATED,AHM-SYN-735070,NEC-SYN-395000,"Similar item, different subclass"
69f75680-92bb-4007-ac9f-660393cfdfa8,CAT-VLV,RELATED,AHM-SYN-523797,BUS-SYN-812620,"Similar item, different subclass"
e25eedc3-9dc5-4ef3-82a5-80ad5f5215a0,CAT-VLV,RELATED,BUS-SYN-169720,AHM-SYN-618755,"Similar item, different subclass"
a80c6077-4852-4e14-8022-f7bcd6be084e,CAT-MTR,RELATED,CPI-SYN-514327,NEC-SYN-821202,"Similar item, different subclass"
e75a2a16-72e5-4966-a7e6-194f3dfab2b0,CAT-BRG,RELATED,AHM-SYN-858408,NEC-SYN-979903,"Similar item, different subclass"
76803075-b9db-458a-b85f-230478643540,CAT-PIP,RELATED,BUS-SYN-215167,CPI-SYN-499176,"Similar item, different subclass"
5dc5d240-fa88-4086-99df-d4f194b8fa6c,CAT-ELC,RELATED,GME-SYN-338233,NEC-SYN-116650,"Similar item, different subclass"
bcfa18f3-0f5c-4045-befa-c3e88bcffd1c,CAT-VLV,RELATED,GME-SYN-960537,GME-SYN-146972,"Similar item, different subclass"
b6e22565-8c84-49fd-8057-bdbe7808ff77,CAT-BRG,RELATED,CPI-SYN-188963,BUS-SYN-325467,"Similar item, different subclass"
1d0d090b-3494-436d-b8b0-5855992a503e,CAT-VLV,RELATED,NEC-SYN-130634,AHM-SYN-967417,"Similar item, different subclass"
d599a2d0-861b-4f32-9d89-377688234d62,CAT-FST,RELATED,NEC-SYN-277046,CPI-SYN-513916,"Similar item, different subclass"
c14b8aeb-8c16-4550-8783-fe7ce0306a1b,CAT-VLV,RELATED,GME-SYN-655729,GME-SYN-559615,"Similar item, different subclass"
b39f30cc-4c59-482a-96ba-c30d30e14cf0,CAT-FLG,RELATED,GME-SYN-419934,BUS-SYN-103305,"Similar item, different subclass"
1dc00c81-e69a-4a69-bc81-9f11dfcb4b3a,CAT-VLV,RELATED,NEC-SYN-277041,AHM-SYN-828168,"Similar item, different subclass"
a5609de5-4c2a-4ad5-ae8a-78face2856ee,CAT-INS,RELATED,AHM-SYN-535674,NEC-SYN-754165,"Similar item, different subclass"
ff6252fa-56ea-486f-bcd8-28a4a01157b0,CAT-ELC,RELATED,CPI-SYN-175566,AHM-SYN-851862,"Similar item, different subclass"
28060503-4502-401a-b59e-c2e95728566c,CAT-PMP,RELATED,GME-SYN-734898,NEC-SYN-482430,"Similar item, different subclass"
75bcd69f-ef5e-4773-99f0-26b41bbd59ff,CAT-PPE,RELATED,NEC-SYN-536103,AHM-SYN-137532,"Similar item, different subclass"
0086581f-74db-4e87-ad59-1729cc4ba061,CAT-PPE,RELATED,GME-SYN-880075,CPI-SYN-367019,"Similar item, different subclass"
1c7abd28-99a4-49ff-bd15-fff1808da1be,CAT-INS,RELATED,AHM-SYN-284404,GME-SYN-967683,"Similar item, different subclass"
4b982abc-c6f7-4150-b1ab-8a80a2646f9c,CAT-ELC,RELATED,NEC-SYN-882641,NEC-SYN-892396,"Similar item, different subclass"
e1ce7fc9-d7d4-4f64-a3f0-13534a553cde,CAT-LUB,RELATED,NEC-SYN-429677,GME-SYN-552447,"Similar item, different subclass"
4f08e449-e629-4f10-bde5-797a3ecd957a,CAT-INS,RELATED,GME-SYN-722097,GME-SYN-317535,"Similar item, different subclass"
13bbc081-b1c4-4c67-8a6c-24c6c10a274f,CAT-ELC,RELATED,CPI-SYN-246008,AHM-SYN-456799,"Similar item, different subclass"
58c16c16-891c-4f27-901c-2b2b75830233,CAT-PMP,RELATED,AHM-SYN-931308,GME-SYN-924048,"Similar item, different subclass"
336d39b3-3fe3-427f-a969-cff83d79d470,CAT-PPE,RELATED,AHM-SYN-171981,CPI-SYN-815218,"Similar item, different subclass"
b8a011a2-7f9d-4830-84b0-fa5cec3d4664,CAT-MTR,RELATED,NEC-SYN-119062,NEC-SYN-898765,"Similar item, different subclass"
f1a6fcd4-921e-4b34-a70e-0c5318a9d1c8,CAT-VLV,RELATED,GME-SYN-263671,BUS-SYN-264380,"Similar item, different subclass"
4375ec3d-2172-4776-a0f7-c8e4d5fc4169,CAT-CBL,RELATED,AHM-SYN-678033,AHM-SYN-650549,"Similar item, different subclass"
616653cf-d418-466a-94ca-5554d6be68f5,CAT-CBL,RELATED,BUS-SYN-374837,BUS-SYN-170276,"Similar item, different subclass"
2d4dc9b6-4b42-4b15-a408-c3755abee146,CAT-MTR,RELATED,AHM-SYN-316213,CPI-SYN-877072,"Similar item, different subclass"
54b78ce0-0689-447b-a224-e36771d3c4d1,CAT-ELC,RELATED,NEC-SYN-833146,GME-SYN-449200,"Similar item, different subclass"
ad71a812-3430-4749-9784-e903c8575e31,CAT-CBL,RELATED,GME-SYN-576753,AHM-SYN-628298,"Similar item, different subclass"
89ef420c-6c9d-4e5d-afc7-86c916f52a3a,CAT-GSK,RELATED,GME-SYN-871123,AHM-SYN-405325,"Similar item, different subclass"
ba509dc9-91bd-4c06-8a1f-80c195f9b3a5,CAT-BRG,RELATED,GME-SYN-363054,BUS-SYN-311397,"Similar item, different subclass"
463cc5d0-0cf2-4d8a-9dd7-9ad7567d589f,CAT-MTR,RELATED,BUS-SYN-308182,NEC-SYN-512903,"Similar item, different subclass"
7351f9fa-8843-49bf-8f69-3770c14ded93,CAT-FLG,RELATED,GME-SYN-577535,GME-SYN-922292,"Similar item, different subclass"
f82e22ed-7027-4043-ad23-5ac646cefa1e,CAT-GSK,RELATED,GME-SYN-830254,GME-SYN-315921,"Similar item, different subclass"
b6bd7378-0d85-419a-9135-5e26bf82a809,CAT-FST,RELATED,AHM-SYN-348268,AHM-SYN-942031,"Similar item, different subclass"
8254ec5e-29de-4c36-97de-5f7396ca8c01,CAT-GSK,RELATED,AHM-SYN-899822,AHM-SYN-291552,"Similar item, different subclass"
80d6e43d-ca4d-4482-877d-d375b6b7b3be,CAT-PPE,RELATED,NEC-SYN-723708,CPI-SYN-253430,"Similar item, different subclass"
32bb5fa2-8ac5-4bd0-bc1a-e83a3db2a53d,CAT-ELC,RELATED,NEC-SYN-918612,BUS-SYN-194896,"Similar item, different subclass"
2546eb75-403e-4b91-a390-d421c1e8fa7e,CAT-FLG,RELATED,CPI-SYN-221167,GME-SYN-149533,"Similar item, different subclass"
5a615aab-ebdb-445f-bfc5-76e34a77d5c4,CAT-GSK,RELATED,AHM-SYN-375055,CPI-SYN-146884,"Similar item, different subclass"
12e68a30-8ccd-4486-b98a-70ed59260f0a,CAT-LUB,RELATED,NEC-SYN-606619,AHM-SYN-477330,"Similar item, different subclass"
61ecd01a-2663-403e-932f-ad3a6a091e6e,CAT-INS,RELATED,CPI-SYN-600798,CPI-SYN-391750,"Similar item, different subclass"
854d5608-414f-444c-b01a-4a1e660d257d,CAT-GSK,RELATED,AHM-SYN-790658,NEC-SYN-669240,"Similar item, different subclass"
0c0af9d5-2487-48b3-8a13-c690f6b3f408,CAT-VLV,RELATED,AHM-SYN-526162,GME-SYN-766494,"Similar item, different subclass"
bdf37ed4-6f81-41c1-b8dd-2fbece477b1b,CAT-MTR,RELATED,AHM-SYN-269135,CPI-SYN-605109,"Similar item, different subclass"
15c580ce-6523-4e2c-a0e4-068c33331a59,CAT-ELC,RELATED,CPI-SYN-391058,GME-SYN-231492,"Similar item, different subclass"
bf920ceb-0a17-49cc-bc83-27e662d20ccb,CAT-CBL,RELATED,BUS-SYN-719887,NEC-SYN-599481,"Similar item, different subclass"
fdc087c6-d403-403f-aeec-ca72d89383e7,CAT-MTR,RELATED,NEC-SYN-130803,GME-SYN-199823,"Similar item, different subclass"
2a032686-c018-4f1c-acbc-c92eb874819e,CAT-GSK,RELATED,CPI-SYN-665450,BUS-SYN-520708,"Similar item, different subclass"
95714e78-d9f5-4496-aacf-04c724fac2a1,CAT-FLG,RELATED,NEC-SYN-131686,BUS-SYN-794507,"Similar item, different subclass"
f1084d2a-6812-4609-8655-f958a43610af,CAT-FST,RELATED,BUS-SYN-556742,GME-SYN-774137,"Similar item, different subclass"
bb9a7acf-a896-4b54-a6db-9fc63772ba7e,CAT-VLV,RELATED,GME-SYN-635149,AHM-SYN-125138,"Similar item, different subclass"
489b4bdc-0aae-4342-8c5a-4a2f56d3fddd,CAT-LUB,RELATED,AHM-SYN-899638,NEC-SYN-709448,"Similar item, different subclass"
b2d3f656-fd72-4631-9f5d-b94b14a9b0f3,CAT-FLG,RELATED,GME-SYN-843655,CPI-SYN-549580,"Similar item, different subclass"
ed7c9aea-f798-4092-b393-6632497f97b2,CAT-INS,RELATED,GME-SYN-200430,BUS-SYN-317103,"Similar item, different subclass"
0f566c87-d31e-420f-ab49-0fd1d9b4d300,CAT-PIP,RELATED,NEC-SYN-761641,AHM-SYN-616831,"Similar item, different subclass"
1cb224bf-7679-4687-bc1b-be58568d8a42,CAT-LUB,RELATED,CPI-SYN-744329,AHM-SYN-883329,"Similar item, different subclass"
00283a88-af1c-4968-aa28-efe473f4380c,CAT-LUB,RELATED,AHM-SYN-498162,NEC-SYN-109729,"Similar item, different subclass"
b798e55d-c430-44dc-bacc-567fe47a7a0f,CAT-GSK,RELATED,CPI-SYN-577717,GME-SYN-102927,"Similar item, different subclass"
9a221980-99da-427a-a9cc-45f15d82822f,CAT-BRG,RELATED,GME-SYN-785242,CPI-SYN-230323,"Similar item, different subclass"
814c5506-b09c-44d0-ae74-6a45a637a3d8,CAT-PIP,RELATED,AHM-SYN-958564,AHM-SYN-580159,"Similar item, different subclass"
31399ce1-4bcd-4de0-86da-a76f9798f462,CAT-LUB,RELATED,CPI-SYN-708977,GME-SYN-902986,"Similar item, different subclass"
44605de7-2e1d-4720-a741-2a230082010e,CAT-PMP,RELATED,BUS-SYN-922436,CPI-SYN-283691,"Similar item, different subclass"
6d287ea4-cb7b-4626-ba8f-d4b4dab2472e,CAT-FLG,RELATED,CPI-SYN-412009,NEC-SYN-116530,"Similar item, different subclass"
da6a05b0-44d2-45dc-b3b8-ecebb93ef4c0,CAT-ELC,RELATED,AHM-SYN-844937,CPI-SYN-443594,"Similar item, different subclass"
bcdd3fb1-a65f-4b56-b2f7-b78d35c701ca,CAT-MTR,RELATED,GME-SYN-416229,AHM-SYN-514235,"Similar item, different subclass"
54370f56-4458-473b-ba40-01297c16e23b,CAT-GSK,RELATED,GME-SYN-938005,CPI-SYN-946037,"Similar item, different subclass"
24fd4cf7-712d-4013-957f-5606a822950d,CAT-LUB,RELATED,CPI-SYN-465191,NEC-SYN-919191,"Similar item, different subclass"
9eefa984-1708-46a8-877e-3642f8ed75a1,CAT-LUB,RELATED,NEC-SYN-715617,BUS-SYN-822245,"Similar item, different subclass"
8a6b2a96-b917-4b62-a581-438289e42831,CAT-FST,RELATED,AHM-SYN-651254,BUS-SYN-158355,"Similar item, different subclass"
20d6957c-f7a2-4d2b-bfc5-0ad3990c611d,CAT-LUB,RELATED,CPI-SYN-510458,NEC-SYN-589176,"Similar item, different subclass"
33214d13-4e22-4de9-a4d4-ea3509f882f9,CAT-MTR,RELATED,NEC-SYN-665245,CPI-SYN-173555,"Similar item, different subclass"
59dfb769-c304-4657-8793-10b0c87bd584,CAT-LUB,RELATED,BUS-SYN-816166,NEC-SYN-208985,"Similar item, different subclass"
cacc2e87-0997-4722-9981-caf30d00920e,CAT-ELC,RELATED,NEC-SYN-180583,CPI-SYN-952480,"Similar item, different subclass"
e13b4027-759a-4d9d-bc4a-3011738a22c9,CAT-PIP,RELATED,GME-SYN-735987,GME-SYN-592434,"Similar item, different subclass"
27137840-97e1-4f93-a51f-e6a4eda7bc1e,CAT-FST,RELATED,BUS-SYN-763420,AHM-SYN-814184,"Similar item, different subclass"
66e954a4-a201-4033-b6ec-ba60c1a249e8,CAT-CBL,RELATED,CPI-SYN-944304,GME-SYN-261518,"Similar item, different subclass"
bf9403a2-ad41-4db8-81b0-732b71632803,CAT-CBL,RELATED,GME-SYN-576046,CPI-SYN-424903,"Similar item, different subclass"
f87753d1-b9a5-4133-a836-d744b5fb0f31,CAT-INS,RELATED,AHM-SYN-420230,BUS-SYN-325951,"Similar item, different subclass"
7e8bbfa6-7ce7-43b3-9213-1fe45db88ebb,CAT-FLG,RELATED,BUS-SYN-481227,NEC-SYN-361835,"Similar item, different subclass"
6c485a7e-4f7d-4f3b-8f83-6098e3e0d491,CAT-LUB,RELATED,BUS-SYN-112529,NEC-SYN-309888,"Similar item, different subclass"
35f8e19c-4c9f-4bc2-b05c-61ca57526972,CAT-PPE,RELATED,CPI-SYN-444894,NEC-SYN-609429,"Similar item, different subclass"
2236800c-dbd4-4b1c-90fd-c8d623fb712f,CAT-VLV,RELATED,NEC-SYN-172176,CPI-SYN-220639,"Similar item, different subclass"
6f69bf7b-b3a8-4e59-8d05-30ab2d277035,CAT-FST,RELATED,CPI-SYN-541749,AHM-SYN-768509,"Similar item, different subclass"
f26eaabd-9ddc-454b-b9ed-41cbf71734a7,CAT-FST,RELATED,GME-SYN-846928,BUS-SYN-283459,"Similar item, different subclass"
2d4a37fc-f283-4f86-acc4-ada8df11af8f,CAT-CBL,RELATED,NEC-SYN-404358,BUS-SYN-480734,"Similar item, different subclass"
93e4d621-abce-4728-ad93-1277c0fecb58,CAT-FST,RELATED,CPI-SYN-342228,NEC-SYN-306511,"Similar item, different subclass"
c3bd9ce3-1069-4d19-83fc-707b201461ab,CAT-LUB,RELATED,GME-SYN-420456,CPI-SYN-829022,"Similar item, different subclass"
cfb9776f-6b94-438a-b655-c627f5097466,CAT-MTR,RELATED,NEC-SYN-586358,AHM-SYN-936915,"Similar item, different subclass"
ddbbe74b-8014-4baa-ab4b-4f2c83b15e86,CAT-FLG,RELATED,NEC-SYN-999899,BUS-SYN-562374,"Similar item, different subclass"
94b56cda-824a-4256-8e1a-50344cef3cb6,CAT-BRG,RELATED,CPI-SYN-145527,BUS-SYN-876960,"Similar item, different subclass"
b6fba3e2-3847-43c1-9357-d6f0d27f16d0,CAT-ELC,RELATED,BUS-SYN-642037,BUS-SYN-904686,"Similar item, different subclass"
63060006-c9df-46f0-a0b4-dea83de0edcf,CAT-PPE,RELATED,NEC-SYN-957969,CPI-SYN-192215,"Similar item, different subclass"
3e98c72a-00fa-4a6e-861a-2c7973b158bd,CAT-FST,RELATED,GME-SYN-343571,GME-SYN-106497,"Similar item, different subclass"
1b591eed-c846-401c-8de0-a6a77debff88,CAT-BRG,RELATED,BUS-SYN-754553,CPI-SYN-693372,"Similar item, different subclass"
8c75b488-d33b-43e1-8c95-18869220bdd9,CAT-GSK,RELATED,BUS-SYN-216053,BUS-SYN-626731,"Similar item, different subclass"
3255d2eb-7118-494f-a553-e43691f16b76,CAT-ELC,RELATED,AHM-SYN-718681,CPI-SYN-549267,"Similar item, different subclass"
8bf30f7d-dd9c-4803-9d34-bd8214152676,CAT-VLV,RELATED,AHM-SYN-606158,NEC-SYN-146980,"Similar item, different subclass"
438c4d96-9c96-491a-854f-809c31bca966,CAT-PMP,RELATED,NEC-SYN-659950,GME-SYN-344585,"Similar item, different subclass"
3fd1f26b-803f-460e-938b-581b90581d35,CAT-CBL,RELATED,NEC-SYN-481487,CPI-SYN-964555,"Similar item, different subclass"
0e7ceb43-babf-4d25-bd22-a9c629ef66c5,CAT-ELC,RELATED,GME-SYN-275356,AHM-SYN-119879,"Similar item, different subclass"
b486e321-bce6-44e4-a2dc-315e532c1e47,CAT-PPE,RELATED,BUS-SYN-463696,AHM-SYN-851973,"Similar item, different subclass"
67bb185b-cffc-4644-a728-db47d28bb314,CAT-PMP,RELATED,GME-SYN-510964,GME-SYN-295394,"Similar item, different subclass"
b3053d46-b7aa-4be9-bbbe-9fb0620310a9,CAT-INS,RELATED,CPI-SYN-736841,BUS-SYN-233196,"Similar item, different subclass"
ed31149a-c5e1-4edc-8c97-9c54d156f03b,CAT-MTR,RELATED,GME-SYN-672681,GME-SYN-586317,"Similar item, different subclass"
a2df8d3a-e8ac-436c-a8fa-ef850877dcb9,CAT-FST,RELATED,BUS-SYN-325824,NEC-SYN-136400,"Similar item, different subclass"
a77d3dfc-33b6-469a-b607-bc6cc5f03e5e,CAT-VLV,RELATED,NEC-SYN-113422,NEC-SYN-331800,"Similar item, different subclass"
28484527-a036-4fbe-a803-ed09b0828ce6,CAT-LUB,RELATED,AHM-SYN-656336,GME-SYN-206748,"Similar item, different subclass"
6fabd5cf-2abd-4eec-b87e-b2834cc5ac10,CAT-ELC,RELATED,AHM-SYN-537348,NEC-SYN-612212,"Similar item, different subclass"
1d1423eb-bd5b-4a6b-a50e-862da4872981,CAT-FST,RELATED,CPI-SYN-486369,NEC-SYN-308480,"Similar item, different subclass"
ac6c3543-54fe-4a35-90d4-5dcd4ad7077a,CAT-ELC,RELATED,GME-SYN-240031,GME-SYN-599265,"Similar item, different subclass"
bb3c40ba-474b-4982-86d2-4fec12a84202,CAT-PIP,RELATED,BUS-SYN-498877,GME-SYN-872010,"Similar item, different subclass"
9adfab68-8e3e-4be3-8e58-e194be4db0ee,CAT-FLG,RELATED,AHM-SYN-816681,AHM-SYN-348745,"Similar item, different subclass"
536807b7-e7a1-4248-968d-4f9b1e535593,CAT-PMP,RELATED,NEC-SYN-489423,BUS-SYN-565389,"Similar item, different subclass"
5ae90187-0262-43bb-ab1d-68128d7817bf,CAT-LUB,RELATED,AHM-SYN-728293,NEC-SYN-994016,"Similar item, different subclass"
9f66891c-f52e-43de-8315-ff0050ec484a,CAT-BRG,RELATED,GME-SYN-886781,AHM-SYN-180799,"Similar item, different subclass"
cfe0f827-bf33-49bf-ac76-0a92f9980dda,CAT-PMP,RELATED,GME-SYN-770576,GME-SYN-784526,"Similar item, different subclass"
65d0a2f2-d634-42d1-b4e8-b7a8088abd6e,CAT-PIP,RELATED,BUS-SYN-309275,CPI-SYN-176972,"Similar item, different subclass"
eb7a545b-117a-4d73-9b0b-46de01e25e2e,CAT-VLV,RELATED,NEC-SYN-772089,BUS-SYN-776985,"Similar item, different subclass"
8267f73f-3fd6-4086-a861-b137a051aa3f,CAT-FST,RELATED,NEC-SYN-588002,BUS-SYN-190414,"Similar item, different subclass"
a0ee09ba-80bd-4d39-9a5b-9fb20ba14352,CAT-CBL,RELATED,CPI-SYN-509668,NEC-SYN-988288,"Similar item, different subclass"
d3956d0d-5373-486c-93bd-bb753df6bf14,CAT-FLG,RELATED,GME-SYN-710147,BUS-SYN-264617,"Similar item, different subclass"
c39a8855-4da3-4588-888a-2ad0105e16a2,CAT-BRG,RELATED,AHM-SYN-853483,CPI-SYN-130888,"Similar item, different subclass"
9d551570-528e-42e1-8476-05718b148c3b,CAT-FST,RELATED,BUS-SYN-962584,CPI-SYN-337620,"Similar item, different subclass"
b3e3d38b-34f4-445a-979b-4c06b1aa9d07,CAT-ELC,RELATED,NEC-SYN-794145,BUS-SYN-137103,"Similar item, different subclass"
ee1477b4-e67a-4afa-8729-a8b5f2ca7611,CAT-PMP,RELATED,NEC-SYN-217169,CPI-SYN-996252,"Similar item, different subclass"
f4f35a58-3e0b-4a81-83e8-7e4ad3a9b7ba,CAT-FLG,RELATED,BUS-SYN-847585,AHM-SYN-346754,"Similar item, different subclass"
b742f68f-ba6a-480b-9453-1d7bb7857054,CAT-PPE,RELATED,AHM-SYN-489324,NEC-SYN-872740,"Similar item, different subclass"
220ba476-edad-421c-85b0-a46c3dd241cf,CAT-INS,RELATED,BUS-SYN-485399,NEC-SYN-997133,"Similar item, different subclass"
b771afb4-7026-4c2a-8c43-a4f43322a093,CAT-INS,RELATED,NEC-SYN-268236,CPI-SYN-601682,"Similar item, different subclass"
73029c4e-53ba-4158-9cda-aae4cb7002c1,CAT-FLG,RELATED,NEC-SYN-512910,BUS-SYN-311621,"Similar item, different subclass"
2ff67717-2f70-4ab0-bf51-a12143db3909,CAT-LUB,RELATED,GME-SYN-802855,CPI-SYN-116917,"Similar item, different subclass"
71386330-9007-45a3-9a31-242d560a3c8a,CAT-FST,RELATED,CPI-SYN-246345,CPI-SYN-390374,"Similar item, different subclass"
ae778f93-518f-4c87-8963-fe799257ad31,CAT-PPE,RELATED,BUS-SYN-830911,GME-SYN-456466,"Similar item, different subclass"
20698b88-a732-446b-890c-0ba0f28a4a05,CAT-CBL,RELATED,AHM-SYN-973159,NEC-SYN-244628,"Similar item, different subclass"
f73dc085-0adb-496e-8822-b5e0c6cc528d,CAT-BRG,RELATED,CPI-SYN-798120,BUS-SYN-832408,"Similar item, different subclass"
2f356490-4016-48cf-803c-6b1cb39d41b6,CAT-GSK,RELATED,GME-SYN-196706,NEC-SYN-152742,"Similar item, different subclass"
69ac28d3-c473-455a-afe3-29590db922a7,CAT-VLV,RELATED,CPI-SYN-435616,BUS-SYN-288778,"Similar item, different subclass"
0ddcff17-4474-4d9c-ae40-16dd85e43c0c,CAT-GSK,RELATED,GME-SYN-628702,CPI-SYN-271244,"Similar item, different subclass"
0b829f5f-8ef5-407b-b37c-433b025fdac1,CAT-ELC,RELATED,GME-SYN-579053,AHM-SYN-937778,"Similar item, different subclass"
6fb21fed-dc4d-4d92-b983-0447bf456b4f,CAT-FST,RELATED,BUS-SYN-198022,NEC-SYN-808194,"Similar item, different subclass"
9ecfffa7-68fa-48b5-a1ca-880d62744733,CAT-VLV,RELATED,NEC-SYN-444313,GME-SYN-193289,"Similar item, different subclass"
e002c383-0e9a-4b31-addd-ce1deccb0539,CAT-FLG,RELATED,CPI-SYN-946201,NEC-SYN-937346,"Similar item, different subclass"
ef1323c5-8b94-46ee-a7f3-265d3862cbd6,CAT-PIP,RELATED,NEC-SYN-327965,AHM-SYN-685132,"Similar item, different subclass"
ed044f05-5bf5-4eb5-af84-6e9a80677424,CAT-CBL,RELATED,BUS-SYN-886898,NEC-SYN-642937,"Similar item, different subclass"
87c50ccc-19e5-4cf1-b907-ed804d98c968,CAT-CBL,RELATED,BUS-SYN-442060,AHM-SYN-972760,"Similar item, different subclass"
96814bb5-20ed-494d-b57c-d3ef13170a72,CAT-PMP,RELATED,NEC-SYN-362272,NEC-SYN-935699,"Similar item, different subclass"
b4c460c3-0042-41f4-89bc-0bdf89d3d32a,CAT-CBL,RELATED,NEC-SYN-410324,GME-SYN-303135,"Similar item, different subclass"
e3b4dac2-e8bd-44af-895b-7e447ef9a35e,CAT-MTR,RELATED,NEC-SYN-274169,CPI-SYN-284580,"Similar item, different subclass"
f633702f-f70d-4d33-aaed-3b9223104726,CAT-BRG,RELATED,BUS-SYN-631651,CPI-SYN-561698,"Similar item, different subclass"
123abb12-23c4-4021-9e97-b94a1d3259ac,CAT-PPE,RELATED,GME-SYN-771202,CPI-SYN-772751,"Similar item, different subclass"
40bc2da9-d636-4fa2-9fb8-22ab3165eb1e,CAT-MTR,RELATED,CPI-SYN-832171,AHM-SYN-817691,"Similar item, different subclass"
dce7a62c-2a51-41c0-9f0e-bfcfdf1abf60,CAT-VLV,RELATED,GME-SYN-140532,NEC-SYN-317141,"Similar item, different subclass"
563f30da-b584-4089-b73a-c6035e512c98,CAT-PPE,RELATED,BUS-SYN-952165,NEC-SYN-479464,"Similar item, different subclass"
947454fd-60e6-4166-98d9-1697b22d3174,CAT-LUB,RELATED,BUS-SYN-192338,GME-SYN-823117,"Similar item, different subclass"
dfff178d-78b7-4058-a336-7f79c06ca568,CAT-FLG,RELATED,NEC-SYN-886754,NEC-SYN-866290,"Similar item, different subclass"
bc03f703-c15b-4b57-bbc7-63ef53198da9,CAT-PMP,RELATED,BUS-SYN-684287,CPI-SYN-944330,"Similar item, different subclass"
00afa8f8-267e-4712-aa2d-323345815f89,CAT-VLV,RELATED,AHM-SYN-697558,AHM-SYN-961944,"Similar item, different subclass"
0e641c4f-498f-466d-8b0a-d2050b8a16fc,CAT-MTR,RELATED,BUS-SYN-283112,BUS-SYN-537619,"Similar item, different subclass"
8df63681-17cc-42a4-91a6-cb365ce8ad81,CAT-LUB,RELATED,AHM-SYN-772951,CPI-SYN-485028,"Similar item, different subclass"
bb240967-1891-4cd4-8010-507d4e53cc6a,CAT-FST,RELATED,AHM-SYN-940491,AHM-SYN-294040,"Similar item, different subclass"
7dee0123-2a99-4ec6-ae43-1f36c27de978,CAT-PMP,RELATED,CPI-SYN-608457,NEC-SYN-983961,"Similar item, different subclass"
f684d837-1de1-4eb1-bf75-07423d2df4dc,CAT-BRG,RELATED,AHM-SYN-339772,CPI-SYN-711690,"Similar item, different subclass"
f90a4347-3fe0-453e-895e-6bebc3163f69,CAT-VLV,RELATED,CPI-SYN-489413,CPI-SYN-154656,"Similar item, different subclass"
aeb65e6b-50a9-4c7a-9f86-77afced26c97,CAT-CBL,RELATED,NEC-SYN-731141,GME-SYN-353388,"Similar item, different subclass"
0b57d41a-d311-48a6-abc7-fafe95e9c06e,CAT-ELC,RELATED,CPI-SYN-412088,GME-SYN-474729,"Similar item, different subclass"
435082d2-e056-4948-8d82-e770cb34798b,CAT-INS,RELATED,AHM-SYN-494006,CPI-SYN-796800,"Similar item, different subclass"
c921738c-ae21-4814-9429-b536344dda20,CAT-GSK,RELATED,CPI-SYN-840426,AHM-SYN-118848,"Similar item, different subclass"
846e2cb4-382a-4f56-91be-fc2412c4a3cb,CAT-INS,RELATED,NEC-SYN-768306,BUS-SYN-201471,"Similar item, different subclass"
e9c81e05-eefc-4540-a159-3124bb4fc637,CAT-BRG,RELATED,GME-SYN-578683,GME-SYN-877378,"Similar item, different subclass"
f1ed9c2d-9f76-429c-9f81-9eaa18b07ffa,CAT-GSK,RELATED,AHM-SYN-799158,NEC-SYN-694190,"Similar item, different subclass"
8aca1049-187f-479d-b681-73a85a32f8dd,CAT-FST,RELATED,CPI-SYN-495340,AHM-SYN-624911,"Similar item, different subclass"
7e87b5a1-ba89-4a17-b377-ca5070f5455c,CAT-MTR,RELATED,GME-SYN-130689,CPI-SYN-110390,"Similar item, different subclass"
880e1080-87d2-4e4c-97c7-0e318e95fa0b,CAT-LUB,RELATED,CPI-SYN-939752,BUS-SYN-579356,"Similar item, different subclass"
88eb42b0-30df-46a7-99cf-3f7b5efa8eae,CAT-PMP,RELATED,AHM-SYN-577304,AHM-SYN-540467,"Similar item, different subclass"
fcdb3662-56f8-4abf-8cce-32742634c3f3,CAT-PPE,RELATED,NEC-SYN-605415,BUS-SYN-417866,"Similar item, different subclass"
3d0eb7bc-af4a-4ad8-969f-93141891fff2,CAT-INS,RELATED,GME-SYN-269752,BUS-SYN-849751,"Similar item, different subclass"
569f1bf1-8410-4311-9128-c3f84b9f8995,CAT-LUB,RELATED,NEC-SYN-888015,AHM-SYN-937195,"Similar item, different subclass"
99f6539c-f14e-4dd1-a63e-f1524a2193f8,CAT-ELC,RELATED,CPI-SYN-115683,AHM-SYN-577647,"Similar item, different subclass"
1ae5c85c-0fc9-46b1-b6d0-773146644444,CAT-CBL,RELATED,BUS-SYN-439940,GME-SYN-499337,"Similar item, different subclass"
276b69e5-2fa4-4458-8386-253826c96e85,CAT-PMP,RELATED,GME-SYN-143749,GME-SYN-735869,"Similar item, different subclass"
954f98cb-c609-4a34-91c1-b81726177e50,CAT-CBL,RELATED,CPI-SYN-439477,GME-SYN-163802,"Similar item, different subclass"
013b6006-16bb-47c7-a3a9-93ecab371c56,CAT-ELC,RELATED,CPI-SYN-549231,BUS-SYN-156944,"Similar item, different subclass"
