material_a,material_b,ground_truth,reason,critical_conflict,category
NEC-BRG-23938,NEC-B-B4CDCD1E,REQUIRES_ENGINEERING_REVIEW,Mismatched conditionally critical attribute,seal_type (Conditional),CAT-BRG
NEC-INS-86793,NEC-B-05BB42CA,NOT_EQUIVALENT,"Same category, critical attribute conflict",NONE,CAT-INS
NEC-FLG-19310,NEC-B-D473EE8B,NOT_EQUIVALENT,Completely different category,CATEGORY_MISMATCH,CAT-FLG
CPI-FLG-62441,CPI-B-4072D824,NOT_EQUIVALENT,"Same category, critical attribute conflict",NONE,CAT-FLG
GME-CFL-47123,GME-B-A56D9EE7,RELATED,"Same category/mfg, different size/specs",NONE,CAT-GSK
GME-BRG-68690,GME-B-C4B36C56,REQUIRES_ENGINEERING_REVIEW,Mismatched conditionally critical attribute,seal_type (Conditional),CAT-BRG
CPI-CFL-57275,CPI-B-FA7967CE,NEAR_DUPLICATE,"Identical MPN, perturbed desc, dropped minor field",NONE,CAT-ELC
GME-DUP-22041,GME-B-83919DA1,NOT_EQUIVALENT,Completely different category,CATEGORY_MISMATCH,CAT-PPE
NEC-VLV-54591,NEC-B-B44E6D97,NOT_EQUIVALENT,"Same category, critical attribute conflict",pressure_class,CAT-VLV
CPI-DUP-15794,CPI-B-64F32966,FUNCTIONALLY_EQUIVALENT,"Different Manufacturer/MPN, identical critical attributes",NONE,CAT-VLV
AHM-DUP-46518,AHM-B-5CB597AB,NOT_EQUIVALENT,"Same category, critical attribute conflict",NONE,CAT-CBL
CPI-VLV-23397,CPI-B-9A3887C5,FUNCTIONALLY_EQUIVALENT,"Different Manufacturer/MPN, identical critical attributes",NONE,CAT-VLV
CPI-LUB-79228,CPI-B-7D04066A,FUNCTIONALLY_EQUIVALENT,"Different Manufacturer/MPN, identical critical attributes",NONE,CAT-LUB
GME-BRG-79732,GME-B-346EC3E4,REQUIRES_ENGINEERING_REVIEW,Mismatched conditionally critical attribute,seal_type (Conditional),CAT-BRG
CPI-DUP-83181,CPI-B-26D42BF2,EXACT_DUPLICATE,"Identical MPN/Attributes, perturbed description",NONE,CAT-LUB
BUS-PPE-76837,BUS-B-AB47AECA,EXACT_DUPLICATE,"Identical MPN/Attributes, perturbed description",NONE,CAT-PPE
BUS-PIP-91414,BUS-B-1DB072E0,RELATED,"Same category/mfg, different size/specs",NONE,CAT-PIP
CPI-PPE-33108,CPI-B-EF77A467,NOT_EQUIVALENT,"Same category, critical attribute conflict",NONE,CAT-PPE
BUS-ELC-50695,BUS-B-1F365256,EXACT_DUPLICATE,"Identical MPN/Attributes, perturbed description",NONE,CAT-ELC
GME-CFL-73570,GME-B-5ABC1950,FUNCTIONALLY_EQUIVALENT,"Different Manufacturer/MPN, identical critical attributes",NONE,CAT-FLG
CPI-ELC-42381,CPI-B-782727D5,NOT_EQUIVALENT,Completely different category,CATEGORY_MISMATCH,CAT-ELC
AHM-GSK-86463,AHM-B-E73D5908,NOT_EQUIVALENT,Completely different category,CATEGORY_MISMATCH,CAT-GSK
BUS-BRG-84381,BUS-B-522E6C22,REQUIRES_ENGINEERING_REVIEW,Mismatched conditionally critical attribute,seal_type (Conditional),CAT-BRG
AHM-BRG-38374,AHM-B-C559F199,REQUIRES_ENGINEERING_REVIEW,Mismatched conditionally critical attribute,seal_type (Conditional),CAT-BRG
GME-PPE-69716,GME-B-59C6965C,FUNCTIONALLY_EQUIVALENT,"Different Manufacturer/MPN, identical critical attributes",NONE,CAT-PPE
CPI-BRG-18637,CPI-B-C2C2DF02,REQUIRES_ENGINEERING_REVIEW,Mismatched conditionally critical attribute,seal_type (Conditional),CAT-BRG
NEC-BRG-45334,NEC-B-1300DD1C,REQUIRES_ENGINEERING_REVIEW,Mismatched conditionally critical attribute,seal_type (Conditional),CAT-BRG
BUS-LUB-96772,BUS-B-A5311467,RELATED,"Same category/mfg, different size/specs",NONE,CAT-LUB
CPI-DUP-47996,CPI-B-BB7F4E7B,EXACT_DUPLICATE,"Identical MPN/Attributes, perturbed description",NONE,CAT-VLV
CPI-BRG-95707,CPI-B-4B7B071B,NEAR_DUPLICATE,"Identical MPN, perturbed desc, dropped minor field",NONE,CAT-BRG
CPI-FST-18464,CPI-B-4DFA576B,EXACT_DUPLICATE,"Identical MPN/Attributes, perturbed description",NONE,CAT-FST
NEC-GSK-93073,NEC-B-99E7CA54,NOT_EQUIVALENT,"Same category, critical attribute conflict",NONE,CAT-GSK
AHM-BRG-87402,AHM-B-C26E1403,RELATED,"Same category/mfg, different size/specs",NONE,CAT-BRG
CPI-VLV-80544,CPI-B-4ABA940E,NOT_EQUIVALENT,Completely different category,CATEGORY_MISMATCH,CAT-VLV
NEC-CFL-38701,NEC-B-35C6CD6A,NEAR_DUPLICATE,"Identical MPN, perturbed desc, dropped minor field",NONE,CAT-ELC
BUS-PPE-89516,BUS-B-AEB2F869,NEAR_DUPLICATE,"Identical MPN, perturbed desc, dropped minor field",NONE,CAT-PPE
AHM-VLV-34555,AHM-B-68062989,NEAR_DUPLICATE,"Identical MPN, perturbed desc, dropped minor field",NONE,CAT-VLV
BUS-BRG-72874,BUS-B-F81F4A11,NOT_EQUIVALENT,Completely different category,CATEGORY_MISMATCH,CAT-BRG
BUS-VLV-82782,BUS-B-501649E0,RELATED,"Same category/mfg, different size/specs",NONE,CAT-VLV
GME-PMP-55657,GME-B-EBB39CF5,NOT_EQUIVALENT,"Same category, critical attribute conflict",NONE,CAT-PMP
AHM-FST-69831,AHM-B-7A052478,NEAR_DUPLICATE,"Identical MPN, perturbed desc, dropped minor field",NONE,CAT-FST
GME-VLV-81522,GME-B-473A33EE,NOT_EQUIVALENT,"Same category, critical attribute conflict",end_connection,CAT-VLV
GME-PPE-33389,GME-B-D1EDF620,NEAR_DUPLICATE,"Identical MPN, perturbed desc, dropped minor field",NONE,CAT-PPE
BUS-LUB-32705,BUS-B-20C5416A,RELATED,"Same category/mfg, different size/specs",NONE,CAT-LUB
GME-PMP-86963,GME-B-76EFE8D5,RELATED,"Same category/mfg, different size/specs",NONE,CAT-PMP
CPI-BRG-46174,CPI-B-958F9953,REQUIRES_ENGINEERING_REVIEW,Mismatched conditionally critical attribute,seal_type (Conditional),CAT-BRG
CPI-PMP-17713,CPI-B-82BAE8BF,RELATED,"Same category/mfg, different size/specs",NONE,CAT-PMP
AHM-BRG-19033,AHM-B-CBA42A73,REQUIRES_ENGINEERING_REVIEW,Mismatched conditionally critical attribute,seal_type (Conditional),CAT-BRG
GME-BRG-76480,GME-B-50A7257B,RELATED,"Same category/mfg, different size/specs",NONE,CAT-BRG
AHM-GSK-40086,AHM-B-84BB6CA5,NOT_EQUIVALENT,Completely different category,CATEGORY_MISMATCH,CAT-GSK
NEC-FLG-55938,NEC-B-86E394EA,RELATED,"Same category/mfg, different size/specs",NONE,CAT-FLG
NEC-FST-27243,NEC-B-407C4D0E,NOT_EQUIVALENT,"Same category, critical attribute conflict",NONE,CAT-FST
NEC-CBL-63514,NEC-B-753C5936,NOT_EQUIVALENT,Completely different category,CATEGORY_MISMATCH,CAT-CBL
NEC-BRG-79532,NEC-B-8603C36B,REQUIRES_ENGINEERING_REVIEW,Mismatched conditionally critical attribute,seal_type (Conditional),CAT-BRG
AHM-FST-66829,AHM-B-08C4D83F,NEAR_DUPLICATE,"Identical MPN, perturbed desc, dropped minor field",NONE,CAT-FST
AHM-MTR-52109,AHM-B-3719B117,RELATED,"Same category/mfg, different size/specs",NONE,CAT-MTR
CPI-DUP-18771,CPI-B-FB7B70AC,NOT_EQUIVALENT,Completely different category,CATEGORY_MISMATCH,CAT-BRG
GME-DUP-53315,GME-B-C3498631,FUNCTIONALLY_EQUIVALENT,"Different Manufacturer/MPN, identical critical attributes",NONE,CAT-PPE
CPI-FLG-18432,CPI-B-F6E0807E,NEAR_DUPLICATE,"Identical MPN, perturbed desc, dropped minor field",NONE,CAT-FLG
BUS-LUB-25468,BUS-B-6FC88DAA,RELATED,"Same category/mfg, different size/specs",NONE,CAT-LUB
AHM-VLV-56031,AHM-B-E234DEDA,EXACT_DUPLICATE,"Identical MPN/Attributes, perturbed description",NONE,CAT-VLV
NEC-DUP-64502,NEC-B-7AA90252,NOT_EQUIVALENT,"Same category, critical attribute conflict",NONE,CAT-LUB
NEC-ELC-43880,NEC-B-113CCCC6,NOT_EQUIVALENT,Completely different category,CATEGORY_MISMATCH,CAT-ELC
GME-DUP-60324,GME-B-B07AAEEE,REQUIRES_ENGINEERING_REVIEW,Mismatched conditionally critical attribute,seal_type (Conditional),CAT-BRG
BUS-ELC-34113,BUS-B-92C77D5C,EXACT_DUPLICATE,"Identical MPN/Attributes, perturbed description",NONE,CAT-ELC
GME-INS-63271,GME-B-D68DD706,RELATED,"Same category/mfg, different size/specs",NONE,CAT-INS
NEC-INS-98550,NEC-B-85F31082,RELATED,"Same category/mfg, different size/specs",NONE,CAT-INS
NEC-DUP-66478,NEC-B-215FE0CB,REQUIRES_ENGINEERING_REVIEW,Mismatched conditionally critical attribute,seal_type (Conditional),CAT-BRG
CPI-DUP-60597,CPI-B-169E17F3,NEAR_DUPLICATE,"Identical MPN, perturbed desc, dropped minor field",NONE,CAT-LUB
NEC-DUP-15693,NEC-B-E51A76A4,RELATED,"Same category/mfg, different size/specs",NONE,CAT-PPE
BUS-VLV-76357,BUS-B-036C53FE,NEAR_DUPLICATE,"Identical MPN, perturbed desc, dropped minor field",NONE,CAT-VLV
AHM-ELC-15881,AHM-B-319550C9,RELATED,"Same category/mfg, different size/specs",NONE,CAT-ELC
AHM-BRG-25412,AHM-B-7321CDA3,REQUIRES_ENGINEERING_REVIEW,Mismatched conditionally critical attribute,seal_type (Conditional),CAT-BRG
BUS-FST-29168,BUS-B-94039AAF,RELATED,"Same category/mfg, different size/specs",NONE,CAT-FST
AHM-DUP-15426,AHM-B-410145E1,REQUIRES_ENGINEERING_REVIEW,Mismatched conditionally critical attribute,seal_type (Conditional),CAT-BRG
GME-DUP-65932,GME-B-46BF4255,EXACT_DUPLICATE,"Identical MPN/Attributes, perturbed description",NONE,CAT-CBL
BUS-FLG-54987,BUS-B-99A262FB,NEAR_DUPLICATE,"Identical MPN, perturbed desc, dropped minor field",NONE,CAT-FLG
AHM-DUP-26682,AHM-B-121F5C97,NEAR_DUPLICATE,"Identical MPN, perturbed desc, dropped minor field",NONE,CAT-GSK
BUS-INS-97422,BUS-B-9E12F12C,RELATED,"Same category/mfg, different size/specs",NONE,CAT-INS
CPI-ELC-15999,CPI-B-E5E2A842,EXACT_DUPLICATE,"Identical MPN/Attributes, perturbed description",NONE,CAT-ELC
GME-VLV-79245,GME-B-F24C71F2,RELATED,"Same category/mfg, different size/specs",NONE,CAT-VLV
BUS-DUP-78213,BUS-B-9AC53059,NOT_EQUIVALENT,Completely different category,CATEGORY_MISMATCH,CAT-INS
GME-DUP-18001,GME-B-2C866027,NEAR_DUPLICATE,"Identical MPN, perturbed desc, dropped minor field",NONE,CAT-ELC
GME-DUP-84809,GME-B-668D0280,FUNCTIONALLY_EQUIVALENT,"Different Manufacturer/MPN, identical critical attributes",NONE,CAT-CBL
GME-DUP-89345,GME-B-0F5B864B,REQUIRES_ENGINEERING_REVIEW,Mismatched conditionally critical attribute,seal_type (Conditional),CAT-BRG
AHM-GSK-58422,AHM-B-1BB8F172,NEAR_DUPLICATE,"Identical MPN, perturbed desc, dropped minor field",NONE,CAT-GSK
GME-BRG-88600,GME-B-03EA46D4,REQUIRES_ENGINEERING_REVIEW,Mismatched conditionally critical attribute,seal_type (Conditional),CAT-BRG
CPI-DUP-15902,CPI-B-20D40BB5,REQUIRES_ENGINEERING_REVIEW,Mismatched conditionally critical attribute,seal_type (Conditional),CAT-BRG
GME-DUP-66744,GME-B-5D533E03,REQUIRES_ENGINEERING_REVIEW,Mismatched conditionally critical attribute,seal_type (Conditional),CAT-BRG
BUS-DUP-92724,BUS-B-7C130F89,NOT_EQUIVALENT,"Same category, critical attribute conflict",body_material,CAT-VLV
NEC-DUP-63300,NEC-B-C899CA05,REQUIRES_ENGINEERING_REVIEW,Mismatched conditionally critical attribute,seal_type (Conditional),CAT-BRG
BUS-FLG-43673,BUS-B-9818B2D4,FUNCTIONALLY_EQUIVALENT,"Different Manufacturer/MPN, identical critical attributes",NONE,CAT-FLG
GME-INS-79176,GME-B-3D4C4E38,NEAR_DUPLICATE,"Identical MPN, perturbed desc, dropped minor field",NONE,CAT-INS
AHM-INS-26399,AHM-B-24A628C8,FUNCTIONALLY_EQUIVALENT,"Different Manufacturer/MPN, identical critical attributes",NONE,CAT-INS
AHM-BRG-91814,AHM-B-6C38E4F7,REQUIRES_ENGINEERING_REVIEW,Mismatched conditionally critical attribute,seal_type (Conditional),CAT-BRG
CPI-DUP-64237,CPI-B-36D204FE,REQUIRES_ENGINEERING_REVIEW,Mismatched conditionally critical attribute,seal_type (Conditional),CAT-BRG
AHM-BRG-83360,AHM-B-B50D3D96,NEAR_DUPLICATE,"Identical MPN, perturbed desc, dropped minor field",NONE,CAT-BRG
NEC-PIP-63600,NEC-B-F84946E7,NEAR_DUPLICATE,"Identical MPN, perturbed desc, dropped minor field",NONE,CAT-PIP
BUS-DUP-94354,BUS-B-3F554C79,EXACT_DUPLICATE,"Identical MPN/Attributes, perturbed description",NONE,CAT-FST
GME-LUB-73286,GME-B-F8CE0A5E,NOT_EQUIVALENT,"Same category, critical attribute conflict",NONE,CAT-LUB
BUS-MTR-71371,BUS-B-BD39D84D,EXACT_DUPLICATE,"Identical MPN/Attributes, perturbed description",NONE,CAT-MTR
BUS-DUP-39771,BUS-B-3DB0561B,FUNCTIONALLY_EQUIVALENT,"Different Manufacturer/MPN, identical critical attributes",NONE,CAT-FLG
NEC-VLV-81008,NEC-B-4E6217F7,NEAR_DUPLICATE,"Identical MPN, perturbed desc, dropped minor field",NONE,CAT-VLV
NEC-FST-87753,NEC-B-47E4B3D1,FUNCTIONALLY_EQUIVALENT,"Different Manufacturer/MPN, identical critical attributes",NONE,CAT-FST
CPI-INS-43899,CPI-B-2C22C798,FUNCTIONALLY_EQUIVALENT,"Different Manufacturer/MPN, identical critical attributes",NONE,CAT-INS
NEC-BRG-80140,NEC-B-E4CD9624,REQUIRES_ENGINEERING_REVIEW,Mismatched conditionally critical attribute,seal_type (Conditional),CAT-BRG
NEC-PMP-54930,NEC-B-41801435,RELATED,"Same category/mfg, different size/specs",NONE,CAT-PMP
CPI-GSK-35105,CPI-B-C782C9CD,FUNCTIONALLY_EQUIVALENT,"Different Manufacturer/MPN, identical critical attributes",NONE,CAT-GSK
NEC-PIP-52716,NEC-B-E3A2F67D,EXACT_DUPLICATE,"Identical MPN/Attributes, perturbed description",NONE,CAT-PIP
GME-DUP-80148,GME-B-B85A2CCF,NEAR_DUPLICATE,"Identical MPN, perturbed desc, dropped minor field",NONE,CAT-PIP
AHM-CFL-27125,AHM-B-DEFE145C,NOT_EQUIVALENT,"Same category, critical attribute conflict",NONE,CAT-ELC
CPI-PIP-57714,CPI-B-79BE8B24,EXACT_DUPLICATE,"Identical MPN/Attributes, perturbed description",NONE,CAT-PIP
CPI-BRG-76612,CPI-B-CA897EAF,REQUIRES_ENGINEERING_REVIEW,Mismatched conditionally critical attribute,seal_type (Conditional),CAT-BRG
AHM-VLV-50846,AHM-B-D1938F2F,FUNCTIONALLY_EQUIVALENT,"Different Manufacturer/MPN, identical critical attributes",NONE,CAT-VLV
AHM-PIP-95885,AHM-B-47F5EC5E,NEAR_DUPLICATE,"Identical MPN, perturbed desc, dropped minor field",NONE,CAT-PIP
AHM-BRG-90822,AHM-B-13B36254,REQUIRES_ENGINEERING_REVIEW,Mismatched conditionally critical attribute,seal_type (Conditional),CAT-BRG
AHM-VLV-60012,AHM-B-062CC2B5,EXACT_DUPLICATE,"Identical MPN/Attributes, perturbed description",NONE,CAT-VLV
BUS-BRG-90591,BUS-B-ABBB609E,REQUIRES_ENGINEERING_REVIEW,Mismatched conditionally critical attribute,seal_type (Conditional),CAT-BRG
AHM-PPE-25802,AHM-B-CDBD60CF,EXACT_DUPLICATE,"Identical MPN/Attributes, perturbed description",NONE,CAT-PPE
GME-DUP-95618,GME-B-6228997F,NOT_EQUIVALENT,"Same category, critical attribute conflict",frequency,CAT-MTR
BUS-BRG-45236,BUS-B-703C2578,REQUIRES_ENGINEERING_REVIEW,Mismatched conditionally critical attribute,seal_type (Conditional),CAT-BRG
CPI-GSK-22903,CPI-B-FD8311A9,FUNCTIONALLY_EQUIVALENT,"Different Manufacturer/MPN, identical critical attributes",NONE,CAT-GSK
BUS-CBL-82781,BUS-B-B58C65A6,NOT_EQUIVALENT,Completely different category,CATEGORY_MISMATCH,CAT-CBL
CPI-BRG-76491,CPI-B-2B9879FA,REQUIRES_ENGINEERING_REVIEW,Mismatched conditionally critical attribute,seal_type (Conditional),CAT-BRG
NEC-DUP-78353,NEC-B-4A3D3392,RELATED,"Same category/mfg, different size/specs",NONE,CAT-FLG
BUS-DUP-13061,BUS-B-533042F6,RELATED,"Same category/mfg, different size/specs",NONE,CAT-INS
NEC-FLG-90754,NEC-B-427452B3,RELATED,"Same category/mfg, different size/specs",NONE,CAT-FLG
BUS-GSK-74312,BUS-B-F2F21FF7,NEAR_DUPLICATE,"Identical MPN, perturbed desc, dropped minor field",NONE,CAT-GSK
AHM-VLV-42218,AHM-B-2579281D,FUNCTIONALLY_EQUIVALENT,"Different Manufacturer/MPN, identical critical attributes",NONE,CAT-VLV
NEC-FST-42546,NEC-B-14E89A45,NEAR_DUPLICATE,"Identical MPN, perturbed desc, dropped minor field",NONE,CAT-FST
AHM-PPE-47305,AHM-B-199BB0C1,NEAR_DUPLICATE,"Identical MPN, perturbed desc, dropped minor field",NONE,CAT-PPE
AHM-BRG-36740,AHM-B-44255D58,REQUIRES_ENGINEERING_REVIEW,Mismatched conditionally critical attribute,seal_type (Conditional),CAT-BRG
CPI-ELC-83256,CPI-B-BA9D7108,EXACT_DUPLICATE,"Identical MPN/Attributes, perturbed description",NONE,CAT-ELC
GME-GSK-42947,GME-B-97062809,NEAR_DUPLICATE,"Identical MPN, perturbed desc, dropped minor field",NONE,CAT-GSK
CPI-CBL-96974,CPI-B-6F3BBB4F,NOT_EQUIVALENT,"Same category, critical attribute conflict",NONE,CAT-CBL
BUS-BRG-78597,BUS-B-14B1E8ED,REQUIRES_ENGINEERING_REVIEW,Mismatched conditionally critical attribute,seal_type (Conditional),CAT-BRG
GME-DUP-53038,GME-B-33322562,FUNCTIONALLY_EQUIVALENT,"Different Manufacturer/MPN, identical critical attributes",NONE,CAT-BRG
AHM-BRG-39514,AHM-B-5F561AEE,REQUIRES_ENGINEERING_REVIEW,Mismatched conditionally critical attribute,seal_type (Conditional),CAT-BRG
NEC-INS-15995,NEC-B-90B6FD44,EXACT_DUPLICATE,"Identical MPN/Attributes, perturbed description",NONE,CAT-INS
AHM-PIP-63540,AHM-B-3DD104C4,NOT_EQUIVALENT,"Same category, critical attribute conflict",schedule,CAT-PIP
NEC-GSK-65892,NEC-B-CE776005,NOT_EQUIVALENT,Completely different category,CATEGORY_MISMATCH,CAT-GSK
GME-PMP-74734,GME-B-37676957,RELATED,"Same category/mfg, different size/specs",NONE,CAT-PMP
CPI-FST-76851,CPI-B-596E2B0C,FUNCTIONALLY_EQUIVALENT,"Different Manufacturer/MPN, identical critical attributes",NONE,CAT-FST
BUS-INS-83251,BUS-B-139E18BC,EXACT_DUPLICATE,"Identical MPN/Attributes, perturbed description",NONE,CAT-INS
AHM-CFL-99289,AHM-B-9991A806,REQUIRES_ENGINEERING_REVIEW,Mismatched conditionally critical attribute,seal_type (Conditional),CAT-BRG
CPI-CBL-73010,CPI-B-9B96E1C8,RELATED,"Same category/mfg, different size/specs",NONE,CAT-CBL
BUS-PIP-18193,BUS-B-0F973636,NEAR_DUPLICATE,"Identical MPN, perturbed desc, dropped minor field",NONE,CAT-PIP
GME-FST-57801,GME-B-73318243,NOT_EQUIVALENT,"Same category, critical attribute conflict",NONE,CAT-FST
BUS-FLG-65807,BUS-B-A650D17A,NEAR_DUPLICATE,"Identical MPN, perturbed desc, dropped minor field",NONE,CAT-FLG
BUS-CFL-19122,BUS-B-3B94792D,NOT_EQUIVALENT,Completely different category,CATEGORY_MISMATCH,CAT-ELC
CPI-INS-27092,CPI-B-368C0CC9,FUNCTIONALLY_EQUIVALENT,"Different Manufacturer/MPN, identical critical attributes",NONE,CAT-INS
GME-DUP-63945,GME-B-6E752DBB,FUNCTIONALLY_EQUIVALENT,"Different Manufacturer/MPN, identical critical attributes",NONE,CAT-PIP
AHM-BRG-67706,AHM-B-D14B035E,REQUIRES_ENGINEERING_REVIEW,Mismatched conditionally critical attribute,seal_type (Conditional),CAT-BRG
CPI-DUP-28952,CPI-B-5E2693FF,FUNCTIONALLY_EQUIVALENT,"Different Manufacturer/MPN, identical critical attributes",NONE,CAT-VLV
AHM-FST-86934,AHM-B-DDE5B07A,FUNCTIONALLY_EQUIVALENT,"Different Manufacturer/MPN, identical critical attributes",NONE,CAT-FST
GME-CBL-76997,GME-B-C356CC54,NOT_EQUIVALENT,Completely different category,CATEGORY_MISMATCH,CAT-CBL
BUS-INS-18985,BUS-B-4443115D,NEAR_DUPLICATE,"Identical MPN, perturbed desc, dropped minor field",NONE,CAT-INS
GME-BRG-82770,GME-B-1E55CDF9,NEAR_DUPLICATE,"Identical MPN, perturbed desc, dropped minor field",NONE,CAT-BRG
NEC-BRG-55593,NEC-B-5C9D451F,REQUIRES_ENGINEERING_REVIEW,Mismatched conditionally critical attribute,seal_type (Conditional),CAT-BRG
BUS-MTR-48256,BUS-B-1E5AA21A,NEAR_DUPLICATE,"Identical MPN, perturbed desc, dropped minor field",NONE,CAT-MTR
AHM-CBL-99990,AHM-B-1157160E,NOT_EQUIVALENT,"Same category, critical attribute conflict",NONE,CAT-CBL
BUS-DUP-60121,BUS-B-F588D8A9,FUNCTIONALLY_EQUIVALENT,"Different Manufacturer/MPN, identical critical attributes",NONE,CAT-FST
GME-FST-80692,GME-B-D002DD6F,NOT_EQUIVALENT,"Same category, critical attribute conflict",NONE,CAT-FST
NEC-BRG-71002,NEC-B-CB07251F,REQUIRES_ENGINEERING_REVIEW,Mismatched conditionally critical attribute,seal_type (Conditional),CAT-BRG
BUS-GSK-85747,BUS-B-C62375E0,NEAR_DUPLICATE,"Identical MPN, perturbed desc, dropped minor field",NONE,CAT-GSK
CPI-DUP-42614,CPI-B-E1E4E36A,REQUIRES_ENGINEERING_REVIEW,Mismatched conditionally critical attribute,seal_type (Conditional),CAT-BRG
GME-FST-98079,GME-B-CC6AB1C3,RELATED,"Same category/mfg, different size/specs",NONE,CAT-FST
AHM-DUP-47186,AHM-B-A2E6D180,REQUIRES_ENGINEERING_REVIEW,Mismatched conditionally critical attribute,seal_type (Conditional),CAT-BRG
CPI-DUP-17875,CPI-B-755E2721,FUNCTIONALLY_EQUIVALENT,"Different Manufacturer/MPN, identical critical attributes",NONE,CAT-CBL
NEC-DUP-56419,NEC-B-B84C7497,NEAR_DUPLICATE,"Identical MPN, perturbed desc, dropped minor field",NONE,CAT-MTR
CPI-CFL-78641,CPI-B-08EB2643,NOT_EQUIVALENT,Completely different category,CATEGORY_MISMATCH,CAT-MTR
AHM-DUP-73000,AHM-B-2A43FF72,FUNCTIONALLY_EQUIVALENT,"Different Manufacturer/MPN, identical critical attributes",NONE,CAT-CBL
BUS-MTR-42886,BUS-B-AD8D3F78,FUNCTIONALLY_EQUIVALENT,"Different Manufacturer/MPN, identical critical attributes",NONE,CAT-MTR
GME-ELC-81095,GME-B-2A80E0A3,RELATED,"Same category/mfg, different size/specs",NONE,CAT-ELC
CPI-BRG-63909,CPI-B-60F30E39,FUNCTIONALLY_EQUIVALENT,"Different Manufacturer/MPN, identical critical attributes",NONE,CAT-BRG
AHM-FLG-62261,AHM-B-D4D6B59C,EXACT_DUPLICATE,"Identical MPN/Attributes, perturbed description",NONE,CAT-FLG
NEC-BRG-48799,NEC-B-715D6C58,REQUIRES_ENGINEERING_REVIEW,Mismatched conditionally critical attribute,seal_type (Conditional),CAT-BRG
CPI-BRG-25008,CPI-B-D8E03DAA,FUNCTIONALLY_EQUIVALENT,"Different Manufacturer/MPN, identical critical attributes",NONE,CAT-BRG
GME-CFL-33350,GME-B-A249240D,NEAR_DUPLICATE,"Identical MPN, perturbed desc, dropped minor field",NONE,CAT-PPE
BUS-VLV-87122,BUS-B-1E620E61,RELATED,"Same category/mfg, different size/specs",NONE,CAT-VLV
NEC-PIP-64637,NEC-B-02845133,NEAR_DUPLICATE,"Identical MPN, perturbed desc, dropped minor field",NONE,CAT-PIP
AHM-LUB-43260,AHM-B-99EC8ACA,FUNCTIONALLY_EQUIVALENT,"Different Manufacturer/MPN, identical critical attributes",NONE,CAT-LUB
NEC-PPE-57251,NEC-B-511E2327,FUNCTIONALLY_EQUIVALENT,"Different Manufacturer/MPN, identical critical attributes",NONE,CAT-PPE
NEC-MTR-25527,NEC-B-22B301ED,EXACT_DUPLICATE,"Identical MPN/Attributes, perturbed description",NONE,CAT-MTR
CPI-DUP-83181,CPI-B-FE293618,NOT_EQUIVALENT,Completely different category,CATEGORY_MISMATCH,CAT-LUB
AHM-BRG-62279,AHM-B-B89A9800,REQUIRES_ENGINEERING_REVIEW,Mismatched conditionally critical attribute,seal_type (Conditional),CAT-BRG
NEC-PPE-79818,NEC-B-77FE67BE,FUNCTIONALLY_EQUIVALENT,"Different Manufacturer/MPN, identical critical attributes",NONE,CAT-PPE
GME-CBL-18237,GME-B-350CD28D,FUNCTIONALLY_EQUIVALENT,"Different Manufacturer/MPN, identical critical attributes",NONE,CAT-CBL
BUS-MTR-48778,BUS-B-AA6174EB,NEAR_DUPLICATE,"Identical MPN, perturbed desc, dropped minor field",NONE,CAT-MTR
BUS-DUP-23062,BUS-B-CAD3BB5C,NOT_EQUIVALENT,Completely different category,CATEGORY_MISMATCH,CAT-GSK
GME-ELC-67083,GME-B-8D2E2C1F,FUNCTIONALLY_EQUIVALENT,"Different Manufacturer/MPN, identical critical attributes",NONE,CAT-ELC
AHM-BRG-64999,AHM-B-38B3C849,REQUIRES_ENGINEERING_REVIEW,Mismatched conditionally critical attribute,seal_type (Conditional),CAT-BRG
BUS-MTR-33816,BUS-B-90D8604D,NOT_EQUIVALENT,"Same category, critical attribute conflict",frequency,CAT-MTR
AHM-PPE-38565,AHM-B-A066C2EF,NOT_EQUIVALENT,"Same category, critical attribute conflict",NONE,CAT-PPE
CPI-MTR-59890,CPI-B-924166C5,NOT_EQUIVALENT,Completely different category,CATEGORY_MISMATCH,CAT-MTR
CPI-CBL-85073,CPI-B-895F4299,FUNCTIONALLY_EQUIVALENT,"Different Manufacturer/MPN, identical critical attributes",NONE,CAT-CBL
AHM-DUP-13682,AHM-B-DF99F476,EXACT_DUPLICATE,"Identical MPN/Attributes, perturbed description",NONE,CAT-VLV
BUS-INS-11649,BUS-B-E8B53AE2,RELATED,"Same category/mfg, different size/specs",NONE,CAT-INS
GME-BRG-58628,GME-B-3066FD26,REQUIRES_ENGINEERING_REVIEW,Mismatched conditionally critical attribute,seal_type (Conditional),CAT-BRG
AHM-FST-35495,AHM-B-AA4DED28,FUNCTIONALLY_EQUIVALENT,"Different Manufacturer/MPN, identical critical attributes",NONE,CAT-FST
NEC-BRG-14513,NEC-B-D4EC9A29,REQUIRES_ENGINEERING_REVIEW,Mismatched conditionally critical attribute,seal_type (Conditional),CAT-BRG
AHM-VLV-27115,AHM-B-68C6652D,NOT_EQUIVALENT,Completely different category,CATEGORY_MISMATCH,CAT-VLV
NEC-GSK-36441,NEC-B-E834AF1E,NOT_EQUIVALENT,"Same category, critical attribute conflict",NONE,CAT-GSK
CPI-FST-91199,CPI-B-BC61DD06,NEAR_DUPLICATE,"Identical MPN, perturbed desc, dropped minor field",NONE,CAT-FST
BUS-CBL-89430,BUS-B-49CC3A66,EXACT_DUPLICATE,"Identical MPN/Attributes, perturbed description",NONE,CAT-CBL
GME-GSK-43247,GME-B-D64868C7,EXACT_DUPLICATE,"Identical MPN/Attributes, perturbed description",NONE,CAT-GSK
BUS-DUP-58480,BUS-B-58A1134B,NEAR_DUPLICATE,"Identical MPN, perturbed desc, dropped minor field",NONE,CAT-PMP
NEC-VLV-81328,NEC-B-542DBC6B,EXACT_DUPLICATE,"Identical MPN/Attributes, perturbed description",NONE,CAT-VLV
AHM-BRG-73799,AHM-B-BD2D5BEF,REQUIRES_ENGINEERING_REVIEW,Mismatched conditionally critical attribute,seal_type (Conditional),CAT-BRG
AHM-CBL-17893,AHM-B-13F79640,FUNCTIONALLY_EQUIVALENT,"Different Manufacturer/MPN, identical critical attributes",NONE,CAT-CBL
NEC-FLG-26024,NEC-B-B710835A,FUNCTIONALLY_EQUIVALENT,"Different Manufacturer/MPN, identical critical attributes",NONE,CAT-FLG
CPI-GSK-11905,CPI-B-DE6525F1,NEAR_DUPLICATE,"Identical MPN, perturbed desc, dropped minor field",NONE,CAT-GSK
CPI-BRG-33247,CPI-B-10D94681,RELATED,"Same category/mfg, different size/specs",NONE,CAT-BRG
NEC-DUP-29498,NEC-B-50922464,NOT_EQUIVALENT,"Same category, critical attribute conflict",body_material,CAT-VLV
GME-FLG-48413,GME-B-FFDCCC94,NOT_EQUIVALENT,"Same category, critical attribute conflict",NONE,CAT-FLG
BUS-DUP-60611,BUS-B-76DA5FB0,EXACT_DUPLICATE,"Identical MPN/Attributes, perturbed description",NONE,CAT-INS
NEC-LUB-80949,NEC-B-B27E8B35,NOT_EQUIVALENT,Completely different category,CATEGORY_MISMATCH,CAT-LUB
AHM-CBL-68056,AHM-B-703EDA8D,NOT_EQUIVALENT,"Same category, critical attribute conflict",NONE,CAT-CBL
BUS-GSK-58065,BUS-B-1C4C7CA3,RELATED,"Same category/mfg, different size/specs",NONE,CAT-GSK
NEC-DUP-96129,NEC-B-AC1783BA,RELATED,"Same category/mfg, different size/specs",NONE,CAT-PMP
NEC-DUP-74110,NEC-B-5422647B,EXACT_DUPLICATE,"Identical MPN/Attributes, perturbed description",NONE,CAT-CBL
GME-ELC-77813,GME-B-CB371733,EXACT_DUPLICATE,"Identical MPN/Attributes, perturbed description",NONE,CAT-ELC
AHM-DUP-50048,AHM-B-0FAA61F0,NEAR_DUPLICATE,"Identical MPN, perturbed desc, dropped minor field",NONE,CAT-GSK
BUS-FST-51773,BUS-B-8B31F147,EXACT_DUPLICATE,"Identical MPN/Attributes, perturbed description",NONE,CAT-FST
GME-DUP-21283,GME-B-5C80F66D,NOT_EQUIVALENT,"Same category, critical attribute conflict",schedule,CAT-PIP
AHM-DUP-13682,AHM-B-A9FC6752,NOT_EQUIVALENT,Completely different category,CATEGORY_MISMATCH,CAT-VLV
NEC-CBL-67261,NEC-B-8024AABC,NOT_EQUIVALENT,"Same category, critical attribute conflict",NONE,CAT-CBL
BUS-DUP-76330,BUS-B-17EF005E,NEAR_DUPLICATE,"Identical MPN, perturbed desc, dropped minor field",NONE,CAT-GSK
AHM-CFL-46782,AHM-B-291759B9,RELATED,"Same category/mfg, different size/specs",NONE,CAT-LUB
CPI-BRG-95707,CPI-B-F57B6364,NEAR_DUPLICATE,"Identical MPN, perturbed desc, dropped minor field",NONE,CAT-BRG
CPI-INS-37912,CPI-B-038924CE,FUNCTIONALLY_EQUIVALENT,"Different Manufacturer/MPN, identical critical attributes",NONE,CAT-INS
CPI-MTR-57406,CPI-B-394B655A,NEAR_DUPLICATE,"Identical MPN, perturbed desc, dropped minor field",NONE,CAT-MTR
AHM-BRG-34834,AHM-B-50FB86D6,REQUIRES_ENGINEERING_REVIEW,Mismatched conditionally critical attribute,seal_type (Conditional),CAT-BRG
NEC-GSK-98373,NEC-B-FA283A43,NEAR_DUPLICATE,"Identical MPN, perturbed desc, dropped minor field",NONE,CAT-GSK
CPI-PPE-93895,CPI-B-AE019F5F,NOT_EQUIVALENT,Completely different category,CATEGORY_MISMATCH,CAT-PPE
AHM-ELC-66293,AHM-B-B4AD96AF,EXACT_DUPLICATE,"Identical MPN/Attributes, perturbed description",NONE,CAT-ELC
NEC-CBL-16047,NEC-B-8BC36553,NOT_EQUIVALENT,Completely different category,CATEGORY_MISMATCH,CAT-CBL
AHM-ELC-83532,AHM-B-9CD88A39,RELATED,"Same category/mfg, different size/specs",NONE,CAT-ELC
GME-ELC-89237,GME-B-09962752,EXACT_DUPLICATE,"Identical MPN/Attributes, perturbed description",NONE,CAT-ELC
AHM-DUP-40056,AHM-B-B34421D5,RELATED,"Same category/mfg, different size/specs",NONE,CAT-PMP
AHM-PIP-63540,AHM-B-7F502563,EXACT_DUPLICATE,"Identical MPN/Attributes, perturbed description",NONE,CAT-PIP
GME-INS-77560,GME-B-D1994C1F,NEAR_DUPLICATE,"Identical MPN, perturbed desc, dropped minor field",NONE,CAT-INS
AHM-DUP-57718,AHM-B-9444065D,REQUIRES_ENGINEERING_REVIEW,Mismatched conditionally critical attribute,seal_type (Conditional),CAT-BRG
AHM-BRG-61111,AHM-B-513E6DB4,RELATED,"Same category/mfg, different size/specs",NONE,CAT-BRG
AHM-DUP-57820,AHM-B-2EB15FFC,NOT_EQUIVALENT,"Same category, critical attribute conflict",NONE,CAT-ELC
AHM-INS-44173,AHM-B-52A406B9,NOT_EQUIVALENT,Completely different category,CATEGORY_MISMATCH,CAT-INS
AHM-PIP-21862,AHM-B-206C407D,NEAR_DUPLICATE,"Identical MPN, perturbed desc, dropped minor field",NONE,CAT-PIP
GME-DUP-70704,GME-B-953A66C0,NOT_EQUIVALENT,"Same category, critical attribute conflict",power,CAT-MTR
CPI-BRG-95492,CPI-B-D662D3D6,REQUIRES_ENGINEERING_REVIEW,Mismatched conditionally critical attribute,seal_type (Conditional),CAT-BRG
AHM-FLG-90291,AHM-B-8D8D8C0F,NEAR_DUPLICATE,"Identical MPN, perturbed desc, dropped minor field",NONE,CAT-FLG
AHM-GSK-51570,AHM-B-2F7D694F,RELATED,"Same category/mfg, different size/specs",NONE,CAT-GSK
CPI-BRG-62391,CPI-B-4F19B37E,REQUIRES_ENGINEERING_REVIEW,Mismatched conditionally critical attribute,seal_type (Conditional),CAT-BRG
CPI-PPE-32189,CPI-B-035933D8,NEAR_DUPLICATE,"Identical MPN, perturbed desc, dropped minor field",NONE,CAT-PPE
CPI-PIP-73843,CPI-B-6073D4DA,NEAR_DUPLICATE,"Identical MPN, perturbed desc, dropped minor field",NONE,CAT-PIP
AHM-BRG-38647,AHM-B-FE298233,REQUIRES_ENGINEERING_REVIEW,Mismatched conditionally critical attribute,seal_type (Conditional),CAT-BRG
GME-DUP-26532,GME-B-AB185B43,EXACT_DUPLICATE,"Identical MPN/Attributes, perturbed description",NONE,CAT-GSK
CPI-CFL-20049,CPI-B-CD7D2AD0,REQUIRES_ENGINEERING_REVIEW,Mismatched conditionally critical attribute,seal_type (Conditional),CAT-BRG
BUS-FLG-43083,BUS-B-B886D3C1,RELATED,"Same category/mfg, different size/specs",NONE,CAT-FLG
AHM-BRG-78936,AHM-B-61D8B7E8,EXACT_DUPLICATE,"Identical MPN/Attributes, perturbed description",NONE,CAT-BRG
NEC-INS-86793,NEC-B-4CECE07D,EXACT_DUPLICATE,"Identical MPN/Attributes, perturbed description",NONE,CAT-INS
GME-ELC-76162,GME-B-4508E50D,NOT_EQUIVALENT,Completely different category,CATEGORY_MISMATCH,CAT-ELC
BUS-LUB-78722,BUS-B-76990CED,EXACT_DUPLICATE,"Identical MPN/Attributes, perturbed description",NONE,CAT-LUB
BUS-ELC-80054,BUS-B-B936714D,RELATED,"Same category/mfg, different size/specs",NONE,CAT-ELC
CPI-DUP-85993,CPI-B-1B3DDE42,NEAR_DUPLICATE,"Identical MPN, perturbed desc, dropped minor field",NONE,CAT-MTR
NEC-DUP-81700,NEC-B-87A017D6,FUNCTIONALLY_EQUIVALENT,"Different Manufacturer/MPN, identical critical attributes",NONE,CAT-PIP
NEC-DUP-67357,NEC-B-C47D7EAC,FUNCTIONALLY_EQUIVALENT,"Different Manufacturer/MPN, identical critical attributes",NONE,CAT-INS
CPI-DUP-96540,CPI-B-9A53CE8B,NEAR_DUPLICATE,"Identical MPN, perturbed desc, dropped minor field",NONE,CAT-MTR
BUS-PMP-75535,BUS-B-B486941C,RELATED,"Same category/mfg, different size/specs",NONE,CAT-PMP
GME-FST-80562,GME-B-E80C6D85,RELATED,"Same category/mfg, different size/specs",NONE,CAT-FST
BUS-BRG-13369,BUS-B-23038479,REQUIRES_ENGINEERING_REVIEW,Mismatched conditionally critical attribute,seal_type (Conditional),CAT-BRG
AHM-BRG-96259,AHM-B-A60BB3FD,REQUIRES_ENGINEERING_REVIEW,Mismatched conditionally critical attribute,seal_type (Conditional),CAT-BRG
AHM-LUB-18856,AHM-B-0847F85A,EXACT_DUPLICATE,"Identical MPN/Attributes, perturbed description",NONE,CAT-LUB
AHM-PIP-35833,AHM-B-9D952555,EXACT_DUPLICATE,"Identical MPN/Attributes, perturbed description",NONE,CAT-PIP
NEC-PPE-35913,NEC-B-7B53030B,RELATED,"Same category/mfg, different size/specs",NONE,CAT-PPE
AHM-LUB-47799,AHM-B-401EA938,RELATED,"Same category/mfg, different size/specs",NONE,CAT-LUB
AHM-MTR-63108,AHM-B-EB8E5DB7,EXACT_DUPLICATE,"Identical MPN/Attributes, perturbed description",NONE,CAT-MTR
BUS-CBL-21172,BUS-B-0B7F7042,FUNCTIONALLY_EQUIVALENT,"Different Manufacturer/MPN, identical critical attributes",NONE,CAT-CBL
GME-FLG-81977,GME-B-F474C01E,NEAR_DUPLICATE,"Identical MPN, perturbed desc, dropped minor field",NONE,CAT-FLG
BUS-BRG-47033,BUS-B-F348A414,REQUIRES_ENGINEERING_REVIEW,Mismatched conditionally critical attribute,seal_type (Conditional),CAT-BRG
NEC-INS-41186,NEC-B-AF8283D5,NEAR_DUPLICATE,"Identical MPN, perturbed desc, dropped minor field",NONE,CAT-INS
NEC-BRG-23938,NEC-B-5F3945E1,REQUIRES_ENGINEERING_REVIEW,Mismatched conditionally critical attribute,seal_type (Conditional),CAT-BRG
GME-BRG-97235,GME-B-9FCAEED1,REQUIRES_ENGINEERING_REVIEW,Mismatched conditionally critical attribute,seal_type (Conditional),CAT-BRG
CPI-CFL-58553,CPI-B-66875FE4,NOT_EQUIVALENT,Completely different category,CATEGORY_MISMATCH,CAT-GSK
AHM-MTR-98699,AHM-B-BDEE5E32,NEAR_DUPLICATE,"Identical MPN, perturbed desc, dropped minor field",NONE,CAT-MTR
AHM-DUP-10946,AHM-B-F73609BF,FUNCTIONALLY_EQUIVALENT,"Different Manufacturer/MPN, identical critical attributes",NONE,CAT-CBL
AHM-PPE-27651,AHM-B-B7BF2FC1,NOT_EQUIVALENT,"Same category, critical attribute conflict",NONE,CAT-PPE
AHM-DUP-22758,AHM-B-DA61FAD6,EXACT_DUPLICATE,"Identical MPN/Attributes, perturbed description",NONE,CAT-BRG
GME-DUP-23093,GME-B-B1487018,EXACT_DUPLICATE,"Identical MPN/Attributes, perturbed description",NONE,CAT-PMP
CPI-PIP-93596,CPI-B-C8A50607,FUNCTIONALLY_EQUIVALENT,"Different Manufacturer/MPN, identical critical attributes",NONE,CAT-PIP
BUS-DUP-38799,BUS-B-29A3D875,REQUIRES_ENGINEERING_REVIEW,Mismatched conditionally critical attribute,seal_type (Conditional),CAT-BRG
BUS-CBL-82983,BUS-B-56279467,NOT_EQUIVALENT,Completely different category,CATEGORY_MISMATCH,CAT-CBL
BUS-PPE-40736,BUS-B-FAD8CF9A,EXACT_DUPLICATE,"Identical MPN/Attributes, perturbed description",NONE,CAT-PPE
GME-DUP-68612,GME-B-66AFF679,RELATED,"Same category/mfg, different size/specs",NONE,CAT-MTR
CPI-DUP-71446,CPI-B-B9DC40AA,FUNCTIONALLY_EQUIVALENT,"Different Manufacturer/MPN, identical critical attributes",NONE,CAT-PMP
NEC-GSK-93073,NEC-B-82653EFF,NOT_EQUIVALENT,Completely different category,CATEGORY_MISMATCH,CAT-GSK
BUS-FST-36742,BUS-B-AAC0C718,EXACT_DUPLICATE,"Identical MPN/Attributes, perturbed description",NONE,CAT-FST
CPI-FLG-24960,CPI-B-6968A046,RELATED,"Same category/mfg, different size/specs",NONE,CAT-FLG
AHM-PPE-46761,AHM-B-A30BDA8A,NOT_EQUIVALENT,Completely different category,CATEGORY_MISMATCH,CAT-PPE
CPI-DUP-86382,CPI-B-4867F9E1,NEAR_DUPLICATE,"Identical MPN, perturbed desc, dropped minor field",NONE,CAT-LUB
BUS-PIP-57668,BUS-B-F771A303,FUNCTIONALLY_EQUIVALENT,"Different Manufacturer/MPN, identical critical attributes",NONE,CAT-PIP
GME-DUP-18144,GME-B-0EDE4777,FUNCTIONALLY_EQUIVALENT,"Different Manufacturer/MPN, identical critical attributes",NONE,CAT-PPE
CPI-MTR-92239,CPI-B-4B34F7D2,NOT_EQUIVALENT,Completely different category,CATEGORY_MISMATCH,CAT-MTR
NEC-PPE-98836,NEC-B-C9877A81,EXACT_DUPLICATE,"Identical MPN/Attributes, perturbed description",NONE,CAT-PPE
AHM-PMP-92844,AHM-B-ECE2A587,NOT_EQUIVALENT,"Same category, critical attribute conflict",NONE,CAT-PMP
NEC-FST-74066,NEC-B-EF6F2F64,EXACT_DUPLICATE,"Identical MPN/Attributes, perturbed description",NONE,CAT-FST
NEC-BRG-18641,NEC-B-7560B287,REQUIRES_ENGINEERING_REVIEW,Mismatched conditionally critical attribute,seal_type (Conditional),CAT-BRG
BUS-FLG-82623,BUS-B-7578D780,RELATED,"Same category/mfg, different size/specs",NONE,CAT-FLG
AHM-FST-66829,AHM-B-EB85A4D5,NEAR_DUPLICATE,"Identical MPN, perturbed desc, dropped minor field",NONE,CAT-FST
GME-BRG-58628,GME-B-8DF72716,REQUIRES_ENGINEERING_REVIEW,Mismatched conditionally critical attribute,seal_type (Conditional),CAT-BRG
BUS-BRG-50810,BUS-B-D29CC586,EXACT_DUPLICATE,"Identical MPN/Attributes, perturbed description",NONE,CAT-BRG
GME-ELC-81095,GME-B-C5BED8CA,EXACT_DUPLICATE,"Identical MPN/Attributes, perturbed description",NONE,CAT-ELC
NEC-CFL-35620,NEC-B-5DB00E41,EXACT_DUPLICATE,"Identical MPN/Attributes, perturbed description",NONE,CAT-BRG
BUS-BRG-78597,BUS-B-9C03EB2D,REQUIRES_ENGINEERING_REVIEW,Mismatched conditionally critical attribute,seal_type (Conditional),CAT-BRG
AHM-BRG-87590,AHM-B-4F0FDD2C,REQUIRES_ENGINEERING_REVIEW,Mismatched conditionally critical attribute,seal_type (Conditional),CAT-BRG
BUS-VLV-74683,BUS-B-A18D47DD,FUNCTIONALLY_EQUIVALENT,"Different Manufacturer/MPN, identical critical attributes",NONE,CAT-VLV
AHM-ELC-68760,AHM-B-152C8408,NEAR_DUPLICATE,"Identical MPN, perturbed desc, dropped minor field",NONE,CAT-ELC
NEC-INS-26908,NEC-B-4BB3F902,EXACT_DUPLICATE,"Identical MPN/Attributes, perturbed description",NONE,CAT-INS
NEC-DUP-76147,NEC-B-CB5C74E0,REQUIRES_ENGINEERING_REVIEW,Mismatched conditionally critical attribute,seal_type (Conditional),CAT-BRG
CPI-BRG-63909,CPI-B-C9C95543,EXACT_DUPLICATE,"Identical MPN/Attributes, perturbed description",NONE,CAT-BRG
BUS-PMP-70029,BUS-B-90D5DFE1,EXACT_DUPLICATE,"Identical MPN/Attributes, perturbed description",NONE,CAT-PMP
GME-FST-76746,GME-B-DDB9142B,NOT_EQUIVALENT,"Same category, critical attribute conflict",NONE,CAT-FST
CPI-CFL-52939,CPI-B-C03FAF7A,NEAR_DUPLICATE,"Identical MPN, perturbed desc, dropped minor field",NONE,CAT-GSK
AHM-BRG-41194,AHM-B-7B226FF6,REQUIRES_ENGINEERING_REVIEW,Mismatched conditionally critical attribute,seal_type (Conditional),CAT-BRG
AHM-BRG-20707,AHM-B-27F02530,NEAR_DUPLICATE,"Identical MPN, perturbed desc, dropped minor field",NONE,CAT-BRG
AHM-BRG-40356,AHM-B-A1005770,REQUIRES_ENGINEERING_REVIEW,Mismatched conditionally critical attribute,seal_type (Conditional),CAT-BRG
AHM-BRG-73857,AHM-B-222021AC,REQUIRES_ENGINEERING_REVIEW,Mismatched conditionally critical attribute,seal_type (Conditional),CAT-BRG
NEC-BRG-12446,NEC-B-1DF92AE1,REQUIRES_ENGINEERING_REVIEW,Mismatched conditionally critical attribute,seal_type (Conditional),CAT-BRG
GME-LUB-16633,GME-B-DD36E7CC,EXACT_DUPLICATE,"Identical MPN/Attributes, perturbed description",NONE,CAT-LUB
BUS-DUP-11614,BUS-B-0BF4D1B7,EXACT_DUPLICATE,"Identical MPN/Attributes, perturbed description",NONE,CAT-GSK
GME-PIP-77350,GME-B-88DD3AA3,FUNCTIONALLY_EQUIVALENT,"Different Manufacturer/MPN, identical critical attributes",NONE,CAT-PIP
BUS-CFL-76879,BUS-B-3E2395DD,NEAR_DUPLICATE,"Identical MPN, perturbed desc, dropped minor field",NONE,CAT-INS
CPI-INS-71681,CPI-B-0F0A27C2,FUNCTIONALLY_EQUIVALENT,"Different Manufacturer/MPN, identical critical attributes",NONE,CAT-INS
AHM-CBL-93660,AHM-B-19FFB132,EXACT_DUPLICATE,"Identical MPN/Attributes, perturbed description",NONE,CAT-CBL
CPI-BRG-63187,CPI-B-3EEC8BB9,REQUIRES_ENGINEERING_REVIEW,Mismatched conditionally critical attribute,seal_type (Conditional),CAT-BRG
AHM-BRG-83360,AHM-B-A1541153,REQUIRES_ENGINEERING_REVIEW,Mismatched conditionally critical attribute,seal_type (Conditional),CAT-BRG
GME-DUP-76498,GME-B-83B4C7E9,FUNCTIONALLY_EQUIVALENT,"Different Manufacturer/MPN, identical critical attributes",NONE,CAT-LUB
CPI-CBL-98790,CPI-B-5C6E3317,EXACT_DUPLICATE,"Identical MPN/Attributes, perturbed description",NONE,CAT-CBL
NEC-DUP-52802,NEC-B-A71588AB,NOT_EQUIVALENT,"Same category, critical attribute conflict",NONE,CAT-PPE
GME-BRG-77792,GME-B-53B35C4F,REQUIRES_ENGINEERING_REVIEW,Mismatched conditionally critical attribute,seal_type (Conditional),CAT-BRG
GME-MTR-25099,GME-B-7A929E3A,EXACT_DUPLICATE,"Identical MPN/Attributes, perturbed description",NONE,CAT-MTR
CPI-BRG-60521,CPI-B-101D1751,REQUIRES_ENGINEERING_REVIEW,Mismatched conditionally critical attribute,seal_type (Conditional),CAT-BRG
NEC-PPE-89298,NEC-B-0C8439C1,RELATED,"Same category/mfg, different size/specs",NONE,CAT-PPE
AHM-ELC-91955,AHM-B-CABBC157,RELATED,"Same category/mfg, different size/specs",NONE,CAT-ELC
CPI-ELC-54748,CPI-B-68897822,NOT_EQUIVALENT,Completely different category,CATEGORY_MISMATCH,CAT-ELC
GME-GSK-31722,GME-B-AB6939B0,RELATED,"Same category/mfg, different size/specs",NONE,CAT-GSK
BUS-ELC-55700,BUS-B-B36F2498,FUNCTIONALLY_EQUIVALENT,"Different Manufacturer/MPN, identical critical attributes",NONE,CAT-ELC
GME-INS-80286,GME-B-D04D99E2,NEAR_DUPLICATE,"Identical MPN, perturbed desc, dropped minor field",NONE,CAT-INS
BUS-PPE-91732,BUS-B-A8F6912A,EXACT_DUPLICATE,"Identical MPN/Attributes, perturbed description",NONE,CAT-PPE
NEC-MTR-66220,NEC-B-1422B7C6,EXACT_DUPLICATE,"Identical MPN/Attributes, perturbed description",NONE,CAT-MTR
AHM-FLG-13957,AHM-B-EDE722AB,RELATED,"Same category/mfg, different size/specs",NONE,CAT-FLG
NEC-VLV-72285,NEC-B-406E5AC7,NOT_EQUIVALENT,"Same category, critical attribute conflict",size,CAT-VLV
NEC-PMP-69932,NEC-B-3BAE767E,FUNCTIONALLY_EQUIVALENT,"Different Manufacturer/MPN, identical critical attributes",NONE,CAT-PMP
AHM-MTR-99284,AHM-B-2B5008B7,NOT_EQUIVALENT,"Same category, critical attribute conflict",power,CAT-MTR
BUS-BRG-41820,BUS-B-52D5897C,REQUIRES_ENGINEERING_REVIEW,Mismatched conditionally critical attribute,seal_type (Conditional),CAT-BRG
BUS-ELC-28116,BUS-B-3A7D6A12,EXACT_DUPLICATE,"Identical MPN/Attributes, perturbed description",NONE,CAT-ELC
NEC-PPE-73863,NEC-B-7C4DF773,EXACT_DUPLICATE,"Identical MPN/Attributes, perturbed description",NONE,CAT-PPE
AHM-DUP-59374,AHM-B-DB436925,RELATED,"Same category/mfg, different size/specs",NONE,CAT-CBL
CPI-BRG-32839,CPI-B-531CA10E,REQUIRES_ENGINEERING_REVIEW,Mismatched conditionally critical attribute,seal_type (Conditional),CAT-BRG
AHM-LUB-31233,AHM-B-40D7E709,RELATED,"Same category/mfg, different size/specs",NONE,CAT-LUB
GME-FLG-91654,GME-B-1BA1914E,NEAR_DUPLICATE,"Identical MPN, perturbed desc, dropped minor field",NONE,CAT-FLG
CPI-CBL-24926,CPI-B-FAD4D663,EXACT_DUPLICATE,"Identical MPN/Attributes, perturbed description",NONE,CAT-CBL
GME-PIP-96624,GME-B-908ED9E0,NEAR_DUPLICATE,"Identical MPN, perturbed desc, dropped minor field",NONE,CAT-PIP
GME-FLG-22922,GME-B-91604BCD,FUNCTIONALLY_EQUIVALENT,"Different Manufacturer/MPN, identical critical attributes",NONE,CAT-FLG
AHM-VLV-81489,AHM-B-02EC4AE8,NOT_EQUIVALENT,"Same category, critical attribute conflict",pressure_class,CAT-VLV
AHM-PPE-95937,AHM-B-F9F5E035,RELATED,"Same category/mfg, different size/specs",NONE,CAT-PPE
GME-DUP-74299,GME-B-3A384449,NOT_EQUIVALENT,Completely different category,CATEGORY_MISMATCH,CAT-CBL
NEC-FLG-23210,NEC-B-E61881A4,EXACT_DUPLICATE,"Identical MPN/Attributes, perturbed description",NONE,CAT-FLG
CPI-BRG-16540,CPI-B-F4466F2B,REQUIRES_ENGINEERING_REVIEW,Mismatched conditionally critical attribute,seal_type (Conditional),CAT-BRG
AHM-PMP-93156,AHM-B-8D457F60,NEAR_DUPLICATE,"Identical MPN, perturbed desc, dropped minor field",NONE,CAT-PMP
BUS-GSK-74816,BUS-B-AA75C089,NEAR_DUPLICATE,"Identical MPN, perturbed desc, dropped minor field",NONE,CAT-GSK
AHM-CBL-73478,AHM-B-B7BE6E43,RELATED,"Same category/mfg, different size/specs",NONE,CAT-CBL
AHM-BRG-71910,AHM-B-A5D78188,NOT_EQUIVALENT,"Same category, critical attribute conflict",NONE,CAT-BRG
NEC-VLV-59054,NEC-B-6833FFC7,RELATED,"Same category/mfg, different size/specs",NONE,CAT-VLV
NEC-ELC-17350,NEC-B-962C8AB0,FUNCTIONALLY_EQUIVALENT,"Different Manufacturer/MPN, identical critical attributes",NONE,CAT-ELC
CPI-INS-53118,CPI-B-67E6C12C,RELATED,"Same category/mfg, different size/specs",NONE,CAT-INS
BUS-FST-70405,BUS-B-3C745CCB,NOT_EQUIVALENT,Completely different category,CATEGORY_MISMATCH,CAT-FST
NEC-DUP-80102,NEC-B-D6A05073,REQUIRES_ENGINEERING_REVIEW,Mismatched conditionally critical attribute,seal_type (Conditional),CAT-BRG
CPI-INS-52940,CPI-B-3E6D85BC,NOT_EQUIVALENT,Completely different category,CATEGORY_MISMATCH,CAT-INS
NEC-CBL-10652,NEC-B-F2355D65,EXACT_DUPLICATE,"Identical MPN/Attributes, perturbed description",NONE,CAT-CBL
CPI-BRG-30881,CPI-B-74CFF28A,REQUIRES_ENGINEERING_REVIEW,Mismatched conditionally critical attribute,seal_type (Conditional),CAT-BRG
CPI-DUP-19512,CPI-B-6315DAD8,EXACT_DUPLICATE,"Identical MPN/Attributes, perturbed description",NONE,CAT-VLV
AHM-DUP-22758,AHM-B-33D1CE86,FUNCTIONALLY_EQUIVALENT,"Different Manufacturer/MPN, identical critical attributes",NONE,CAT-BRG
CPI-CBL-58073,CPI-B-A732BC46,RELATED,"Same category/mfg, different size/specs",NONE,CAT-CBL
GME-CFL-78836,GME-B-AED11C89,EXACT_DUPLICATE,"Identical MPN/Attributes, perturbed description",NONE,CAT-GSK
NEC-PPE-63342,NEC-B-EE7D300E,EXACT_DUPLICATE,"Identical MPN/Attributes, perturbed description",NONE,CAT-PPE
NEC-BRG-77106,NEC-B-A9247399,REQUIRES_ENGINEERING_REVIEW,Mismatched conditionally critical attribute,seal_type (Conditional),CAT-BRG
BUS-CFL-10088,BUS-B-4D78C7DE,RELATED,"Same category/mfg, different size/specs",NONE,CAT-VLV
CPI-PMP-40546,CPI-B-E1090A99,EXACT_DUPLICATE,"Identical MPN/Attributes, perturbed description",NONE,CAT-PMP
NEC-FLG-13340,NEC-B-A8764A9C,NOT_EQUIVALENT,Completely different category,CATEGORY_MISMATCH,CAT-FLG
CPI-BRG-33247,CPI-B-EF9B74DC,REQUIRES_ENGINEERING_REVIEW,Mismatched conditionally critical attribute,seal_type (Conditional),CAT-BRG
CPI-FLG-33137,CPI-B-4ED73199,FUNCTIONALLY_EQUIVALENT,"Different Manufacturer/MPN, identical critical attributes",NONE,CAT-FLG
BUS-VLV-74683,BUS-B-92FABB87,RELATED,"Same category/mfg, different size/specs",NONE,CAT-VLV
CPI-DUP-85422,CPI-B-DD231780,NEAR_DUPLICATE,"Identical MPN, perturbed desc, dropped minor field",NONE,CAT-VLV
BUS-VLV-83284,BUS-B-4EAF3C1D,NOT_EQUIVALENT,Completely different category,CATEGORY_MISMATCH,CAT-VLV
AHM-DUP-91667,AHM-B-FFA98DA1,EXACT_DUPLICATE,"Identical MPN/Attributes, perturbed description",NONE,CAT-PMP
BUS-CBL-17319,BUS-B-43CD97F8,EXACT_DUPLICATE,"Identical MPN/Attributes, perturbed description",NONE,CAT-CBL
GME-DUP-87809,GME-B-ADE36900,EXACT_DUPLICATE,"Identical MPN/Attributes, perturbed description",NONE,CAT-PIP
CPI-DUP-18771,CPI-B-3194BE4C,REQUIRES_ENGINEERING_REVIEW,Mismatched conditionally critical attribute,seal_type (Conditional),CAT-BRG
AHM-PPE-28559,AHM-B-2F546F80,NOT_EQUIVALENT,"Same category, critical attribute conflict",NONE,CAT-PPE
NEC-DUP-70155,NEC-B-51D246F4,EXACT_DUPLICATE,"Identical MPN/Attributes, perturbed description",NONE,CAT-LUB
GME-BRG-74822,GME-B-464CAA81,REQUIRES_ENGINEERING_REVIEW,Mismatched conditionally critical attribute,seal_type (Conditional),CAT-BRG
BUS-CBL-64094,BUS-B-184DC3BB,FUNCTIONALLY_EQUIVALENT,"Different Manufacturer/MPN, identical critical attributes",NONE,CAT-CBL
GME-BRG-16532,GME-B-91957627,REQUIRES_ENGINEERING_REVIEW,Mismatched conditionally critical attribute,seal_type (Conditional),CAT-BRG
GME-PIP-26700,GME-B-55DE1B2E,NOT_EQUIVALENT,"Same category, critical attribute conflict",diameter,CAT-PIP
BUS-CFL-26733,BUS-B-E155E739,REQUIRES_ENGINEERING_REVIEW,Mismatched conditionally critical attribute,seal_type (Conditional),CAT-BRG
AHM-PPE-47238,AHM-B-1211ADB9,NEAR_DUPLICATE,"Identical MPN, perturbed desc, dropped minor field",NONE,CAT-PPE
CPI-BRG-55285,CPI-B-1D5D0382,EXACT_DUPLICATE,"Identical MPN/Attributes, perturbed description",NONE,CAT-BRG
NEC-VLV-26546,NEC-B-52385022,NEAR_DUPLICATE,"Identical MPN, perturbed desc, dropped minor field",NONE,CAT-VLV
CPI-BRG-44557,CPI-B-00C864D0,FUNCTIONALLY_EQUIVALENT,"Different Manufacturer/MPN, identical critical attributes",NONE,CAT-BRG
NEC-PIP-12584,NEC-B-23C78077,NEAR_DUPLICATE,"Identical MPN, perturbed desc, dropped minor field",NONE,CAT-PIP
GME-VLV-51650,GME-B-6C403287,RELATED,"Same category/mfg, different size/specs",NONE,CAT-VLV
AHM-BRG-20707,AHM-B-BCD8D3B9,REQUIRES_ENGINEERING_REVIEW,Mismatched conditionally critical attribute,seal_type (Conditional),CAT-BRG
BUS-LUB-95383,BUS-B-5F401F11,NEAR_DUPLICATE,"Identical MPN, perturbed desc, dropped minor field",NONE,CAT-LUB
BUS-INS-20763,BUS-B-03F2EAEB,RELATED,"Same category/mfg, different size/specs",NONE,CAT-INS
NEC-CFL-20402,NEC-B-2ECB0A5A,EXACT_DUPLICATE,"Identical MPN/Attributes, perturbed description",NONE,CAT-FST
NEC-GSK-69581,NEC-B-CD2F6498,RELATED,"Same category/mfg, different size/specs",NONE,CAT-GSK
BUS-PIP-12369,BUS-B-01114FEE,FUNCTIONALLY_EQUIVALENT,"Different Manufacturer/MPN, identical critical attributes",NONE,CAT-PIP
AHM-BRG-82387,AHM-B-382C5A9C,REQUIRES_ENGINEERING_REVIEW,Mismatched conditionally critical attribute,seal_type (Conditional),CAT-BRG
AHM-FST-50216,AHM-B-F2B2C1E8,RELATED,"Same category/mfg, different size/specs",NONE,CAT-FST
GME-INS-50369,GME-B-16F59FAC,NEAR_DUPLICATE,"Identical MPN, perturbed desc, dropped minor field",NONE,CAT-INS
BUS-BRG-52990,BUS-B-067BF789,FUNCTIONALLY_EQUIVALENT,"Different Manufacturer/MPN, identical critical attributes",NONE,CAT-BRG
AHM-PIP-86052,AHM-B-FE243AF4,NEAR_DUPLICATE,"Identical MPN, perturbed desc, dropped minor field",NONE,CAT-PIP
NEC-DUP-11963,NEC-B-B0DDE5A7,FUNCTIONALLY_EQUIVALENT,"Different Manufacturer/MPN, identical critical attributes",NONE,CAT-GSK
GME-DUP-32273,GME-B-270DF53C,RELATED,"Same category/mfg, different size/specs",NONE,CAT-MTR
CPI-GSK-96153,CPI-B-2AEE1FDA,NEAR_DUPLICATE,"Identical MPN, perturbed desc, dropped minor field",NONE,CAT-GSK
GME-ELC-53020,GME-B-BBD8993D,EXACT_DUPLICATE,"Identical MPN/Attributes, perturbed description",NONE,CAT-ELC
NEC-GSK-18516,NEC-B-FEFF697E,RELATED,"Same category/mfg, different size/specs",NONE,CAT-GSK
CPI-FST-46120,CPI-B-DFE9BB30,RELATED,"Same category/mfg, different size/specs",NONE,CAT-FST
GME-FLG-76427,GME-B-75410348,RELATED,"Same category/mfg, different size/specs",NONE,CAT-FLG
CPI-BRG-24810,CPI-B-5E28B0A6,REQUIRES_ENGINEERING_REVIEW,Mismatched conditionally critical attribute,seal_type (Conditional),CAT-BRG
NEC-CFL-50286,NEC-B-ABC4BC09,REQUIRES_ENGINEERING_REVIEW,Mismatched conditionally critical attribute,seal_type (Conditional),CAT-BRG
AHM-FLG-78656,AHM-B-AE537F33,EXACT_DUPLICATE,"Identical MPN/Attributes, perturbed description",NONE,CAT-FLG
GME-PIP-97514,GME-B-AB19292F,FUNCTIONALLY_EQUIVALENT,"Different Manufacturer/MPN, identical critical attributes",NONE,CAT-PIP
GME-BRG-11841,GME-B-A6FBA49F,EXACT_DUPLICATE,"Identical MPN/Attributes, perturbed description",NONE,CAT-BRG
CPI-PMP-78981,CPI-B-C46E5914,EXACT_DUPLICATE,"Identical MPN/Attributes, perturbed description",NONE,CAT-PMP
BUS-BRG-44211,BUS-B-D2C3817F,RELATED,"Same category/mfg, different size/specs",NONE,CAT-BRG
GME-PPE-47465,GME-B-DF1BC4F2,NEAR_DUPLICATE,"Identical MPN, perturbed desc, dropped minor field",NONE,CAT-PPE
GME-ELC-15620,GME-B-F0E32429,EXACT_DUPLICATE,"Identical MPN/Attributes, perturbed description",NONE,CAT-ELC
NEC-DUP-88529,NEC-B-CC5465C9,EXACT_DUPLICATE,"Identical MPN/Attributes, perturbed description",NONE,CAT-FLG
CPI-PPE-59730,CPI-B-1D741A26,NEAR_DUPLICATE,"Identical MPN, perturbed desc, dropped minor field",NONE,CAT-PPE
GME-GSK-59689,GME-B-783946B6,FUNCTIONALLY_EQUIVALENT,"Different Manufacturer/MPN, identical critical attributes",NONE,CAT-GSK
BUS-INS-13858,BUS-B-7C6C7668,NEAR_DUPLICATE,"Identical MPN, perturbed desc, dropped minor field",NONE,CAT-INS
BUS-PPE-34724,BUS-B-38F12F8F,FUNCTIONALLY_EQUIVALENT,"Different Manufacturer/MPN, identical critical attributes",NONE,CAT-PPE
NEC-DUP-11878,NEC-B-FDBE5FB4,NEAR_DUPLICATE,"Identical MPN, perturbed desc, dropped minor field",NONE,CAT-PMP
GME-BRG-66929,GME-B-D26FDABB,REQUIRES_ENGINEERING_REVIEW,Mismatched conditionally critical attribute,seal_type (Conditional),CAT-BRG
GME-LUB-53684,GME-B-65531EA2,FUNCTIONALLY_EQUIVALENT,"Different Manufacturer/MPN, identical critical attributes",NONE,CAT-LUB
NEC-FLG-58062,NEC-B-86B4907B,NOT_EQUIVALENT,"Same category, critical attribute conflict",NONE,CAT-FLG
GME-FST-80692,GME-B-987FE069,FUNCTIONALLY_EQUIVALENT,"Different Manufacturer/MPN, identical critical attributes",NONE,CAT-FST
CPI-BRG-83906,CPI-B-F3181614,NOT_EQUIVALENT,Completely different category,CATEGORY_MISMATCH,CAT-BRG
AHM-ELC-42934,AHM-B-2DD29203,NEAR_DUPLICATE,"Identical MPN, perturbed desc, dropped minor field",NONE,CAT-ELC
CPI-ELC-68517,CPI-B-4E6609ED,FUNCTIONALLY_EQUIVALENT,"Different Manufacturer/MPN, identical critical attributes",NONE,CAT-ELC
BUS-BRG-33213,BUS-B-4C80F79A,REQUIRES_ENGINEERING_REVIEW,Mismatched conditionally critical attribute,seal_type (Conditional),CAT-BRG
CPI-INS-52936,CPI-B-62EFB2F8,RELATED,"Same category/mfg, different size/specs",NONE,CAT-INS
AHM-CBL-29895,AHM-B-C3F5FA8E,RELATED,"Same category/mfg, different size/specs",NONE,CAT-CBL
BUS-INS-34088,BUS-B-DBC135C7,RELATED,"Same category/mfg, different size/specs",NONE,CAT-INS
NEC-VLV-42545,NEC-B-960ED23A,EXACT_DUPLICATE,"Identical MPN/Attributes, perturbed description",NONE,CAT-VLV
NEC-INS-94507,NEC-B-402B852D,FUNCTIONALLY_EQUIVALENT,"Different Manufacturer/MPN, identical critical attributes",NONE,CAT-INS
GME-CFL-26117,GME-B-32C1629C,NOT_EQUIVALENT,Completely different category,CATEGORY_MISMATCH,CAT-PPE
GME-BRG-98129,GME-B-93B355C3,REQUIRES_ENGINEERING_REVIEW,Mismatched conditionally critical attribute,seal_type (Conditional),CAT-BRG
BUS-DUP-36336,BUS-B-2C9548E8,EXACT_DUPLICATE,"Identical MPN/Attributes, perturbed description",NONE,CAT-LUB
GME-DUP-65616,GME-B-118D4BAE,EXACT_DUPLICATE,"Identical MPN/Attributes, perturbed description",NONE,CAT-PMP
BUS-CFL-51735,BUS-B-C14F684F,NEAR_DUPLICATE,"Identical MPN, perturbed desc, dropped minor field",NONE,CAT-FST
BUS-DUP-48355,BUS-B-EA9F2AF6,RELATED,"Same category/mfg, different size/specs",NONE,CAT-INS
AHM-INS-67930,AHM-B-815C2358,EXACT_DUPLICATE,"Identical MPN/Attributes, perturbed description",NONE,CAT-INS
BUS-GSK-24621,BUS-B-D8608B68,FUNCTIONALLY_EQUIVALENT,"Different Manufacturer/MPN, identical critical attributes",NONE,CAT-GSK
CPI-PIP-76732,CPI-B-EADD236D,RELATED,"Same category/mfg, different size/specs",NONE,CAT-PIP
AHM-CFL-77031,AHM-B-6BE0EDF3,REQUIRES_ENGINEERING_REVIEW,Mismatched conditionally critical attribute,seal_type (Conditional),CAT-BRG
AHM-CFL-92026,AHM-B-C50A9FCC,FUNCTIONALLY_EQUIVALENT,"Different Manufacturer/MPN, identical critical attributes",NONE,CAT-INS
CPI-LUB-74583,CPI-B-7A926C35,RELATED,"Same category/mfg, different size/specs",NONE,CAT-LUB
AHM-CFL-37582,AHM-B-6ADF32D9,REQUIRES_ENGINEERING_REVIEW,Mismatched conditionally critical attribute,seal_type (Conditional),CAT-BRG
GME-MTR-49309,GME-B-37550E80,RELATED,"Same category/mfg, different size/specs",NONE,CAT-MTR
BUS-PPE-66011,BUS-B-593048C9,FUNCTIONALLY_EQUIVALENT,"Different Manufacturer/MPN, identical critical attributes",NONE,CAT-PPE
AHM-CBL-72484,AHM-B-4ED09942,FUNCTIONALLY_EQUIVALENT,"Different Manufacturer/MPN, identical critical attributes",NONE,CAT-CBL
GME-VLV-43185,GME-B-14229F23,RELATED,"Same category/mfg, different size/specs",NONE,CAT-VLV
NEC-DUP-75516,NEC-B-7A14F4DD,FUNCTIONALLY_EQUIVALENT,"Different Manufacturer/MPN, identical critical attributes",NONE,CAT-CBL
GME-BRG-25190,GME-B-906C71EB,REQUIRES_ENGINEERING_REVIEW,Mismatched conditionally critical attribute,seal_type (Conditional),CAT-BRG
GME-CFL-32341,GME-B-EC1DB68C,FUNCTIONALLY_EQUIVALENT,"Different Manufacturer/MPN, identical critical attributes",NONE,CAT-FLG
BUS-MTR-92924,BUS-B-2C060FEF,NEAR_DUPLICATE,"Identical MPN, perturbed desc, dropped minor field",NONE,CAT-MTR
CPI-MTR-83356,CPI-B-12F4B88A,NOT_EQUIVALENT,Completely different category,CATEGORY_MISMATCH,CAT-MTR
GME-FST-66314,GME-B-C8DC74DF,RELATED,"Same category/mfg, different size/specs",NONE,CAT-FST
GME-DUP-79376,GME-B-0869CDA5,RELATED,"Same category/mfg, different size/specs",NONE,CAT-MTR
CPI-FLG-14666,CPI-B-BCF31D29,RELATED,"Same category/mfg, different size/specs",NONE,CAT-FLG
BUS-GSK-69296,BUS-B-BE152975,RELATED,"Same category/mfg, different size/specs",NONE,CAT-GSK
CPI-BRG-49252,CPI-B-04003C24,REQUIRES_ENGINEERING_REVIEW,Mismatched conditionally critical attribute,seal_type (Conditional),CAT-BRG
NEC-PMP-86109,NEC-B-F4C1B5F3,FUNCTIONALLY_EQUIVALENT,"Different Manufacturer/MPN, identical critical attributes",NONE,CAT-PMP
CPI-MTR-74089,CPI-B-984BE974,NEAR_DUPLICATE,"Identical MPN, perturbed desc, dropped minor field",NONE,CAT-MTR
NEC-FST-76433,NEC-B-BA4B56A1,RELATED,"Same category/mfg, different size/specs",NONE,CAT-FST
BUS-BRG-88255,BUS-B-8DA0C0C2,NEAR_DUPLICATE,"Identical MPN, perturbed desc, dropped minor field",NONE,CAT-BRG
NEC-CBL-30459,NEC-B-2CDB758F,FUNCTIONALLY_EQUIVALENT,"Different Manufacturer/MPN, identical critical attributes",NONE,CAT-CBL
CPI-FLG-96167,CPI-B-F374C413,EXACT_DUPLICATE,"Identical MPN/Attributes, perturbed description",NONE,CAT-FLG
AHM-DUP-22646,AHM-B-6E2D8FA4,NEAR_DUPLICATE,"Identical MPN, perturbed desc, dropped minor field",NONE,CAT-MTR
BUS-PIP-23995,BUS-B-2392499C,NEAR_DUPLICATE,"Identical MPN, perturbed desc, dropped minor field",NONE,CAT-PIP
CPI-LUB-59705,CPI-B-0AAD9C64,NEAR_DUPLICATE,"Identical MPN, perturbed desc, dropped minor field",NONE,CAT-LUB
GME-GSK-48874,GME-B-454A2D2B,FUNCTIONALLY_EQUIVALENT,"Different Manufacturer/MPN, identical critical attributes",NONE,CAT-GSK
BUS-BRG-78084,BUS-B-E8F5C7A4,REQUIRES_ENGINEERING_REVIEW,Mismatched conditionally critical attribute,seal_type (Conditional),CAT-BRG
AHM-VLV-52194,AHM-B-AA73AAC6,NEAR_DUPLICATE,"Identical MPN, perturbed desc, dropped minor field",NONE,CAT-VLV
AHM-CBL-16522,AHM-B-A3B55A65,NOT_EQUIVALENT,"Same category, critical attribute conflict",NONE,CAT-CBL
BUS-LUB-25109,BUS-B-F269EFE9,RELATED,"Same category/mfg, different size/specs",NONE,CAT-LUB
BUS-VLV-82782,BUS-B-B058352D,EXACT_DUPLICATE,"Identical MPN/Attributes, perturbed description",NONE,CAT-VLV
NEC-PMP-67398,NEC-B-D32FDC02,NEAR_DUPLICATE,"Identical MPN, perturbed desc, dropped minor field",NONE,CAT-PMP
NEC-CFL-80877,NEC-B-15B58554,RELATED,"Same category/mfg, different size/specs",NONE,CAT-INS
AHM-FLG-69532,AHM-B-FAF41FDD,NOT_EQUIVALENT,"Same category, critical attribute conflict",NONE,CAT-FLG
BUS-DUP-58633,BUS-B-10251FBE,NOT_EQUIVALENT,Completely different category,CATEGORY_MISMATCH,CAT-PMP
NEC-CFL-87139,NEC-B-E118AB58,EXACT_DUPLICATE,"Identical MPN/Attributes, perturbed description",NONE,CAT-LUB
NEC-VLV-90037,NEC-B-99559A2E,EXACT_DUPLICATE,"Identical MPN/Attributes, perturbed description",NONE,CAT-VLV
AHM-BRG-71286,AHM-B-284A9BBB,REQUIRES_ENGINEERING_REVIEW,Mismatched conditionally critical attribute,seal_type (Conditional),CAT-BRG
AHM-BRG-91814,AHM-B-7D72C29B,REQUIRES_ENGINEERING_REVIEW,Mismatched conditionally critical attribute,seal_type (Conditional),CAT-BRG
GME-LUB-40204,GME-B-22D331A6,EXACT_DUPLICATE,"Identical MPN/Attributes, perturbed description",NONE,CAT-LUB
AHM-DUP-26761,AHM-B-5C778C31,FUNCTIONALLY_EQUIVALENT,"Different Manufacturer/MPN, identical critical attributes",NONE,CAT-FLG
NEC-INS-70977,NEC-B-2B03EE2D,NEAR_DUPLICATE,"Identical MPN, perturbed desc, dropped minor field",NONE,CAT-INS
BUS-FST-46002,BUS-B-9BA55C92,FUNCTIONALLY_EQUIVALENT,"Different Manufacturer/MPN, identical critical attributes",NONE,CAT-FST
CPI-PPE-50944,CPI-B-4B9F9CFC,RELATED,"Same category/mfg, different size/specs",NONE,CAT-PPE
GME-FST-82076,GME-B-DDF03F2A,RELATED,"Same category/mfg, different size/specs",NONE,CAT-FST
CPI-PMP-93428,CPI-B-F3E04569,RELATED,"Same category/mfg, different size/specs",NONE,CAT-PMP
AHM-MTR-18325,AHM-B-011F57F6,FUNCTIONALLY_EQUIVALENT,"Different Manufacturer/MPN, identical critical attributes",NONE,CAT-MTR
NEC-BRG-19925,NEC-B-71DE2F83,REQUIRES_ENGINEERING_REVIEW,Mismatched conditionally critical attribute,seal_type (Conditional),CAT-BRG
BUS-CBL-64094,BUS-B-8DCD5AD4,EXACT_DUPLICATE,"Identical MPN/Attributes, perturbed description",NONE,CAT-CBL
NEC-ELC-55612,NEC-B-D01C885D,EXACT_DUPLICATE,"Identical MPN/Attributes, perturbed description",NONE,CAT-ELC
BUS-CFL-15684,BUS-B-200840A1,REQUIRES_ENGINEERING_REVIEW,Mismatched conditionally critical attribute,seal_type (Conditional),CAT-BRG
AHM-GSK-21417,AHM-B-DFB4D674,NOT_EQUIVALENT,Completely different category,CATEGORY_MISMATCH,CAT-GSK
GME-CFL-63968,GME-B-DE58F511,NOT_EQUIVALENT,Completely different category,CATEGORY_MISMATCH,CAT-FLG
CPI-BRG-82945,CPI-B-6B69D76F,REQUIRES_ENGINEERING_REVIEW,Mismatched conditionally critical attribute,seal_type (Conditional),CAT-BRG
GME-FST-62629,GME-B-22D1D439,FUNCTIONALLY_EQUIVALENT,"Different Manufacturer/MPN, identical critical attributes",NONE,CAT-FST
CPI-GSK-89405,CPI-B-ADC9E1A9,FUNCTIONALLY_EQUIVALENT,"Different Manufacturer/MPN, identical critical attributes",NONE,CAT-GSK
GME-PMP-65049,GME-B-32D307BC,RELATED,"Same category/mfg, different size/specs",NONE,CAT-PMP
NEC-CFL-91776,NEC-B-441F64ED,NOT_EQUIVALENT,Completely different category,CATEGORY_MISMATCH,CAT-GSK
AHM-INS-44173,AHM-B-BEFCC966,EXACT_DUPLICATE,"Identical MPN/Attributes, perturbed description",NONE,CAT-INS
GME-DUP-82651,GME-B-57768703,FUNCTIONALLY_EQUIVALENT,"Different Manufacturer/MPN, identical critical attributes",NONE,CAT-GSK
BUS-BRG-53133,BUS-B-863DEEB1,NEAR_DUPLICATE,"Identical MPN, perturbed desc, dropped minor field",NONE,CAT-BRG
BUS-GSK-71022,BUS-B-9987579E,RELATED,"Same category/mfg, different size/specs",NONE,CAT-GSK
CPI-FST-58863,CPI-B-62BB812A,FUNCTIONALLY_EQUIVALENT,"Different Manufacturer/MPN, identical critical attributes",NONE,CAT-FST
AHM-LUB-12247,AHM-B-9F19CD50,EXACT_DUPLICATE,"Identical MPN/Attributes, perturbed description",NONE,CAT-LUB
BUS-PMP-58253,BUS-B-9191E98F,FUNCTIONALLY_EQUIVALENT,"Different Manufacturer/MPN, identical critical attributes",NONE,CAT-PMP
BUS-BRG-94620,BUS-B-6431B0D2,REQUIRES_ENGINEERING_REVIEW,Mismatched conditionally critical attribute,seal_type (Conditional),CAT-BRG
BUS-PIP-14954,BUS-B-FA6E9805,NEAR_DUPLICATE,"Identical MPN, perturbed desc, dropped minor field",NONE,CAT-PIP
NEC-DUP-91806,NEC-B-80D5DD21,NOT_EQUIVALENT,Completely different category,CATEGORY_MISMATCH,CAT-VLV
BUS-CBL-20275,BUS-B-19C2BF50,NEAR_DUPLICATE,"Identical MPN, perturbed desc, dropped minor field",NONE,CAT-CBL
AHM-MTR-65402,AHM-B-CB517F00,EXACT_DUPLICATE,"Identical MPN/Attributes, perturbed description",NONE,CAT-MTR
NEC-DUP-85237,NEC-B-06E9FEC7,FUNCTIONALLY_EQUIVALENT,"Different Manufacturer/MPN, identical critical attributes",NONE,CAT-ELC
NEC-MTR-14339,NEC-B-A65924C8,RELATED,"Same category/mfg, different size/specs",NONE,CAT-MTR
AHM-BRG-78627,AHM-B-673F2B4C,REQUIRES_ENGINEERING_REVIEW,Mismatched conditionally critical attribute,seal_type (Conditional),CAT-BRG
AHM-DUP-93906,AHM-B-7E43FB3B,RELATED,"Same category/mfg, different size/specs",NONE,CAT-BRG
AHM-DUP-75152,AHM-B-AB65362B,NEAR_DUPLICATE,"Identical MPN, perturbed desc, dropped minor field",NONE,CAT-ELC
BUS-LUB-12920,BUS-B-65B6829F,NEAR_DUPLICATE,"Identical MPN, perturbed desc, dropped minor field",NONE,CAT-LUB
GME-GSK-52752,GME-B-F043B062,RELATED,"Same category/mfg, different size/specs",NONE,CAT-GSK
GME-LUB-56960,GME-B-91B10BC8,FUNCTIONALLY_EQUIVALENT,"Different Manufacturer/MPN, identical critical attributes",NONE,CAT-LUB
CPI-ELC-78409,CPI-B-5D3D4E62,NOT_EQUIVALENT,"Same category, critical attribute conflict",NONE,CAT-ELC
AHM-LUB-41401,AHM-B-304DC426,NEAR_DUPLICATE,"Identical MPN, perturbed desc, dropped minor field",NONE,CAT-LUB
BUS-DUP-64476,BUS-B-30A16EB2,EXACT_DUPLICATE,"Identical MPN/Attributes, perturbed description",NONE,CAT-ELC
GME-BRG-19511,GME-B-F910352F,RELATED,"Same category/mfg, different size/specs",NONE,CAT-BRG
NEC-BRG-56770,NEC-B-A3A223E7,REQUIRES_ENGINEERING_REVIEW,Mismatched conditionally critical attribute,seal_type (Conditional),CAT-BRG
CPI-CFL-39497,CPI-B-4ADEEC6E,REQUIRES_ENGINEERING_REVIEW,Mismatched conditionally critical attribute,seal_type (Conditional),CAT-BRG
CPI-FST-71819,CPI-B-C1A09497,NOT_EQUIVALENT,Completely different category,CATEGORY_MISMATCH,CAT-FST
AHM-FLG-48251,AHM-B-A93AC536,NOT_EQUIVALENT,"Same category, critical attribute conflict",NONE,CAT-FLG
NEC-INS-34828,NEC-B-7AC65411,RELATED,"Same category/mfg, different size/specs",NONE,CAT-INS
BUS-FST-34585,BUS-B-F0BE8BB4,EXACT_DUPLICATE,"Identical MPN/Attributes, perturbed description",NONE,CAT-FST
AHM-GSK-21417,AHM-B-4B14F217,EXACT_DUPLICATE,"Identical MPN/Attributes, perturbed description",NONE,CAT-GSK
NEC-VLV-45092,NEC-B-FE2A08B1,NEAR_DUPLICATE,"Identical MPN, perturbed desc, dropped minor field",NONE,CAT-VLV
BUS-ELC-64811,BUS-B-76CFAEE1,FUNCTIONALLY_EQUIVALENT,"Different Manufacturer/MPN, identical critical attributes",NONE,CAT-ELC
AHM-DUP-35793,AHM-B-90BF7A3B,NOT_EQUIVALENT,"Same category, critical attribute conflict",NONE,CAT-GSK
CPI-DUP-74360,CPI-B-F7683156,NEAR_DUPLICATE,"Identical MPN, perturbed desc, dropped minor field",NONE,CAT-FLG
NEC-BRG-32715,NEC-B-B51B3417,REQUIRES_ENGINEERING_REVIEW,Mismatched conditionally critical attribute,seal_type (Conditional),CAT-BRG
CPI-BRG-74887,CPI-B-5AAD0E1A,REQUIRES_ENGINEERING_REVIEW,Mismatched conditionally critical attribute,seal_type (Conditional),CAT-BRG
AHM-BRG-13724,AHM-B-66F89C4C,REQUIRES_ENGINEERING_REVIEW,Mismatched conditionally critical attribute,seal_type (Conditional),CAT-BRG
BUS-DUP-45821,BUS-B-7D71623E,REQUIRES_ENGINEERING_REVIEW,Mismatched conditionally critical attribute,seal_type (Conditional),CAT-BRG
BUS-CBL-89275,BUS-B-091EE3CA,EXACT_DUPLICATE,"Identical MPN/Attributes, perturbed description",NONE,CAT-CBL
NEC-BRG-19260,NEC-B-EB684483,REQUIRES_ENGINEERING_REVIEW,Mismatched conditionally critical attribute,seal_type (Conditional),CAT-BRG
AHM-BRG-36740,AHM-B-6F53D556,EXACT_DUPLICATE,"Identical MPN/Attributes, perturbed description",NONE,CAT-BRG
NEC-CFL-74050,NEC-B-E8803637,REQUIRES_ENGINEERING_REVIEW,Mismatched conditionally critical attribute,seal_type (Conditional),CAT-BRG
CPI-FST-76614,CPI-B-EF779E32,RELATED,"Same category/mfg, different size/specs",NONE,CAT-FST
GME-BRG-28507,GME-B-6FDDD79E,REQUIRES_ENGINEERING_REVIEW,Mismatched conditionally critical attribute,seal_type (Conditional),CAT-BRG
NEC-BRG-67337,NEC-B-F9A57D0E,REQUIRES_ENGINEERING_REVIEW,Mismatched conditionally critical attribute,seal_type (Conditional),CAT-BRG
AHM-INS-97277,AHM-B-865D1524,NOT_EQUIVALENT,"Same category, critical attribute conflict",NONE,CAT-INS
BUS-BRG-65419,BUS-B-2299C852,REQUIRES_ENGINEERING_REVIEW,Mismatched conditionally critical attribute,seal_type (Conditional),CAT-BRG
GME-BRG-34723,GME-B-FED78215,REQUIRES_ENGINEERING_REVIEW,Mismatched conditionally critical attribute,seal_type (Conditional),CAT-BRG
BUS-GSK-38974,BUS-B-A3C3C136,EXACT_DUPLICATE,"Identical MPN/Attributes, perturbed description",NONE,CAT-GSK
AHM-BRG-79570,AHM-B-FF125905,REQUIRES_ENGINEERING_REVIEW,Mismatched conditionally critical attribute,seal_type (Conditional),CAT-BRG
GME-BRG-60150,GME-B-CDB4076C,FUNCTIONALLY_EQUIVALENT,"Different Manufacturer/MPN, identical critical attributes",NONE,CAT-BRG
CPI-GSK-91327,CPI-B-1FE69240,EXACT_DUPLICATE,"Identical MPN/Attributes, perturbed description",NONE,CAT-GSK
AHM-BRG-38374,AHM-B-27DDCBAF,REQUIRES_ENGINEERING_REVIEW,Mismatched conditionally critical attribute,seal_type (Conditional),CAT-BRG
BUS-LUB-57197,BUS-B-2A59E3D9,EXACT_DUPLICATE,"Identical MPN/Attributes, perturbed description",NONE,CAT-LUB
CPI-BRG-88997,CPI-B-BF326420,REQUIRES_ENGINEERING_REVIEW,Mismatched conditionally critical attribute,seal_type (Conditional),CAT-BRG
GME-FLG-80890,GME-B-A891D6BB,RELATED,"Same category/mfg, different size/specs",NONE,CAT-FLG
BUS-ELC-71920,BUS-B-3EB4DB21,RELATED,"Same category/mfg, different size/specs",NONE,CAT-ELC
BUS-DUP-63524,BUS-B-63D63B79,NOT_EQUIVALENT,"Same category, critical attribute conflict",NONE,CAT-ELC
GME-BRG-33583,GME-B-4256C708,NEAR_DUPLICATE,"Identical MPN, perturbed desc, dropped minor field",NONE,CAT-BRG
NEC-DUP-65755,NEC-B-E3F86271,REQUIRES_ENGINEERING_REVIEW,Mismatched conditionally critical attribute,seal_type (Conditional),CAT-BRG
AHM-BRG-10669,AHM-B-D2647AB3,REQUIRES_ENGINEERING_REVIEW,Mismatched conditionally critical attribute,seal_type (Conditional),CAT-BRG
BUS-CBL-89275,BUS-B-EFD9D83C,EXACT_DUPLICATE,"Identical MPN/Attributes, perturbed description",NONE,CAT-CBL
BUS-PMP-60235,BUS-B-5EF68FC5,NOT_EQUIVALENT,"Same category, critical attribute conflict",NONE,CAT-PMP
CPI-LUB-38483,CPI-B-6FD15349,NEAR_DUPLICATE,"Identical MPN, perturbed desc, dropped minor field",NONE,CAT-LUB
AHM-CBL-98197,AHM-B-DF198092,RELATED,"Same category/mfg, different size/specs",NONE,CAT-CBL
GME-GSK-10469,GME-B-D3CF589D,EXACT_DUPLICATE,"Identical MPN/Attributes, perturbed description",NONE,CAT-GSK
BUS-PMP-58456,BUS-B-D8C505B8,FUNCTIONALLY_EQUIVALENT,"Different Manufacturer/MPN, identical critical attributes",NONE,CAT-PMP
GME-VLV-20646,GME-B-7FE613B3,NEAR_DUPLICATE,"Identical MPN, perturbed desc, dropped minor field",NONE,CAT-VLV
BUS-DUP-99773,BUS-B-A01AF210,FUNCTIONALLY_EQUIVALENT,"Different Manufacturer/MPN, identical critical attributes",NONE,CAT-PPE
GME-BRG-88600,GME-B-A686B3F8,REQUIRES_ENGINEERING_REVIEW,Mismatched conditionally critical attribute,seal_type (Conditional),CAT-BRG
CPI-BRG-18880,CPI-B-9C4CCC04,RELATED,"Same category/mfg, different size/specs",NONE,CAT-BRG
NEC-PPE-95562,NEC-B-668CA39D,NEAR_DUPLICATE,"Identical MPN, perturbed desc, dropped minor field",NONE,CAT-PPE
CPI-PPE-27867,CPI-B-EBB62D82,FUNCTIONALLY_EQUIVALENT,"Different Manufacturer/MPN, identical critical attributes",NONE,CAT-PPE
NEC-BRG-88539,NEC-B-A6941018,REQUIRES_ENGINEERING_REVIEW,Mismatched conditionally critical attribute,seal_type (Conditional),CAT-BRG
AHM-DUP-58411,AHM-B-4E205DFE,RELATED,"Same category/mfg, different size/specs",NONE,CAT-INS
BUS-CBL-27348,BUS-B-C855EFC9,RELATED,"Same category/mfg, different size/specs",NONE,CAT-CBL
NEC-BRG-87000,NEC-B-F1771683,NEAR_DUPLICATE,"Identical MPN, perturbed desc, dropped minor field",NONE,CAT-BRG
GME-PMP-50018,GME-B-EF24DD90,NEAR_DUPLICATE,"Identical MPN, perturbed desc, dropped minor field",NONE,CAT-PMP
GME-ELC-79942,GME-B-F14AFC27,NOT_EQUIVALENT,Completely different category,CATEGORY_MISMATCH,CAT-ELC
CPI-LUB-52178,CPI-B-1E61C2EA,NOT_EQUIVALENT,Completely different category,CATEGORY_MISMATCH,CAT-LUB
NEC-INS-77551,NEC-B-A14B0D80,NOT_EQUIVALENT,"Same category, critical attribute conflict",NONE,CAT-INS
AHM-CFL-32290,AHM-B-5B82EA1E,EXACT_DUPLICATE,"Identical MPN/Attributes, perturbed description",NONE,CAT-PMP
GME-PIP-20279,GME-B-8CAC1365,NOT_EQUIVALENT,Completely different category,CATEGORY_MISMATCH,CAT-PIP
CPI-GSK-30377,CPI-B-7E6E488B,EXACT_DUPLICATE,"Identical MPN/Attributes, perturbed description",NONE,CAT-GSK
CPI-FLG-82481,CPI-B-149FFCE2,RELATED,"Same category/mfg, different size/specs",NONE,CAT-FLG
NEC-LUB-81836,NEC-B-3593A3BD,FUNCTIONALLY_EQUIVALENT,"Different Manufacturer/MPN, identical critical attributes",NONE,CAT-LUB
AHM-ELC-28486,AHM-B-20E1ABD4,RELATED,"Same category/mfg, different size/specs",NONE,CAT-ELC
AHM-PMP-12762,AHM-B-E07726D9,EXACT_DUPLICATE,"Identical MPN/Attributes, perturbed description",NONE,CAT-PMP
BUS-DUP-42976,BUS-B-6142F7AA,EXACT_DUPLICATE,"Identical MPN/Attributes, perturbed description",NONE,CAT-VLV
NEC-BRG-34344,NEC-B-1A2F6351,REQUIRES_ENGINEERING_REVIEW,Mismatched conditionally critical attribute,seal_type (Conditional),CAT-BRG
BUS-PIP-19176,BUS-B-83985C15,NEAR_DUPLICATE,"Identical MPN, perturbed desc, dropped minor field",NONE,CAT-PIP
AHM-MTR-31723,AHM-B-612616AD,EXACT_DUPLICATE,"Identical MPN/Attributes, perturbed description",NONE,CAT-MTR
CPI-CBL-20197,CPI-B-3F50A216,EXACT_DUPLICATE,"Identical MPN/Attributes, perturbed description",NONE,CAT-CBL
GME-FLG-81977,GME-B-B5996126,NEAR_DUPLICATE,"Identical MPN, perturbed desc, dropped minor field",NONE,CAT-FLG
NEC-FST-20691,NEC-B-120161DF,RELATED,"Same category/mfg, different size/specs",NONE,CAT-FST
BUS-INS-83954,BUS-B-E16AD98E,EXACT_DUPLICATE,"Identical MPN/Attributes, perturbed description",NONE,CAT-INS
CPI-DUP-75443,CPI-B-0C33313D,EXACT_DUPLICATE,"Identical MPN/Attributes, perturbed description",NONE,CAT-GSK
AHM-VLV-29442,AHM-B-5FCAE106,RELATED,"Same category/mfg, different size/specs",NONE,CAT-VLV
GME-VLV-59531,GME-B-C6AC246B,EXACT_DUPLICATE,"Identical MPN/Attributes, perturbed description",NONE,CAT-VLV
CPI-DUP-93829,CPI-B-66F9393B,EXACT_DUPLICATE,"Identical MPN/Attributes, perturbed description",NONE,CAT-FLG
BUS-DUP-73559,BUS-B-54AE313E,FUNCTIONALLY_EQUIVALENT,"Different Manufacturer/MPN, identical critical attributes",NONE,CAT-PMP
AHM-PMP-93156,AHM-B-FA140051,NEAR_DUPLICATE,"Identical MPN, perturbed desc, dropped minor field",NONE,CAT-PMP
NEC-FLG-40583,NEC-B-D3E3F514,FUNCTIONALLY_EQUIVALENT,"Different Manufacturer/MPN, identical critical attributes",NONE,CAT-FLG
BUS-BRG-20618,BUS-B-7C6B9E66,EXACT_DUPLICATE,"Identical MPN/Attributes, perturbed description",NONE,CAT-BRG
BUS-LUB-96772,BUS-B-80EDA599,FUNCTIONALLY_EQUIVALENT,"Different Manufacturer/MPN, identical critical attributes",NONE,CAT-LUB
AHM-INS-93991,AHM-B-BB94D7A6,NEAR_DUPLICATE,"Identical MPN, perturbed desc, dropped minor field",NONE,CAT-INS
NEC-BRG-77098,NEC-B-E876F89A,REQUIRES_ENGINEERING_REVIEW,Mismatched conditionally critical attribute,seal_type (Conditional),CAT-BRG
BUS-DUP-90887,BUS-B-C7575C86,NOT_EQUIVALENT,Completely different category,CATEGORY_MISMATCH,CAT-PIP
NEC-LUB-39427,NEC-B-D308FE79,EXACT_DUPLICATE,"Identical MPN/Attributes, perturbed description",NONE,CAT-LUB
AHM-CBL-53345,AHM-B-F37DB12E,FUNCTIONALLY_EQUIVALENT,"Different Manufacturer/MPN, identical critical attributes",NONE,CAT-CBL
GME-GSK-19230,GME-B-F60976ED,NOT_EQUIVALENT,"Same category, critical attribute conflict",NONE,CAT-GSK
AHM-DUP-52076,AHM-B-D8CC8BF6,NEAR_DUPLICATE,"Identical MPN, perturbed desc, dropped minor field",NONE,CAT-FST
BUS-BRG-75947,BUS-B-B6DD87F9,REQUIRES_ENGINEERING_REVIEW,Mismatched conditionally critical attribute,seal_type (Conditional),CAT-BRG
AHM-INS-40321,AHM-B-1215D886,NEAR_DUPLICATE,"Identical MPN, perturbed desc, dropped minor field",NONE,CAT-INS
BUS-FST-36851,BUS-B-D1801ABF,NEAR_DUPLICATE,"Identical MPN, perturbed desc, dropped minor field",NONE,CAT-FST
GME-DUP-35011,GME-B-05413641,REQUIRES_ENGINEERING_REVIEW,Mismatched conditionally critical attribute,seal_type (Conditional),CAT-BRG
NEC-BRG-32715,NEC-B-26818E3C,REQUIRES_ENGINEERING_REVIEW,Mismatched conditionally critical attribute,seal_type (Conditional),CAT-BRG
NEC-VLV-27763,NEC-B-DC02A7DE,FUNCTIONALLY_EQUIVALENT,"Different Manufacturer/MPN, identical critical attributes",NONE,CAT-VLV
BUS-PIP-23995,BUS-B-8CC435E8,EXACT_DUPLICATE,"Identical MPN/Attributes, perturbed description",NONE,CAT-PIP
NEC-BRG-10061,NEC-B-A3ADF963,REQUIRES_ENGINEERING_REVIEW,Mismatched conditionally critical attribute,seal_type (Conditional),CAT-BRG
CPI-BRG-54175,CPI-B-BB2ADA43,REQUIRES_ENGINEERING_REVIEW,Mismatched conditionally critical attribute,seal_type (Conditional),CAT-BRG
AHM-FST-91811,AHM-B-60EB2BDE,NOT_EQUIVALENT,"Same category, critical attribute conflict",NONE,CAT-FST
NEC-CBL-65636,NEC-B-83E264F3,EXACT_DUPLICATE,"Identical MPN/Attributes, perturbed description",NONE,CAT-CBL
GME-BRG-54785,GME-B-ECD38BF7,REQUIRES_ENGINEERING_REVIEW,Mismatched conditionally critical attribute,seal_type (Conditional),CAT-BRG
NEC-CFL-85811,NEC-B-4E8CB8F3,FUNCTIONALLY_EQUIVALENT,"Different Manufacturer/MPN, identical critical attributes",NONE,CAT-VLV
BUS-VLV-78541,BUS-B-310C4FF5,NOT_EQUIVALENT,"Same category, critical attribute conflict",size,CAT-VLV
BUS-PIP-52057,BUS-B-DA8EF6B1,EXACT_DUPLICATE,"Identical MPN/Attributes, perturbed description",NONE,CAT-PIP
BUS-GSK-87931,BUS-B-AD1A5A0A,EXACT_DUPLICATE,"Identical MPN/Attributes, perturbed description",NONE,CAT-GSK
CPI-LUB-70829,CPI-B-6A08519D,NEAR_DUPLICATE,"Identical MPN, perturbed desc, dropped minor field",NONE,CAT-LUB
AHM-FST-76517,AHM-B-5523926B,NOT_EQUIVALENT,Completely different category,CATEGORY_MISMATCH,CAT-FST
BUS-CFL-97550,BUS-B-9072B7CE,FUNCTIONALLY_EQUIVALENT,"Different Manufacturer/MPN, identical critical attributes",NONE,CAT-INS
GME-BRG-55758,GME-B-E14099F5,REQUIRES_ENGINEERING_REVIEW,Mismatched conditionally critical attribute,seal_type (Conditional),CAT-BRG
BUS-INS-35149,BUS-B-42A06AA2,EXACT_DUPLICATE,"Identical MPN/Attributes, perturbed description",NONE,CAT-INS
BUS-FLG-25743,BUS-B-FDF1356E,NEAR_DUPLICATE,"Identical MPN, perturbed desc, dropped minor field",NONE,CAT-FLG
CPI-BRG-30299,CPI-B-852788AA,REQUIRES_ENGINEERING_REVIEW,Mismatched conditionally critical attribute,seal_type (Conditional),CAT-BRG
BUS-PMP-72658,BUS-B-B14DC6EC,NOT_EQUIVALENT,"Same category, critical attribute conflict",NONE,CAT-PMP
BUS-MTR-99664,BUS-B-7C30EFDF,FUNCTIONALLY_EQUIVALENT,"Different Manufacturer/MPN, identical critical attributes",NONE,CAT-MTR
NEC-PIP-69184,NEC-B-8941BE2B,EXACT_DUPLICATE,"Identical MPN/Attributes, perturbed description",NONE,CAT-PIP
CPI-CBL-54145,CPI-B-0365B3B6,RELATED,"Same category/mfg, different size/specs",NONE,CAT-CBL
AHM-FLG-53626,AHM-B-121388FB,NOT_EQUIVALENT,"Same category, critical attribute conflict",NONE,CAT-FLG
NEC-BRG-83812,NEC-B-91884799,REQUIRES_ENGINEERING_REVIEW,Mismatched conditionally critical attribute,seal_type (Conditional),CAT-BRG
BUS-MTR-92578,BUS-B-A85AA670,FUNCTIONALLY_EQUIVALENT,"Different Manufacturer/MPN, identical critical attributes",NONE,CAT-MTR
BUS-PMP-50737,BUS-B-34FA0D4E,NOT_EQUIVALENT,"Same category, critical attribute conflict",NONE,CAT-PMP
BUS-FLG-34584,BUS-B-BBECD991,FUNCTIONALLY_EQUIVALENT,"Different Manufacturer/MPN, identical critical attributes",NONE,CAT-FLG
NEC-ELC-53184,NEC-B-4E6FE621,NOT_EQUIVALENT,"Same category, critical attribute conflict",NONE,CAT-ELC
GME-FST-80562,GME-B-9A4B482D,RELATED,"Same category/mfg, different size/specs",NONE,CAT-FST
AHM-INS-45228,AHM-B-7B3ABFD8,NEAR_DUPLICATE,"Identical MPN, perturbed desc, dropped minor field",NONE,CAT-INS
BUS-BRG-98567,BUS-B-A02A615A,REQUIRES_ENGINEERING_REVIEW,Mismatched conditionally critical attribute,seal_type (Conditional),CAT-BRG
BUS-BRG-72004,BUS-B-3BCCC4AB,REQUIRES_ENGINEERING_REVIEW,Mismatched conditionally critical attribute,seal_type (Conditional),CAT-BRG
NEC-MTR-49013,NEC-B-55E68B3F,NOT_EQUIVALENT,"Same category, critical attribute conflict",voltage,CAT-MTR
NEC-DUP-38084,NEC-B-607EBB1C,EXACT_DUPLICATE,"Identical MPN/Attributes, perturbed description",NONE,CAT-LUB
BUS-ELC-15550,BUS-B-A5D5BD9E,NOT_EQUIVALENT,"Same category, critical attribute conflict",NONE,CAT-ELC
BUS-CBL-94905,BUS-B-D702D5AC,NEAR_DUPLICATE,"Identical MPN, perturbed desc, dropped minor field",NONE,CAT-CBL
AHM-VLV-66773,AHM-B-31DD085C,EXACT_DUPLICATE,"Identical MPN/Attributes, perturbed description",NONE,CAT-VLV
CPI-VLV-56698,CPI-B-8017C911,EXACT_DUPLICATE,"Identical MPN/Attributes, perturbed description",NONE,CAT-VLV
BUS-FST-83476,BUS-B-99797ABD,NOT_EQUIVALENT,Completely different category,CATEGORY_MISMATCH,CAT-FST
AHM-DUP-22758,AHM-B-B868C56E,REQUIRES_ENGINEERING_REVIEW,Mismatched conditionally critical attribute,seal_type (Conditional),CAT-BRG
BUS-FST-29168,BUS-B-FC8FCCC4,RELATED,"Same category/mfg, different size/specs",NONE,CAT-FST
BUS-BRG-33532,BUS-B-3E089028,REQUIRES_ENGINEERING_REVIEW,Mismatched conditionally critical attribute,seal_type (Conditional),CAT-BRG
GME-CBL-43708,GME-B-2E7F44FE,RELATED,"Same category/mfg, different size/specs",NONE,CAT-CBL
NEC-LUB-48076,NEC-B-02BDFB01,EXACT_DUPLICATE,"Identical MPN/Attributes, perturbed description",NONE,CAT-LUB
AHM-CBL-37108,AHM-B-A10EBD42,EXACT_DUPLICATE,"Identical MPN/Attributes, perturbed description",NONE,CAT-CBL
BUS-FLG-31605,BUS-B-C3C7F0A7,FUNCTIONALLY_EQUIVALENT,"Different Manufacturer/MPN, identical critical attributes",NONE,CAT-FLG
BUS-PIP-40882,BUS-B-782A212C,EXACT_DUPLICATE,"Identical MPN/Attributes, perturbed description",NONE,CAT-PIP
GME-INS-66194,GME-B-458850DD,NEAR_DUPLICATE,"Identical MPN, perturbed desc, dropped minor field",NONE,CAT-INS
AHM-FST-43681,AHM-B-D9FC54D6,EXACT_DUPLICATE,"Identical MPN/Attributes, perturbed description",NONE,CAT-FST
AHM-PMP-24354,AHM-B-64420E02,RELATED,"Same category/mfg, different size/specs",NONE,CAT-PMP
NEC-CFL-84793,NEC-B-9F59DCA7,EXACT_DUPLICATE,"Identical MPN/Attributes, perturbed description",NONE,CAT-MTR
GME-LUB-29241,GME-B-13B4DE3B,NEAR_DUPLICATE,"Identical MPN, perturbed desc, dropped minor field",NONE,CAT-LUB
NEC-BRG-30482,NEC-B-3257D39F,RELATED,"Same category/mfg, different size/specs",NONE,CAT-BRG
BUS-BRG-79310,BUS-B-3056D39A,RELATED,"Same category/mfg, different size/specs",NONE,CAT-BRG
CPI-DUP-63143,CPI-B-43BB751E,REQUIRES_ENGINEERING_REVIEW,Mismatched conditionally critical attribute,seal_type (Conditional),CAT-BRG
AHM-DUP-16384,AHM-B-13A327E2,NOT_EQUIVALENT,"Same category, critical attribute conflict",NONE,CAT-ELC
AHM-BRG-54685,AHM-B-4C22DA1A,REQUIRES_ENGINEERING_REVIEW,Mismatched conditionally critical attribute,seal_type (Conditional),CAT-BRG
GME-VLV-37123,GME-B-54088325,EXACT_DUPLICATE,"Identical MPN/Attributes, perturbed description",NONE,CAT-VLV
BUS-ELC-73220,BUS-B-AD36DACD,NOT_EQUIVALENT,"Same category, critical attribute conflict",NONE,CAT-ELC
NEC-FST-82109,NEC-B-F61EE521,NEAR_DUPLICATE,"Identical MPN, perturbed desc, dropped minor field",NONE,CAT-FST
CPI-BRG-21312,CPI-B-A0A25892,REQUIRES_ENGINEERING_REVIEW,Mismatched conditionally critical attribute,seal_type (Conditional),CAT-BRG
BUS-VLV-65893,BUS-B-DA8C11B5,FUNCTIONALLY_EQUIVALENT,"Different Manufacturer/MPN, identical critical attributes",NONE,CAT-VLV
CPI-FLG-69050,CPI-B-A4C4C751,NEAR_DUPLICATE,"Identical MPN, perturbed desc, dropped minor field",NONE,CAT-FLG
GME-BRG-91188,GME-B-4C0D451A,FUNCTIONALLY_EQUIVALENT,"Different Manufacturer/MPN, identical critical attributes",NONE,CAT-BRG
GME-BRG-59106,GME-B-3960FC15,FUNCTIONALLY_EQUIVALENT,"Different Manufacturer/MPN, identical critical attributes",NONE,CAT-BRG
BUS-DUP-63049,BUS-B-C7A2956D,NEAR_DUPLICATE,"Identical MPN, perturbed desc, dropped minor field",NONE,CAT-CBL
GME-FLG-65676,GME-B-72444AEE,FUNCTIONALLY_EQUIVALENT,"Different Manufacturer/MPN, identical critical attributes",NONE,CAT-FLG
CPI-BRG-76612,CPI-B-7A5CA987,REQUIRES_ENGINEERING_REVIEW,Mismatched conditionally critical attribute,seal_type (Conditional),CAT-BRG
AHM-DUP-82580,AHM-B-4C84B4CA,EXACT_DUPLICATE,"Identical MPN/Attributes, perturbed description",NONE,CAT-PIP
GME-BRG-70699,GME-B-B2278FE2,RELATED,"Same category/mfg, different size/specs",NONE,CAT-BRG
AHM-CBL-76576,AHM-B-25AA4924,EXACT_DUPLICATE,"Identical MPN/Attributes, perturbed description",NONE,CAT-CBL
NEC-INS-48342,NEC-B-5717CFAC,NEAR_DUPLICATE,"Identical MPN, perturbed desc, dropped minor field",NONE,CAT-INS
NEC-DUP-66656,NEC-B-435234BD,RELATED,"Same category/mfg, different size/specs",NONE,CAT-CBL
BUS-ELC-60751,BUS-B-E3473108,RELATED,"Same category/mfg, different size/specs",NONE,CAT-ELC
GME-DUP-17238,GME-B-EB4FC794,EXACT_DUPLICATE,"Identical MPN/Attributes, perturbed description",NONE,CAT-ELC
NEC-BRG-49390,NEC-B-AD2D497C,REQUIRES_ENGINEERING_REVIEW,Mismatched conditionally critical attribute,seal_type (Conditional),CAT-BRG
AHM-PIP-70974,AHM-B-67E70852,EXACT_DUPLICATE,"Identical MPN/Attributes, perturbed description",NONE,CAT-PIP
NEC-LUB-81791,NEC-B-10A9A5F4,RELATED,"Same category/mfg, different size/specs",NONE,CAT-LUB
AHM-GSK-51698,AHM-B-AAF72D21,FUNCTIONALLY_EQUIVALENT,"Different Manufacturer/MPN, identical critical attributes",NONE,CAT-GSK
CPI-DUP-90747,CPI-B-990B3AC1,NEAR_DUPLICATE,"Identical MPN, perturbed desc, dropped minor field",NONE,CAT-PPE
AHM-BRG-17123,AHM-B-A06AEA3E,NEAR_DUPLICATE,"Identical MPN, perturbed desc, dropped minor field",NONE,CAT-BRG
NEC-DUP-29496,NEC-B-269F5447,FUNCTIONALLY_EQUIVALENT,"Different Manufacturer/MPN, identical critical attributes",NONE,CAT-LUB
CPI-FST-82552,CPI-B-1D4F9AFE,RELATED,"Same category/mfg, different size/specs",NONE,CAT-FST
AHM-INS-94679,AHM-B-BAD3058A,NEAR_DUPLICATE,"Identical MPN, perturbed desc, dropped minor field",NONE,CAT-INS
AHM-DUP-34879,AHM-B-E57C3DC6,NOT_EQUIVALENT,"Same category, critical attribute conflict",NONE,CAT-LUB
BUS-FLG-45633,BUS-B-47726459,NEAR_DUPLICATE,"Identical MPN, perturbed desc, dropped minor field",NONE,CAT-FLG
BUS-VLV-56200,BUS-B-5C0B7ACF,NEAR_DUPLICATE,"Identical MPN, perturbed desc, dropped minor field",NONE,CAT-VLV
GME-FST-34800,GME-B-C7DBCB9C,EXACT_DUPLICATE,"Identical MPN/Attributes, perturbed description",NONE,CAT-FST
BUS-PMP-68351,BUS-B-677B599E,NOT_EQUIVALENT,"Same category, critical attribute conflict",NONE,CAT-PMP
CPI-DUP-32787,CPI-B-4702C0F5,FUNCTIONALLY_EQUIVALENT,"Different Manufacturer/MPN, identical critical attributes",NONE,CAT-PPE
GME-DUP-50013,GME-B-BD4C5AE5,RELATED,"Same category/mfg, different size/specs",NONE,CAT-BRG
NEC-DUP-46773,NEC-B-988A8190,EXACT_DUPLICATE,"Identical MPN/Attributes, perturbed description",NONE,CAT-INS
AHM-DUP-45475,AHM-B-A2D4D1FC,REQUIRES_ENGINEERING_REVIEW,Mismatched conditionally critical attribute,seal_type (Conditional),CAT-BRG
NEC-VLV-87062,NEC-B-BA79DA17,NOT_EQUIVALENT,Completely different category,CATEGORY_MISMATCH,CAT-VLV
BUS-CBL-86649,BUS-B-125DCC3C,NOT_EQUIVALENT,Completely different category,CATEGORY_MISMATCH,CAT-CBL
GME-PIP-84076,GME-B-431DF2E2,EXACT_DUPLICATE,"Identical MPN/Attributes, perturbed description",NONE,CAT-PIP
GME-PPE-69716,GME-B-4564D4C5,RELATED,"Same category/mfg, different size/specs",NONE,CAT-PPE
BUS-PIP-19129,BUS-B-F7CD806B,FUNCTIONALLY_EQUIVALENT,"Different Manufacturer/MPN, identical critical attributes",NONE,CAT-PIP
GME-CBL-12960,GME-B-B3B7A233,FUNCTIONALLY_EQUIVALENT,"Different Manufacturer/MPN, identical critical attributes",NONE,CAT-CBL
CPI-PIP-27298,CPI-B-46D3E0BB,FUNCTIONALLY_EQUIVALENT,"Different Manufacturer/MPN, identical critical attributes",NONE,CAT-PIP
GME-MTR-86183,GME-B-94811A1A,EXACT_DUPLICATE,"Identical MPN/Attributes, perturbed description",NONE,CAT-MTR
AHM-CFL-73649,AHM-B-3D42ADA2,NOT_EQUIVALENT,Completely different category,CATEGORY_MISMATCH,CAT-MTR
CPI-BRG-68757,CPI-B-63F0407A,REQUIRES_ENGINEERING_REVIEW,Mismatched conditionally critical attribute,seal_type (Conditional),CAT-BRG
CPI-BRG-47898,CPI-B-2B826AE4,NOT_EQUIVALENT,"Same category, critical attribute conflict",NONE,CAT-BRG
AHM-ELC-42418,AHM-B-EC6C2254,RELATED,"Same category/mfg, different size/specs",NONE,CAT-ELC
NEC-LUB-70371,NEC-B-34D38E11,FUNCTIONALLY_EQUIVALENT,"Different Manufacturer/MPN, identical critical attributes",NONE,CAT-LUB
AHM-BRG-71270,AHM-B-3D279F39,REQUIRES_ENGINEERING_REVIEW,Mismatched conditionally critical attribute,seal_type (Conditional),CAT-BRG
GME-LUB-27516,GME-B-CF736FA3,RELATED,"Same category/mfg, different size/specs",NONE,CAT-LUB
GME-CBL-62333,GME-B-7932F062,RELATED,"Same category/mfg, different size/specs",NONE,CAT-CBL
BUS-FST-78776,BUS-B-AC7A8DBA,NEAR_DUPLICATE,"Identical MPN, perturbed desc, dropped minor field",NONE,CAT-FST
CPI-FST-31354,CPI-B-9241957B,RELATED,"Same category/mfg, different size/specs",NONE,CAT-FST
AHM-ELC-84682,AHM-B-7E10EB09,RELATED,"Same category/mfg, different size/specs",NONE,CAT-ELC
NEC-LUB-66043,NEC-B-44192A28,NEAR_DUPLICATE,"Identical MPN, perturbed desc, dropped minor field",NONE,CAT-LUB
GME-MTR-78541,GME-B-F25F6343,EXACT_DUPLICATE,"Identical MPN/Attributes, perturbed description",NONE,CAT-MTR
AHM-GSK-62789,AHM-B-499F4B78,NEAR_DUPLICATE,"Identical MPN, perturbed desc, dropped minor field",NONE,CAT-GSK
BUS-DUP-90737,BUS-B-4FA4273F,EXACT_DUPLICATE,"Identical MPN/Attributes, perturbed description",NONE,CAT-PMP
BUS-VLV-41546,BUS-B-3CB979B4,EXACT_DUPLICATE,"Identical MPN/Attributes, perturbed description",NONE,CAT-VLV
CPI-FST-74139,CPI-B-C16064CC,FUNCTIONALLY_EQUIVALENT,"Different Manufacturer/MPN, identical critical attributes",NONE,CAT-FST
BUS-BRG-72922,BUS-B-01B64F34,REQUIRES_ENGINEERING_REVIEW,Mismatched conditionally critical attribute,seal_type (Conditional),CAT-BRG
AHM-FLG-62261,AHM-B-C7190C4F,FUNCTIONALLY_EQUIVALENT,"Different Manufacturer/MPN, identical critical attributes",NONE,CAT-FLG
CPI-GSK-22237,CPI-B-467A765F,FUNCTIONALLY_EQUIVALENT,"Different Manufacturer/MPN, identical critical attributes",NONE,CAT-GSK
CPI-BRG-47506,CPI-B-84238F67,REQUIRES_ENGINEERING_REVIEW,Mismatched conditionally critical attribute,seal_type (Conditional),CAT-BRG
CPI-FLG-86006,CPI-B-9F129500,RELATED,"Same category/mfg, different size/specs",NONE,CAT-FLG
CPI-CBL-98790,CPI-B-6961D699,RELATED,"Same category/mfg, different size/specs",NONE,CAT-CBL
GME-CBL-62333,GME-B-86B1CD37,EXACT_DUPLICATE,"Identical MPN/Attributes, perturbed description",NONE,CAT-CBL
NEC-GSK-75151,NEC-B-5F55DE9C,RELATED,"Same category/mfg, different size/specs",NONE,CAT-GSK
BUS-ELC-10288,BUS-B-ADD326BB,FUNCTIONALLY_EQUIVALENT,"Different Manufacturer/MPN, identical critical attributes",NONE,CAT-ELC
AHM-DUP-56105,AHM-B-0A20AC1F,NEAR_DUPLICATE,"Identical MPN, perturbed desc, dropped minor field",NONE,CAT-FST
GME-DUP-42341,GME-B-D3740244,NEAR_DUPLICATE,"Identical MPN, perturbed desc, dropped minor field",NONE,CAT-PPE
AHM-PIP-27906,AHM-B-BC3DA4E7,NEAR_DUPLICATE,"Identical MPN, perturbed desc, dropped minor field",NONE,CAT-PIP
BUS-BRG-72004,BUS-B-D1AB5967,REQUIRES_ENGINEERING_REVIEW,Mismatched conditionally critical attribute,seal_type (Conditional),CAT-BRG
CPI-INS-71681,CPI-B-9B5FE8F2,NOT_EQUIVALENT,Completely different category,CATEGORY_MISMATCH,CAT-INS
AHM-DUP-99687,AHM-B-F1E7272C,NOT_EQUIVALENT,"Same category, critical attribute conflict",NONE,CAT-FST
GME-CBL-52389,GME-B-13290FB6,NOT_EQUIVALENT,"Same category, critical attribute conflict",NONE,CAT-CBL
CPI-MTR-34554,CPI-B-6EDD42C4,NEAR_DUPLICATE,"Identical MPN, perturbed desc, dropped minor field",NONE,CAT-MTR
NEC-CBL-91310,NEC-B-2E369E09,EXACT_DUPLICATE,"Identical MPN/Attributes, perturbed description",NONE,CAT-CBL
AHM-MTR-40485,AHM-B-5E74F724,NEAR_DUPLICATE,"Identical MPN, perturbed desc, dropped minor field",NONE,CAT-MTR
NEC-CBL-30164,NEC-B-6F41D567,FUNCTIONALLY_EQUIVALENT,"Different Manufacturer/MPN, identical critical attributes",NONE,CAT-CBL
AHM-VLV-58448,AHM-B-7745E2F5,FUNCTIONALLY_EQUIVALENT,"Different Manufacturer/MPN, identical critical attributes",NONE,CAT-VLV
AHM-FST-15176,AHM-B-6F80F166,FUNCTIONALLY_EQUIVALENT,"Different Manufacturer/MPN, identical critical attributes",NONE,CAT-FST
NEC-VLV-26546,NEC-B-9A4A57F1,EXACT_DUPLICATE,"Identical MPN/Attributes, perturbed description",NONE,CAT-VLV
CPI-BRG-56403,CPI-B-8E841AF7,RELATED,"Same category/mfg, different size/specs",NONE,CAT-BRG
GME-FLG-49909,GME-B-167AD5A3,RELATED,"Same category/mfg, different size/specs",NONE,CAT-FLG
CPI-BRG-73246,CPI-B-320A4555,REQUIRES_ENGINEERING_REVIEW,Mismatched conditionally critical attribute,seal_type (Conditional),CAT-BRG
NEC-PPE-89298,NEC-B-DF13AF9C,NEAR_DUPLICATE,"Identical MPN, perturbed desc, dropped minor field",NONE,CAT-PPE
BUS-BRG-38217,BUS-B-ED6DB14B,NOT_EQUIVALENT,Completely different category,CATEGORY_MISMATCH,CAT-BRG
CPI-PPE-15891,CPI-B-F7ADA065,FUNCTIONALLY_EQUIVALENT,"Different Manufacturer/MPN, identical critical attributes",NONE,CAT-PPE
AHM-GSK-35183,AHM-B-4580F8FC,EXACT_DUPLICATE,"Identical MPN/Attributes, perturbed description",NONE,CAT-GSK
BUS-VLV-57843,BUS-B-6E4E4808,NOT_EQUIVALENT,"Same category, critical attribute conflict",end_connection,CAT-VLV
GME-FLG-83814,GME-B-B6277F91,FUNCTIONALLY_EQUIVALENT,"Different Manufacturer/MPN, identical critical attributes",NONE,CAT-FLG
AHM-DUP-15138,AHM-B-51FD0F4F,REQUIRES_ENGINEERING_REVIEW,Mismatched conditionally critical attribute,seal_type (Conditional),CAT-BRG
NEC-FST-68884,NEC-B-01D7B20F,NEAR_DUPLICATE,"Identical MPN, perturbed desc, dropped minor field",NONE,CAT-FST
CPI-ELC-17345,CPI-B-2E07B883,RELATED,"Same category/mfg, different size/specs",NONE,CAT-ELC
NEC-MTR-47569,NEC-B-8C16C809,RELATED,"Same category/mfg, different size/specs",NONE,CAT-MTR
AHM-FLG-89467,AHM-B-1BC5D8AD,NEAR_DUPLICATE,"Identical MPN, perturbed desc, dropped minor field",NONE,CAT-FLG
BUS-GSK-59202,BUS-B-0B189E33,NEAR_DUPLICATE,"Identical MPN, perturbed desc, dropped minor field",NONE,CAT-GSK
AHM-CBL-81893,AHM-B-D733F661,NOT_EQUIVALENT,"Same category, critical attribute conflict",NONE,CAT-CBL
BUS-GSK-37953,BUS-B-AE06BC8D,RELATED,"Same category/mfg, different size/specs",NONE,CAT-GSK
AHM-VLV-79267,AHM-B-C264EE4C,NOT_EQUIVALENT,"Same category, critical attribute conflict",pressure_class,CAT-VLV
GME-BRG-48161,GME-B-9D6361F9,REQUIRES_ENGINEERING_REVIEW,Mismatched conditionally critical attribute,seal_type (Conditional),CAT-BRG
GME-INS-66598,GME-B-1B378100,EXACT_DUPLICATE,"Identical MPN/Attributes, perturbed description",NONE,CAT-INS
AHM-BRG-90822,AHM-B-79E2BBB7,REQUIRES_ENGINEERING_REVIEW,Mismatched conditionally critical attribute,seal_type (Conditional),CAT-BRG
CPI-PPE-92537,CPI-B-59B38BB7,EXACT_DUPLICATE,"Identical MPN/Attributes, perturbed description",NONE,CAT-PPE
CPI-VLV-79323,CPI-B-EF50392A,RELATED,"Same category/mfg, different size/specs",NONE,CAT-VLV
CPI-ELC-75094,CPI-B-1B523FE4,NOT_EQUIVALENT,"Same category, critical attribute conflict",NONE,CAT-ELC
CPI-FST-17389,CPI-B-6320551B,EXACT_DUPLICATE,"Identical MPN/Attributes, perturbed description",NONE,CAT-FST
BUS-CFL-98741,BUS-B-6207525E,RELATED,"Same category/mfg, different size/specs",NONE,CAT-CBL
BUS-FST-78776,BUS-B-79020283,NEAR_DUPLICATE,"Identical MPN, perturbed desc, dropped minor field",NONE,CAT-FST
NEC-DUP-80102,NEC-B-D2783591,RELATED,"Same category/mfg, different size/specs",NONE,CAT-BRG
BUS-BRG-65419,BUS-B-75782590,REQUIRES_ENGINEERING_REVIEW,Mismatched conditionally critical attribute,seal_type (Conditional),CAT-BRG
BUS-PMP-14697,BUS-B-6CD88186,FUNCTIONALLY_EQUIVALENT,"Different Manufacturer/MPN, identical critical attributes",NONE,CAT-PMP
GME-FLG-19971,GME-B-2781A6CD,NOT_EQUIVALENT,"Same category, critical attribute conflict",NONE,CAT-FLG
AHM-ELC-71549,AHM-B-6448544D,RELATED,"Same category/mfg, different size/specs",NONE,CAT-ELC
BUS-LUB-37248,BUS-B-AE4C97DB,NEAR_DUPLICATE,"Identical MPN, perturbed desc, dropped minor field",NONE,CAT-LUB
AHM-BRG-81992,AHM-B-0ED22121,REQUIRES_ENGINEERING_REVIEW,Mismatched conditionally critical attribute,seal_type (Conditional),CAT-BRG
BUS-FST-59280,BUS-B-3EBB317A,NOT_EQUIVALENT,Completely different category,CATEGORY_MISMATCH,CAT-FST
NEC-DUP-47976,NEC-B-49771DA3,NEAR_DUPLICATE,"Identical MPN, perturbed desc, dropped minor field",NONE,CAT-FST
BUS-GSK-52854,BUS-B-29E94A7F,RELATED,"Same category/mfg, different size/specs",NONE,CAT-GSK
NEC-VLV-49131,NEC-B-9CB1C958,NOT_EQUIVALENT,Completely different category,CATEGORY_MISMATCH,CAT-VLV
BUS-DUP-78780,BUS-B-F12D31BA,FUNCTIONALLY_EQUIVALENT,"Different Manufacturer/MPN, identical critical attributes",NONE,CAT-BRG
AHM-ELC-53831,AHM-B-C2AB5BAC,FUNCTIONALLY_EQUIVALENT,"Different Manufacturer/MPN, identical critical attributes",NONE,CAT-ELC
BUS-CBL-42052,BUS-B-924187F8,RELATED,"Same category/mfg, different size/specs",NONE,CAT-CBL
AHM-DUP-49745,AHM-B-3690C122,REQUIRES_ENGINEERING_REVIEW,Mismatched conditionally critical attribute,seal_type (Conditional),CAT-BRG
GME-BRG-50006,GME-B-22508188,REQUIRES_ENGINEERING_REVIEW,Mismatched conditionally critical attribute,seal_type (Conditional),CAT-BRG
BUS-ELC-81949,BUS-B-2EB4FA49,EXACT_DUPLICATE,"Identical MPN/Attributes, perturbed description",NONE,CAT-ELC
CPI-PIP-57572,CPI-B-3109414F,EXACT_DUPLICATE,"Identical MPN/Attributes, perturbed description",NONE,CAT-PIP
CPI-PMP-54346,CPI-B-16D2D5A6,FUNCTIONALLY_EQUIVALENT,"Different Manufacturer/MPN, identical critical attributes",NONE,CAT-PMP
NEC-BRG-55593,NEC-B-8C666B65,REQUIRES_ENGINEERING_REVIEW,Mismatched conditionally critical attribute,seal_type (Conditional),CAT-BRG
NEC-CBL-84560,NEC-B-63A52BFC,RELATED,"Same category/mfg, different size/specs",NONE,CAT-CBL
AHM-ELC-70199,AHM-B-087899C0,FUNCTIONALLY_EQUIVALENT,"Different Manufacturer/MPN, identical critical attributes",NONE,CAT-ELC
GME-CFL-32318,GME-B-7E0EF5B4,NEAR_DUPLICATE,"Identical MPN, perturbed desc, dropped minor field",NONE,CAT-PPE
BUS-DUP-90737,BUS-B-28664ABD,EXACT_DUPLICATE,"Identical MPN/Attributes, perturbed description",NONE,CAT-PMP
CPI-BRG-99045,CPI-B-9E615F24,NOT_EQUIVALENT,Completely different category,CATEGORY_MISMATCH,CAT-BRG
NEC-LUB-26246,NEC-B-50796938,EXACT_DUPLICATE,"Identical MPN/Attributes, perturbed description",NONE,CAT-LUB
GME-BRG-29069,GME-B-CA5A7B6B,REQUIRES_ENGINEERING_REVIEW,Mismatched conditionally critical attribute,seal_type (Conditional),CAT-BRG
CPI-PIP-10919,CPI-B-9FC28077,RELATED,"Same category/mfg, different size/specs",NONE,CAT-PIP
NEC-PIP-26358,NEC-B-FEC442AE,EXACT_DUPLICATE,"Identical MPN/Attributes, perturbed description",NONE,CAT-PIP
BUS-CFL-26733,BUS-B-D90211DB,REQUIRES_ENGINEERING_REVIEW,Mismatched conditionally critical attribute,seal_type (Conditional),CAT-BRG
CPI-BRG-47876,CPI-B-83642114,REQUIRES_ENGINEERING_REVIEW,Mismatched conditionally critical attribute,seal_type (Conditional),CAT-BRG
GME-BRG-13864,GME-B-D5998E60,RELATED,"Same category/mfg, different size/specs",NONE,CAT-BRG
BUS-BRG-33213,BUS-B-28CBAFB7,NEAR_DUPLICATE,"Identical MPN, perturbed desc, dropped minor field",NONE,CAT-BRG
BUS-GSK-26522,BUS-B-BACE8333,RELATED,"Same category/mfg, different size/specs",NONE,CAT-GSK
NEC-BRG-67337,NEC-B-435D8F14,REQUIRES_ENGINEERING_REVIEW,Mismatched conditionally critical attribute,seal_type (Conditional),CAT-BRG
NEC-GSK-89176,NEC-B-F98064A5,EXACT_DUPLICATE,"Identical MPN/Attributes, perturbed description",NONE,CAT-GSK
CPI-DUP-59612,CPI-B-D9670A33,RELATED,"Same category/mfg, different size/specs",NONE,CAT-PIP
GME-DUP-89345,GME-B-EA2FB163,FUNCTIONALLY_EQUIVALENT,"Different Manufacturer/MPN, identical critical attributes",NONE,CAT-BRG
BUS-MTR-24705,BUS-B-86E509E3,RELATED,"Same category/mfg, different size/specs",NONE,CAT-MTR
GME-BRG-17550,GME-B-2271EDDE,REQUIRES_ENGINEERING_REVIEW,Mismatched conditionally critical attribute,seal_type (Conditional),CAT-BRG
AHM-ELC-96144,AHM-B-4C139D63,EXACT_DUPLICATE,"Identical MPN/Attributes, perturbed description",NONE,CAT-ELC
BUS-BRG-39474,BUS-B-06340374,RELATED,"Same category/mfg, different size/specs",NONE,CAT-BRG
AHM-BRG-57487,AHM-B-70F3898A,REQUIRES_ENGINEERING_REVIEW,Mismatched conditionally critical attribute,seal_type (Conditional),CAT-BRG
CPI-MTR-89863,CPI-B-E088CAFA,FUNCTIONALLY_EQUIVALENT,"Different Manufacturer/MPN, identical critical attributes",NONE,CAT-MTR
AHM-PIP-88696,AHM-B-665488FE,NEAR_DUPLICATE,"Identical MPN, perturbed desc, dropped minor field",NONE,CAT-PIP
AHM-CBL-93771,AHM-B-F2FB45D1,NOT_EQUIVALENT,Completely different category,CATEGORY_MISMATCH,CAT-CBL
CPI-MTR-63738,CPI-B-B814ED5D,EXACT_DUPLICATE,"Identical MPN/Attributes, perturbed description",NONE,CAT-MTR
AHM-FLG-79954,AHM-B-3943B2D4,NOT_EQUIVALENT,Completely different category,CATEGORY_MISMATCH,CAT-FLG
NEC-PIP-94435,NEC-B-DB7EFD96,EXACT_DUPLICATE,"Identical MPN/Attributes, perturbed description",NONE,CAT-PIP
CPI-GSK-63295,CPI-B-59502ACC,EXACT_DUPLICATE,"Identical MPN/Attributes, perturbed description",NONE,CAT-GSK
GME-LUB-99822,GME-B-638B4EEE,EXACT_DUPLICATE,"Identical MPN/Attributes, perturbed description",NONE,CAT-LUB
CPI-BRG-60336,CPI-B-A2C45BAA,REQUIRES_ENGINEERING_REVIEW,Mismatched conditionally critical attribute,seal_type (Conditional),CAT-BRG
GME-CBL-67030,GME-B-1E2E186B,NOT_EQUIVALENT,Completely different category,CATEGORY_MISMATCH,CAT-CBL
AHM-PIP-22839,AHM-B-F45826A2,NEAR_DUPLICATE,"Identical MPN, perturbed desc, dropped minor field",NONE,CAT-PIP
BUS-DUP-79494,BUS-B-2506ADEC,NEAR_DUPLICATE,"Identical MPN, perturbed desc, dropped minor field",NONE,CAT-PIP
BUS-LUB-56885,BUS-B-FA805F76,NEAR_DUPLICATE,"Identical MPN, perturbed desc, dropped minor field",NONE,CAT-LUB
GME-BRG-38035,GME-B-FA6241EB,NEAR_DUPLICATE,"Identical MPN, perturbed desc, dropped minor field",NONE,CAT-BRG
GME-VLV-59892,GME-B-DBF2E984,NEAR_DUPLICATE,"Identical MPN, perturbed desc, dropped minor field",NONE,CAT-VLV
GME-DUP-34129,GME-B-C850CFC4,NOT_EQUIVALENT,"Same category, critical attribute conflict",NONE,CAT-LUB
AHM-CFL-65846,AHM-B-E6F926F9,NEAR_DUPLICATE,"Identical MPN, perturbed desc, dropped minor field",NONE,CAT-PIP
AHM-VLV-60990,AHM-B-84E22A0D,FUNCTIONALLY_EQUIVALENT,"Different Manufacturer/MPN, identical critical attributes",NONE,CAT-VLV
AHM-DUP-97380,AHM-B-33CD3E20,RELATED,"Same category/mfg, different size/specs",NONE,CAT-BRG
AHM-FLG-37549,AHM-B-DE921404,EXACT_DUPLICATE,"Identical MPN/Attributes, perturbed description",NONE,CAT-FLG
CPI-PIP-65345,CPI-B-22972FAD,RELATED,"Same category/mfg, different size/specs",NONE,CAT-PIP
NEC-BRG-36517,NEC-B-D96806C6,NOT_EQUIVALENT,"Same category, critical attribute conflict",NONE,CAT-BRG
BUS-DUP-87558,BUS-B-D291695C,FUNCTIONALLY_EQUIVALENT,"Different Manufacturer/MPN, identical critical attributes",NONE,CAT-CBL
GME-PIP-84310,GME-B-212E03F5,RELATED,"Same category/mfg, different size/specs",NONE,CAT-PIP
AHM-DUP-30098,AHM-B-032BE07D,NEAR_DUPLICATE,"Identical MPN, perturbed desc, dropped minor field",NONE,CAT-ELC
NEC-DUP-69927,NEC-B-750EC61D,FUNCTIONALLY_EQUIVALENT,"Different Manufacturer/MPN, identical critical attributes",NONE,CAT-ELC
CPI-GSK-97624,CPI-B-4A7A5FF6,NOT_EQUIVALENT,"Same category, critical attribute conflict",NONE,CAT-GSK
CPI-FLG-60963,CPI-B-A1F9E977,EXACT_DUPLICATE,"Identical MPN/Attributes, perturbed description",NONE,CAT-FLG
AHM-GSK-98215,AHM-B-EB80A1EC,EXACT_DUPLICATE,"Identical MPN/Attributes, perturbed description",NONE,CAT-GSK
BUS-DUP-17693,BUS-B-955DD8D2,RELATED,"Same category/mfg, different size/specs",NONE,CAT-ELC
BUS-CBL-90439,BUS-B-D82A7B9E,RELATED,"Same category/mfg, different size/specs",NONE,CAT-CBL
NEC-CBL-33977,NEC-B-482CC245,FUNCTIONALLY_EQUIVALENT,"Different Manufacturer/MPN, identical critical attributes",NONE,CAT-CBL
CPI-CFL-30849,CPI-B-2FDD1CD7,REQUIRES_ENGINEERING_REVIEW,Mismatched conditionally critical attribute,seal_type (Conditional),CAT-BRG
AHM-VLV-12366,AHM-B-F0EBDB21,EXACT_DUPLICATE,"Identical MPN/Attributes, perturbed description",NONE,CAT-VLV
BUS-PPE-62886,BUS-B-3C58DA14,NOT_EQUIVALENT,Completely different category,CATEGORY_MISMATCH,CAT-PPE
NEC-PMP-98818,NEC-B-BD039EEC,FUNCTIONALLY_EQUIVALENT,"Different Manufacturer/MPN, identical critical attributes",NONE,CAT-PMP
AHM-DUP-14666,AHM-B-02429F66,NOT_EQUIVALENT,"Same category, critical attribute conflict",end_connection,CAT-VLV
BUS-PMP-75535,BUS-B-0FE9933E,EXACT_DUPLICATE,"Identical MPN/Attributes, perturbed description",NONE,CAT-PMP
CPI-DUP-29423,CPI-B-C152BA50,REQUIRES_ENGINEERING_REVIEW,Mismatched conditionally critical attribute,seal_type (Conditional),CAT-BRG
AHM-MTR-83940,AHM-B-D1513990,RELATED,"Same category/mfg, different size/specs",NONE,CAT-MTR
CPI-PIP-10919,CPI-B-32A9867C,NOT_EQUIVALENT,Completely different category,CATEGORY_MISMATCH,CAT-PIP
AHM-BRG-98133,AHM-B-16C0F813,EXACT_DUPLICATE,"Identical MPN/Attributes, perturbed description",NONE,CAT-BRG
CPI-INS-54066,CPI-B-CAEF25C7,NEAR_DUPLICATE,"Identical MPN, perturbed desc, dropped minor field",NONE,CAT-INS
NEC-INS-20832,NEC-B-3600E3A7,NEAR_DUPLICATE,"Identical MPN, perturbed desc, dropped minor field",NONE,CAT-INS
NEC-FLG-12843,NEC-B-D018B2BA,EXACT_DUPLICATE,"Identical MPN/Attributes, perturbed description",NONE,CAT-FLG
BUS-GSK-52200,BUS-B-4EB9EF6E,EXACT_DUPLICATE,"Identical MPN/Attributes, perturbed description",NONE,CAT-GSK
CPI-FST-97984,CPI-B-BD5C5928,EXACT_DUPLICATE,"Identical MPN/Attributes, perturbed description",NONE,CAT-FST
GME-PMP-12524,GME-B-75999EC2,FUNCTIONALLY_EQUIVALENT,"Different Manufacturer/MPN, identical critical attributes",NONE,CAT-PMP
CPI-ELC-87537,CPI-B-EABE2CBA,RELATED,"Same category/mfg, different size/specs",NONE,CAT-ELC
BUS-PMP-58558,BUS-B-9DBE205B,EXACT_DUPLICATE,"Identical MPN/Attributes, perturbed description",NONE,CAT-PMP
BUS-GSK-87931,BUS-B-8998CD25,RELATED,"Same category/mfg, different size/specs",NONE,CAT-GSK
NEC-PMP-19268,NEC-B-3619B0C7,NOT_EQUIVALENT,Completely different category,CATEGORY_MISMATCH,CAT-PMP
BUS-BRG-47989,BUS-B-4B5D1AB6,REQUIRES_ENGINEERING_REVIEW,Mismatched conditionally critical attribute,seal_type (Conditional),CAT-BRG
AHM-CBL-69037,AHM-B-6145160A,EXACT_DUPLICATE,"Identical MPN/Attributes, perturbed description",NONE,CAT-CBL
BUS-DUP-11226,BUS-B-B3F9EB68,RELATED,"Same category/mfg, different size/specs",NONE,CAT-FST
NEC-PMP-75266,NEC-B-3BD2E948,NEAR_DUPLICATE,"Identical MPN, perturbed desc, dropped minor field",NONE,CAT-PMP
NEC-PMP-51649,NEC-B-670DFED2,FUNCTIONALLY_EQUIVALENT,"Different Manufacturer/MPN, identical critical attributes",NONE,CAT-PMP
BUS-CBL-86473,BUS-B-5988D5BF,FUNCTIONALLY_EQUIVALENT,"Different Manufacturer/MPN, identical critical attributes",NONE,CAT-CBL
GME-BRG-77792,GME-B-36A5878A,REQUIRES_ENGINEERING_REVIEW,Mismatched conditionally critical attribute,seal_type (Conditional),CAT-BRG
CPI-DUP-56691,CPI-B-1E4F53FA,NEAR_DUPLICATE,"Identical MPN, perturbed desc, dropped minor field",NONE,CAT-PIP
CPI-INS-54829,CPI-B-AF7CC468,EXACT_DUPLICATE,"Identical MPN/Attributes, perturbed description",NONE,CAT-INS
AHM-PIP-19542,AHM-B-E343AFB7,NOT_EQUIVALENT,"Same category, critical attribute conflict",diameter,CAT-PIP
CPI-DUP-12952,CPI-B-C379C2B9,FUNCTIONALLY_EQUIVALENT,"Different Manufacturer/MPN, identical critical attributes",NONE,CAT-MTR
BUS-BRG-82619,BUS-B-7D551A22,REQUIRES_ENGINEERING_REVIEW,Mismatched conditionally critical attribute,seal_type (Conditional),CAT-BRG
NEC-BRG-59884,NEC-B-2E49FDB9,FUNCTIONALLY_EQUIVALENT,"Different Manufacturer/MPN, identical critical attributes",NONE,CAT-BRG
AHM-DUP-62263,AHM-B-91712CD3,FUNCTIONALLY_EQUIVALENT,"Different Manufacturer/MPN, identical critical attributes",NONE,CAT-CBL
BUS-FST-25685,BUS-B-C3BBB716,FUNCTIONALLY_EQUIVALENT,"Different Manufacturer/MPN, identical critical attributes",NONE,CAT-FST
BUS-MTR-99664,BUS-B-B21456CE,NOT_EQUIVALENT,"Same category, critical attribute conflict",voltage,CAT-MTR
AHM-BRG-78312,AHM-B-FD40E8A9,REQUIRES_ENGINEERING_REVIEW,Mismatched conditionally critical attribute,seal_type (Conditional),CAT-BRG
AHM-PMP-38488,AHM-B-D555367E,EXACT_DUPLICATE,"Identical MPN/Attributes, perturbed description",NONE,CAT-PMP
CPI-MTR-99942,CPI-B-08F20269,RELATED,"Same category/mfg, different size/specs",NONE,CAT-MTR
GME-DUP-56064,GME-B-DCBBDD03,REQUIRES_ENGINEERING_REVIEW,Mismatched conditionally critical attribute,seal_type (Conditional),CAT-BRG
AHM-BRG-71910,AHM-B-91619B55,REQUIRES_ENGINEERING_REVIEW,Mismatched conditionally critical attribute,seal_type (Conditional),CAT-BRG
GME-BRG-48161,GME-B-9AEF8FEA,NOT_EQUIVALENT,"Same category, critical attribute conflict",NONE,CAT-BRG
CPI-INS-36033,CPI-B-00E10DF7,NOT_EQUIVALENT,Completely different category,CATEGORY_MISMATCH,CAT-INS
NEC-PIP-86994,NEC-B-D09F9A28,RELATED,"Same category/mfg, different size/specs",NONE,CAT-PIP
BUS-LUB-78753,BUS-B-8E0C800A,NEAR_DUPLICATE,"Identical MPN, perturbed desc, dropped minor field",NONE,CAT-LUB
NEC-BRG-83812,NEC-B-DEB1DE0C,REQUIRES_ENGINEERING_REVIEW,Mismatched conditionally critical attribute,seal_type (Conditional),CAT-BRG
BUS-ELC-16076,BUS-B-A317E6B4,NEAR_DUPLICATE,"Identical MPN, perturbed desc, dropped minor field",NONE,CAT-ELC
CPI-DUP-86382,CPI-B-6E89DF0C,FUNCTIONALLY_EQUIVALENT,"Different Manufacturer/MPN, identical critical attributes",NONE,CAT-LUB
AHM-PMP-48003,AHM-B-820F8947,FUNCTIONALLY_EQUIVALENT,"Different Manufacturer/MPN, identical critical attributes",NONE,CAT-PMP
GME-CBL-97507,GME-B-B75AC03A,RELATED,"Same category/mfg, different size/specs",NONE,CAT-CBL
NEC-INS-12529,NEC-B-E4E14951,RELATED,"Same category/mfg, different size/specs",NONE,CAT-INS
CPI-PIP-66435,CPI-B-2145A066,RELATED,"Same category/mfg, different size/specs",NONE,CAT-PIP
BUS-BRG-13348,BUS-B-4F6CCA55,REQUIRES_ENGINEERING_REVIEW,Mismatched conditionally critical attribute,seal_type (Conditional),CAT-BRG
BUS-PPE-76837,BUS-B-AAB8F378,FUNCTIONALLY_EQUIVALENT,"Different Manufacturer/MPN, identical critical attributes",NONE,CAT-PPE
AHM-FLG-18579,AHM-B-C17A55D7,NOT_EQUIVALENT,"Same category, critical attribute conflict",NONE,CAT-FLG
CPI-BRG-18416,CPI-B-8BD23B65,REQUIRES_ENGINEERING_REVIEW,Mismatched conditionally critical attribute,seal_type (Conditional),CAT-BRG
BUS-FLG-15075,BUS-B-46DCFFE6,FUNCTIONALLY_EQUIVALENT,"Different Manufacturer/MPN, identical critical attributes",NONE,CAT-FLG
CPI-PPE-40574,CPI-B-60A30351,RELATED,"Same category/mfg, different size/specs",NONE,CAT-PPE
CPI-FLG-81009,CPI-B-34BE406F,RELATED,"Same category/mfg, different size/specs",NONE,CAT-FLG
GME-CFL-40648,GME-B-93B964DA,RELATED,"Same category/mfg, different size/specs",NONE,CAT-CBL
AHM-ELC-32245,AHM-B-C19B79A2,FUNCTIONALLY_EQUIVALENT,"Different Manufacturer/MPN, identical critical attributes",NONE,CAT-ELC
AHM-LUB-83587,AHM-B-F4882D1B,EXACT_DUPLICATE,"Identical MPN/Attributes, perturbed description",NONE,CAT-LUB
NEC-FLG-39487,NEC-B-50373062,NEAR_DUPLICATE,"Identical MPN, perturbed desc, dropped minor field",NONE,CAT-FLG
NEC-BRG-97404,NEC-B-C3ACAFF2,REQUIRES_ENGINEERING_REVIEW,Mismatched conditionally critical attribute,seal_type (Conditional),CAT-BRG
BUS-PIP-76986,BUS-B-E754BD43,NOT_EQUIVALENT,Completely different category,CATEGORY_MISMATCH,CAT-PIP
AHM-PPE-36363,AHM-B-373F8890,NEAR_DUPLICATE,"Identical MPN, perturbed desc, dropped minor field",NONE,CAT-PPE
NEC-BRG-14417,NEC-B-A514C08C,REQUIRES_ENGINEERING_REVIEW,Mismatched conditionally critical attribute,seal_type (Conditional),CAT-BRG
BUS-FST-60417,BUS-B-565A24D8,FUNCTIONALLY_EQUIVALENT,"Different Manufacturer/MPN, identical critical attributes",NONE,CAT-FST
GME-PIP-77842,GME-B-ABAE23B6,RELATED,"Same category/mfg, different size/specs",NONE,CAT-PIP
GME-PMP-76527,GME-B-5C52217A,NEAR_DUPLICATE,"Identical MPN, perturbed desc, dropped minor field",NONE,CAT-PMP
NEC-CBL-10649,NEC-B-117932F3,FUNCTIONALLY_EQUIVALENT,"Different Manufacturer/MPN, identical critical attributes",NONE,CAT-CBL
AHM-VLV-77804,AHM-B-48634ABA,NOT_EQUIVALENT,Completely different category,CATEGORY_MISMATCH,CAT-VLV
BUS-GSK-50685,BUS-B-C096CC02,EXACT_DUPLICATE,"Identical MPN/Attributes, perturbed description",NONE,CAT-GSK
BUS-CBL-77231,BUS-B-4366E6C1,RELATED,"Same category/mfg, different size/specs",NONE,CAT-CBL
BUS-INS-45599,BUS-B-85CA8F9F,NEAR_DUPLICATE,"Identical MPN, perturbed desc, dropped minor field",NONE,CAT-INS
AHM-INS-70218,AHM-B-D69F1506,RELATED,"Same category/mfg, different size/specs",NONE,CAT-INS
NEC-GSK-85878,NEC-B-2EF6DEF4,RELATED,"Same category/mfg, different size/specs",NONE,CAT-GSK
BUS-FLG-29133,BUS-B-DC9392F6,NOT_EQUIVALENT,Completely different category,CATEGORY_MISMATCH,CAT-FLG
AHM-PPE-29735,AHM-B-041D86C1,FUNCTIONALLY_EQUIVALENT,"Different Manufacturer/MPN, identical critical attributes",NONE,CAT-PPE
CPI-DUP-29423,CPI-B-54C583D7,RELATED,"Same category/mfg, different size/specs",NONE,CAT-BRG
GME-CFL-78100,GME-B-F1793EB1,EXACT_DUPLICATE,"Identical MPN/Attributes, perturbed description",NONE,CAT-PIP
AHM-FST-99195,AHM-B-7FC1C744,NOT_EQUIVALENT,Completely different category,CATEGORY_MISMATCH,CAT-FST
CPI-GSK-45970,CPI-B-BE733973,RELATED,"Same category/mfg, different size/specs",NONE,CAT-GSK
NEC-LUB-27703,NEC-B-DD44C7B5,EXACT_DUPLICATE,"Identical MPN/Attributes, perturbed description",NONE,CAT-LUB
BUS-ELC-20300,BUS-B-3C5A5191,NEAR_DUPLICATE,"Identical MPN, perturbed desc, dropped minor field",NONE,CAT-ELC
CPI-FLG-81009,CPI-B-3F31FC7F,RELATED,"Same category/mfg, different size/specs",NONE,CAT-FLG
GME-ELC-27757,GME-B-01CE7C04,NEAR_DUPLICATE,"Identical MPN, perturbed desc, dropped minor field",NONE,CAT-ELC
AHM-PMP-77558,AHM-B-8EC54BC5,NOT_EQUIVALENT,"Same category, critical attribute conflict",NONE,CAT-PMP
NEC-DUP-49120,NEC-B-F36A8EA4,RELATED,"Same category/mfg, different size/specs",NONE,CAT-FST
CPI-BRG-20000,CPI-B-69AD77CE,REQUIRES_ENGINEERING_REVIEW,Mismatched conditionally critical attribute,seal_type (Conditional),CAT-BRG
AHM-PPE-79587,AHM-B-4CBC7656,NEAR_DUPLICATE,"Identical MPN, perturbed desc, dropped minor field",NONE,CAT-PPE
CPI-GSK-53699,CPI-B-DDBF03A2,EXACT_DUPLICATE,"Identical MPN/Attributes, perturbed description",NONE,CAT-GSK
GME-INS-46244,GME-B-B8FDACE1,RELATED,"Same category/mfg, different size/specs",NONE,CAT-INS
CPI-PMP-13347,CPI-B-04F30EED,NOT_EQUIVALENT,"Same category, critical attribute conflict",NONE,CAT-PMP
BUS-BRG-25709,BUS-B-8DE5682A,REQUIRES_ENGINEERING_REVIEW,Mismatched conditionally critical attribute,seal_type (Conditional),CAT-BRG
AHM-VLV-35268,AHM-B-C4E50B21,NOT_EQUIVALENT,"Same category, critical attribute conflict",size,CAT-VLV
AHM-BRG-84946,AHM-B-D040FB50,REQUIRES_ENGINEERING_REVIEW,Mismatched conditionally critical attribute,seal_type (Conditional),CAT-BRG
AHM-CBL-93773,AHM-B-4D2B2A60,EXACT_DUPLICATE,"Identical MPN/Attributes, perturbed description",NONE,CAT-CBL
NEC-ELC-48050,NEC-B-BBBAAF1D,NOT_EQUIVALENT,Completely different category,CATEGORY_MISMATCH,CAT-ELC
BUS-PPE-28602,BUS-B-6809FE3D,EXACT_DUPLICATE,"Identical MPN/Attributes, perturbed description",NONE,CAT-PPE
BUS-MTR-35862,BUS-B-AD0DEB15,NEAR_DUPLICATE,"Identical MPN, perturbed desc, dropped minor field",NONE,CAT-MTR
NEC-DUP-27785,NEC-B-B6DBBE14,EXACT_DUPLICATE,"Identical MPN/Attributes, perturbed description",NONE,CAT-FST
BUS-FLG-31605,BUS-B-315A53E7,EXACT_DUPLICATE,"Identical MPN/Attributes, perturbed description",NONE,CAT-FLG
NEC-ELC-53260,NEC-B-B6958806,NOT_EQUIVALENT,"Same category, critical attribute conflict",NONE,CAT-ELC
GME-BRG-22278,GME-B-05283F05,REQUIRES_ENGINEERING_REVIEW,Mismatched conditionally critical attribute,seal_type (Conditional),CAT-BRG
NEC-MTR-61936,NEC-B-33B4D282,NOT_EQUIVALENT,"Same category, critical attribute conflict",power,CAT-MTR
NEC-DUP-75994,NEC-B-E1957A14,REQUIRES_ENGINEERING_REVIEW,Mismatched conditionally critical attribute,seal_type (Conditional),CAT-BRG
CPI-GSK-32865,CPI-B-D5BEE238,EXACT_DUPLICATE,"Identical MPN/Attributes, perturbed description",NONE,CAT-GSK
CPI-BRG-12845,CPI-B-0D95E9AA,NEAR_DUPLICATE,"Identical MPN, perturbed desc, dropped minor field",NONE,CAT-BRG
AHM-BRG-86278,AHM-B-03336A00,NOT_EQUIVALENT,"Same category, critical attribute conflict",NONE,CAT-BRG
BUS-FST-96943,BUS-B-4BA7AEB4,FUNCTIONALLY_EQUIVALENT,"Different Manufacturer/MPN, identical critical attributes",NONE,CAT-FST
AHM-CFL-88158,AHM-B-88EFA083,RELATED,"Same category/mfg, different size/specs",NONE,CAT-PIP
AHM-VLV-14878,AHM-B-788D5EBE,NEAR_DUPLICATE,"Identical MPN, perturbed desc, dropped minor field",NONE,CAT-VLV
GME-DUP-84641,GME-B-ADAFE862,FUNCTIONALLY_EQUIVALENT,"Different Manufacturer/MPN, identical critical attributes",NONE,CAT-LUB
AHM-CFL-99289,AHM-B-164FEA52,REQUIRES_ENGINEERING_REVIEW,Mismatched conditionally critical attribute,seal_type (Conditional),CAT-BRG
CPI-DUP-41542,CPI-B-AD07FBAF,NOT_EQUIVALENT,"Same category, critical attribute conflict",NONE,CAT-ELC
AHM-FST-91013,AHM-B-64632380,RELATED,"Same category/mfg, different size/specs",NONE,CAT-FST
CPI-BRG-12521,CPI-B-1A5938D6,REQUIRES_ENGINEERING_REVIEW,Mismatched conditionally critical attribute,seal_type (Conditional),CAT-BRG
AHM-BRG-40378,AHM-B-19F221BD,REQUIRES_ENGINEERING_REVIEW,Mismatched conditionally critical attribute,seal_type (Conditional),CAT-BRG
NEC-FLG-19707,NEC-B-801D407F,EXACT_DUPLICATE,"Identical MPN/Attributes, perturbed description",NONE,CAT-FLG
NEC-DUP-38062,NEC-B-EAC6F38B,NEAR_DUPLICATE,"Identical MPN, perturbed desc, dropped minor field",NONE,CAT-CBL
CPI-ELC-37661,CPI-B-CF401A89,RELATED,"Same category/mfg, different size/specs",NONE,CAT-ELC
CPI-PPE-75955,CPI-B-C773201E,RELATED,"Same category/mfg, different size/specs",NONE,CAT-PPE
BUS-BRG-28404,BUS-B-D2DD257B,RELATED,"Same category/mfg, different size/specs",NONE,CAT-BRG
GME-INS-29149,GME-B-26EA12F2,RELATED,"Same category/mfg, different size/specs",NONE,CAT-INS
CPI-GSK-17972,CPI-B-B44C8525,EXACT_DUPLICATE,"Identical MPN/Attributes, perturbed description",NONE,CAT-GSK
CPI-DUP-73367,CPI-B-21FF8EF7,NOT_EQUIVALENT,"Same category, critical attribute conflict",NONE,CAT-PMP
BUS-BRG-26049,BUS-B-408C9001,NEAR_DUPLICATE,"Identical MPN, perturbed desc, dropped minor field",NONE,CAT-BRG
BUS-FST-53815,BUS-B-DFDC3958,NEAR_DUPLICATE,"Identical MPN, perturbed desc, dropped minor field",NONE,CAT-FST
AHM-CBL-29895,AHM-B-4DC68F7A,NEAR_DUPLICATE,"Identical MPN, perturbed desc, dropped minor field",NONE,CAT-CBL
NEC-DUP-92319,NEC-B-2EB86309,NEAR_DUPLICATE,"Identical MPN, perturbed desc, dropped minor field",NONE,CAT-ELC
CPI-CBL-35343,CPI-B-75FD3C1F,RELATED,"Same category/mfg, different size/specs",NONE,CAT-CBL
GME-FST-45905,GME-B-E08963D2,RELATED,"Same category/mfg, different size/specs",NONE,CAT-FST
BUS-GSK-52854,BUS-B-86BEE0D0,EXACT_DUPLICATE,"Identical MPN/Attributes, perturbed description",NONE,CAT-GSK
NEC-CFL-67486,NEC-B-B7BECCEF,EXACT_DUPLICATE,"Identical MPN/Attributes, perturbed description",NONE,CAT-ELC
BUS-MTR-24705,BUS-B-6C3FA0C6,NEAR_DUPLICATE,"Identical MPN, perturbed desc, dropped minor field",NONE,CAT-MTR
NEC-FLG-27397,NEC-B-0F666892,EXACT_DUPLICATE,"Identical MPN/Attributes, perturbed description",NONE,CAT-FLG
AHM-FST-28833,AHM-B-E3B4484F,NOT_EQUIVALENT,"Same category, critical attribute conflict",NONE,CAT-FST
NEC-DUP-20930,NEC-B-D27E8B32,RELATED,"Same category/mfg, different size/specs",NONE,CAT-PIP
GME-BRG-98129,GME-B-25B1195F,RELATED,"Same category/mfg, different size/specs",NONE,CAT-BRG
AHM-FLG-65244,AHM-B-FBB91A01,NEAR_DUPLICATE,"Identical MPN, perturbed desc, dropped minor field",NONE,CAT-FLG
CPI-BRG-38029,CPI-B-5A51D27A,NEAR_DUPLICATE,"Identical MPN, perturbed desc, dropped minor field",NONE,CAT-BRG
CPI-CFL-42409,CPI-B-38637524,EXACT_DUPLICATE,"Identical MPN/Attributes, perturbed description",NONE,CAT-PIP
GME-BRG-61251,GME-B-7F596163,REQUIRES_ENGINEERING_REVIEW,Mismatched conditionally critical attribute,seal_type (Conditional),CAT-BRG
NEC-BRG-50576,NEC-B-5CF85A16,REQUIRES_ENGINEERING_REVIEW,Mismatched conditionally critical attribute,seal_type (Conditional),CAT-BRG
AHM-BRG-73799,AHM-B-62AACF6B,REQUIRES_ENGINEERING_REVIEW,Mismatched conditionally critical attribute,seal_type (Conditional),CAT-BRG
CPI-CBL-62601,CPI-B-67DC94AB,RELATED,"Same category/mfg, different size/specs",NONE,CAT-CBL
CPI-PIP-25390,CPI-B-5F7F7CE3,NEAR_DUPLICATE,"Identical MPN, perturbed desc, dropped minor field",NONE,CAT-PIP
NEC-BRG-66203,NEC-B-FCBBD379,RELATED,"Same category/mfg, different size/specs",NONE,CAT-BRG
NEC-VLV-81328,NEC-B-DF75D389,NOT_EQUIVALENT,"Same category, critical attribute conflict",size,CAT-VLV
BUS-DUP-99061,BUS-B-619FC222,FUNCTIONALLY_EQUIVALENT,"Different Manufacturer/MPN, identical critical attributes",NONE,CAT-LUB
NEC-PIP-84467,NEC-B-636442CF,NEAR_DUPLICATE,"Identical MPN, perturbed desc, dropped minor field",NONE,CAT-PIP
CPI-INS-73657,CPI-B-94A580C0,EXACT_DUPLICATE,"Identical MPN/Attributes, perturbed description",NONE,CAT-INS
AHM-DUP-16080,AHM-B-4A230C90,REQUIRES_ENGINEERING_REVIEW,Mismatched conditionally critical attribute,seal_type (Conditional),CAT-BRG
BUS-PIP-13232,BUS-B-BE0D6AF0,FUNCTIONALLY_EQUIVALENT,"Different Manufacturer/MPN, identical critical attributes",NONE,CAT-PIP
CPI-CBL-35519,CPI-B-BB12597E,RELATED,"Same category/mfg, different size/specs",NONE,CAT-CBL
NEC-FLG-92264,NEC-B-428DF1D3,RELATED,"Same category/mfg, different size/specs",NONE,CAT-FLG
CPI-FLG-69255,CPI-B-205F5F9A,EXACT_DUPLICATE,"Identical MPN/Attributes, perturbed description",NONE,CAT-FLG
BUS-PPE-95371,BUS-B-64D1C526,EXACT_DUPLICATE,"Identical MPN/Attributes, perturbed description",NONE,CAT-PPE
NEC-BRG-30105,NEC-B-57A6E323,REQUIRES_ENGINEERING_REVIEW,Mismatched conditionally critical attribute,seal_type (Conditional),CAT-BRG
GME-LUB-69306,GME-B-B0A2772B,FUNCTIONALLY_EQUIVALENT,"Different Manufacturer/MPN, identical critical attributes",NONE,CAT-LUB
AHM-CFL-47183,AHM-B-295A0233,NEAR_DUPLICATE,"Identical MPN, perturbed desc, dropped minor field",NONE,CAT-VLV
NEC-PPE-24365,NEC-B-C6BA1CB5,NEAR_DUPLICATE,"Identical MPN, perturbed desc, dropped minor field",NONE,CAT-PPE
BUS-FLG-85199,BUS-B-5DB3A7B9,RELATED,"Same category/mfg, different size/specs",NONE,CAT-FLG
NEC-FLG-49999,NEC-B-57501A90,RELATED,"Same category/mfg, different size/specs",NONE,CAT-FLG
GME-PPE-70358,GME-B-BED8F74E,EXACT_DUPLICATE,"Identical MPN/Attributes, perturbed description",NONE,CAT-PPE
NEC-FST-37929,NEC-B-DC77EC7A,RELATED,"Same category/mfg, different size/specs",NONE,CAT-FST
GME-CFL-40522,GME-B-FE281ABC,NEAR_DUPLICATE,"Identical MPN, perturbed desc, dropped minor field",NONE,CAT-LUB
GME-BRG-87699,GME-B-22B8F933,REQUIRES_ENGINEERING_REVIEW,Mismatched conditionally critical attribute,seal_type (Conditional),CAT-BRG
NEC-PMP-78365,NEC-B-DE45F210,FUNCTIONALLY_EQUIVALENT,"Different Manufacturer/MPN, identical critical attributes",NONE,CAT-PMP
NEC-VLV-34295,NEC-B-D913C367,RELATED,"Same category/mfg, different size/specs",NONE,CAT-VLV
BUS-PIP-35063,BUS-B-151AF31A,EXACT_DUPLICATE,"Identical MPN/Attributes, perturbed description",NONE,CAT-PIP
AHM-CFL-19267,AHM-B-7C57324F,NOT_EQUIVALENT,Completely different category,CATEGORY_MISMATCH,CAT-PMP
AHM-PPE-50746,AHM-B-A1A43DB2,FUNCTIONALLY_EQUIVALENT,"Different Manufacturer/MPN, identical critical attributes",NONE,CAT-PPE
CPI-MTR-59708,CPI-B-DC1D5053,RELATED,"Same category/mfg, different size/specs",NONE,CAT-MTR
GME-BRG-77792,GME-B-7D778D64,RELATED,"Same category/mfg, different size/specs",NONE,CAT-BRG
AHM-CBL-14815,AHM-B-F7289A47,NEAR_DUPLICATE,"Identical MPN, perturbed desc, dropped minor field",NONE,CAT-CBL
BUS-FLG-34584,BUS-B-DF70472D,EXACT_DUPLICATE,"Identical MPN/Attributes, perturbed description",NONE,CAT-FLG
CPI-GSK-19550,CPI-B-61A16FFC,FUNCTIONALLY_EQUIVALENT,"Different Manufacturer/MPN, identical critical attributes",NONE,CAT-GSK
BUS-CBL-44401,BUS-B-70A6DF86,EXACT_DUPLICATE,"Identical MPN/Attributes, perturbed description",NONE,CAT-CBL
NEC-PPE-24281,NEC-B-9783546B,EXACT_DUPLICATE,"Identical MPN/Attributes, perturbed description",NONE,CAT-PPE
AHM-FLG-17434,AHM-B-085CEFA4,FUNCTIONALLY_EQUIVALENT,"Different Manufacturer/MPN, identical critical attributes",NONE,CAT-FLG
CPI-FLG-49850,CPI-B-752DFF79,NOT_EQUIVALENT,"Same category, critical attribute conflict",NONE,CAT-FLG
BUS-BRG-13704,BUS-B-E141F988,REQUIRES_ENGINEERING_REVIEW,Mismatched conditionally critical attribute,seal_type (Conditional),CAT-BRG
NEC-DUP-20975,NEC-B-650C862E,NOT_EQUIVALENT,"Same category, critical attribute conflict",NONE,CAT-FLG
CPI-FLG-60959,CPI-B-A25A47F3,NOT_EQUIVALENT,"Same category, critical attribute conflict",NONE,CAT-FLG
CPI-DUP-88703,CPI-B-BE75C3E5,EXACT_DUPLICATE,"Identical MPN/Attributes, perturbed description",NONE,CAT-PIP
AHM-CFL-46782,AHM-B-42AF919E,FUNCTIONALLY_EQUIVALENT,"Different Manufacturer/MPN, identical critical attributes",NONE,CAT-LUB
CPI-PPE-21937,CPI-B-4C2F415F,NOT_EQUIVALENT,"Same category, critical attribute conflict",NONE,CAT-PPE
NEC-ELC-21457,NEC-B-5F91ED3A,EXACT_DUPLICATE,"Identical MPN/Attributes, perturbed description",NONE,CAT-ELC
BUS-MTR-81471,BUS-B-ACA389F4,RELATED,"Same category/mfg, different size/specs",NONE,CAT-MTR
CPI-FLG-23039,CPI-B-D5E46B70,EXACT_DUPLICATE,"Identical MPN/Attributes, perturbed description",NONE,CAT-FLG
GME-INS-81467,GME-B-A0A48348,NOT_EQUIVALENT,Completely different category,CATEGORY_MISMATCH,CAT-INS
BUS-INS-39110,BUS-B-69881B18,RELATED,"Same category/mfg, different size/specs",NONE,CAT-INS
NEC-BRG-88001,NEC-B-531BE03B,REQUIRES_ENGINEERING_REVIEW,Mismatched conditionally critical attribute,seal_type (Conditional),CAT-BRG
CPI-MTR-99493,CPI-B-2E50E678,RELATED,"Same category/mfg, different size/specs",NONE,CAT-MTR
CPI-CFL-89895,CPI-B-22F48798,NEAR_DUPLICATE,"Identical MPN, perturbed desc, dropped minor field",NONE,CAT-PPE
NEC-LUB-29964,NEC-B-FE94D728,FUNCTIONALLY_EQUIVALENT,"Different Manufacturer/MPN, identical critical attributes",NONE,CAT-LUB
NEC-ELC-26841,NEC-B-8C436406,FUNCTIONALLY_EQUIVALENT,"Different Manufacturer/MPN, identical critical attributes",NONE,CAT-ELC
AHM-MTR-40832,AHM-B-9CFDAC50,FUNCTIONALLY_EQUIVALENT,"Different Manufacturer/MPN, identical critical attributes",NONE,CAT-MTR
GME-FLG-86210,GME-B-C30BFCF5,FUNCTIONALLY_EQUIVALENT,"Different Manufacturer/MPN, identical critical attributes",NONE,CAT-FLG
AHM-ELC-49726,AHM-B-09AB060C,EXACT_DUPLICATE,"Identical MPN/Attributes, perturbed description",NONE,CAT-ELC
AHM-FST-99667,AHM-B-DD17184D,RELATED,"Same category/mfg, different size/specs",NONE,CAT-FST
CPI-VLV-73767,CPI-B-46AE73E0,NOT_EQUIVALENT,"Same category, critical attribute conflict",size,CAT-VLV
NEC-MTR-69296,NEC-B-FC0F3566,FUNCTIONALLY_EQUIVALENT,"Different Manufacturer/MPN, identical critical attributes",NONE,CAT-MTR
AHM-BRG-10669,AHM-B-7B4871A8,FUNCTIONALLY_EQUIVALENT,"Different Manufacturer/MPN, identical critical attributes",NONE,CAT-BRG
AHM-LUB-16766,AHM-B-E55AC8BC,EXACT_DUPLICATE,"Identical MPN/Attributes, perturbed description",NONE,CAT-LUB
GME-LUB-66820,GME-B-27D35D49,NEAR_DUPLICATE,"Identical MPN, perturbed desc, dropped minor field",NONE,CAT-LUB
NEC-PIP-69184,NEC-B-709589C8,RELATED,"Same category/mfg, different size/specs",NONE,CAT-PIP
NEC-BRG-80140,NEC-B-DF623AAC,REQUIRES_ENGINEERING_REVIEW,Mismatched conditionally critical attribute,seal_type (Conditional),CAT-BRG
AHM-PPE-75801,AHM-B-F41CA2F5,FUNCTIONALLY_EQUIVALENT,"Different Manufacturer/MPN, identical critical attributes",NONE,CAT-PPE
NEC-BRG-75081,NEC-B-E63E46E2,REQUIRES_ENGINEERING_REVIEW,Mismatched conditionally critical attribute,seal_type (Conditional),CAT-BRG
BUS-FST-52220,BUS-B-97F6ED35,NOT_EQUIVALENT,Completely different category,CATEGORY_MISMATCH,CAT-FST
BUS-INS-40251,BUS-B-B6FD93B6,FUNCTIONALLY_EQUIVALENT,"Different Manufacturer/MPN, identical critical attributes",NONE,CAT-INS
AHM-LUB-44374,AHM-B-09E0C765,EXACT_DUPLICATE,"Identical MPN/Attributes, perturbed description",NONE,CAT-LUB
GME-MTR-89909,GME-B-006BAA33,NEAR_DUPLICATE,"Identical MPN, perturbed desc, dropped minor field",NONE,CAT-MTR
AHM-BRG-21431,AHM-B-6E4B84AE,REQUIRES_ENGINEERING_REVIEW,Mismatched conditionally critical attribute,seal_type (Conditional),CAT-BRG
NEC-DUP-78054,NEC-B-14798D4F,NEAR_DUPLICATE,"Identical MPN, perturbed desc, dropped minor field",NONE,CAT-LUB
NEC-BRG-14513,NEC-B-BF8AF8D4,REQUIRES_ENGINEERING_REVIEW,Mismatched conditionally critical attribute,seal_type (Conditional),CAT-BRG
GME-CFL-77325,GME-B-269E3D5E,FUNCTIONALLY_EQUIVALENT,"Different Manufacturer/MPN, identical critical attributes",NONE,CAT-BRG
AHM-PMP-73535,AHM-B-458E8ACC,EXACT_DUPLICATE,"Identical MPN/Attributes, perturbed description",NONE,CAT-PMP
GME-PMP-59228,GME-B-FC582E5B,NEAR_DUPLICATE,"Identical MPN, perturbed desc, dropped minor field",NONE,CAT-PMP
GME-FLG-28294,GME-B-862D7750,NOT_EQUIVALENT,Completely different category,CATEGORY_MISMATCH,CAT-FLG
CPI-CBL-35519,CPI-B-FE229311,NEAR_DUPLICATE,"Identical MPN, perturbed desc, dropped minor field",NONE,CAT-CBL
AHM-DUP-41942,AHM-B-AC03034A,RELATED,"Same category/mfg, different size/specs",NONE,CAT-FLG
AHM-CBL-28530,AHM-B-FD17AAA8,NOT_EQUIVALENT,"Same category, critical attribute conflict",NONE,CAT-CBL
CPI-VLV-26139,CPI-B-3094D184,FUNCTIONALLY_EQUIVALENT,"Different Manufacturer/MPN, identical critical attributes",NONE,CAT-VLV
CPI-MTR-89863,CPI-B-F27774B7,NOT_EQUIVALENT,"Same category, critical attribute conflict",frequency,CAT-MTR
GME-FLG-38528,GME-B-E2407E0E,NOT_EQUIVALENT,"Same category, critical attribute conflict",NONE,CAT-FLG
BUS-GSK-52411,BUS-B-EE590207,NOT_EQUIVALENT,"Same category, critical attribute conflict",NONE,CAT-GSK
BUS-MTR-17047,BUS-B-BF5F70CB,NOT_EQUIVALENT,Completely different category,CATEGORY_MISMATCH,CAT-MTR
CPI-BRG-47506,CPI-B-8C15AF7D,REQUIRES_ENGINEERING_REVIEW,Mismatched conditionally critical attribute,seal_type (Conditional),CAT-BRG
AHM-DUP-53290,AHM-B-D3A2FFB3,NEAR_DUPLICATE,"Identical MPN, perturbed desc, dropped minor field",NONE,CAT-FST
GME-BRG-95689,GME-B-48C2D453,EXACT_DUPLICATE,"Identical MPN/Attributes, perturbed description",NONE,CAT-BRG
CPI-PPE-53538,CPI-B-731FAD6E,RELATED,"Same category/mfg, different size/specs",NONE,CAT-PPE
NEC-PMP-87291,NEC-B-5323E5DD,NOT_EQUIVALENT,Completely different category,CATEGORY_MISMATCH,CAT-PMP
NEC-BRG-58338,NEC-B-B04E90F1,NEAR_DUPLICATE,"Identical MPN, perturbed desc, dropped minor field",NONE,CAT-BRG
GME-FLG-67808,GME-B-4084A809,NOT_EQUIVALENT,Completely different category,CATEGORY_MISMATCH,CAT-FLG
CPI-PPE-20940,CPI-B-CADF6036,RELATED,"Same category/mfg, different size/specs",NONE,CAT-PPE
CPI-DUP-63910,CPI-B-5D4A80F4,FUNCTIONALLY_EQUIVALENT,"Different Manufacturer/MPN, identical critical attributes",NONE,CAT-MTR
AHM-DUP-65770,AHM-B-3D619570,NEAR_DUPLICATE,"Identical MPN, perturbed desc, dropped minor field",NONE,CAT-PIP
CPI-BRG-30474,CPI-B-39A7F46D,REQUIRES_ENGINEERING_REVIEW,Mismatched conditionally critical attribute,seal_type (Conditional),CAT-BRG
AHM-ELC-49545,AHM-B-D00D1F49,NEAR_DUPLICATE,"Identical MPN, perturbed desc, dropped minor field",NONE,CAT-ELC
CPI-VLV-63931,CPI-B-C9F58F4C,FUNCTIONALLY_EQUIVALENT,"Different Manufacturer/MPN, identical critical attributes",NONE,CAT-VLV
NEC-DUP-41815,NEC-B-3767E9E1,RELATED,"Same category/mfg, different size/specs",NONE,CAT-PPE
BUS-DUP-13855,BUS-B-71418737,FUNCTIONALLY_EQUIVALENT,"Different Manufacturer/MPN, identical critical attributes",NONE,CAT-PPE
GME-LUB-38731,GME-B-6EB73175,EXACT_DUPLICATE,"Identical MPN/Attributes, perturbed description",NONE,CAT-LUB
GME-BRG-78254,GME-B-6A730924,REQUIRES_ENGINEERING_REVIEW,Mismatched conditionally critical attribute,seal_type (Conditional),CAT-BRG
CPI-DUP-15982,CPI-B-705BB683,RELATED,"Same category/mfg, different size/specs",NONE,CAT-FST
NEC-DUP-45714,NEC-B-1171537D,NEAR_DUPLICATE,"Identical MPN, perturbed desc, dropped minor field",NONE,CAT-GSK
BUS-BRG-69259,BUS-B-5BC60254,REQUIRES_ENGINEERING_REVIEW,Mismatched conditionally critical attribute,seal_type (Conditional),CAT-BRG
NEC-PMP-36554,NEC-B-7400FC48,NOT_EQUIVALENT,Completely different category,CATEGORY_MISMATCH,CAT-PMP
NEC-BRG-18379,NEC-B-947124F7,REQUIRES_ENGINEERING_REVIEW,Mismatched conditionally critical attribute,seal_type (Conditional),CAT-BRG
GME-BRG-11005,GME-B-C7B2FD70,NOT_EQUIVALENT,Completely different category,CATEGORY_MISMATCH,CAT-BRG
NEC-PIP-70611,NEC-B-9D67FE85,NOT_EQUIVALENT,"Same category, critical attribute conflict",schedule,CAT-PIP
GME-DUP-49271,GME-B-912CDE1B,FUNCTIONALLY_EQUIVALENT,"Different Manufacturer/MPN, identical critical attributes",NONE,CAT-LUB
AHM-MTR-18462,AHM-B-C9D58924,NEAR_DUPLICATE,"Identical MPN, perturbed desc, dropped minor field",NONE,CAT-MTR
BUS-DUP-10974,BUS-B-17660A02,NOT_EQUIVALENT,"Same category, critical attribute conflict",power,CAT-MTR
AHM-BRG-39514,AHM-B-1244703E,NEAR_DUPLICATE,"Identical MPN, perturbed desc, dropped minor field",NONE,CAT-BRG
BUS-PMP-89515,BUS-B-C344C51F,EXACT_DUPLICATE,"Identical MPN/Attributes, perturbed description",NONE,CAT-PMP
NEC-BRG-86948,NEC-B-FD6FC741,REQUIRES_ENGINEERING_REVIEW,Mismatched conditionally critical attribute,seal_type (Conditional),CAT-BRG
CPI-BRG-88629,CPI-B-B2361A43,NOT_EQUIVALENT,Completely different category,CATEGORY_MISMATCH,CAT-BRG
NEC-PIP-77199,NEC-B-ECE8A275,NOT_EQUIVALENT,Completely different category,CATEGORY_MISMATCH,CAT-PIP
NEC-PPE-10006,NEC-B-CC3E05A6,NEAR_DUPLICATE,"Identical MPN, perturbed desc, dropped minor field",NONE,CAT-PPE
GME-DUP-78587,GME-B-B03CDC61,NOT_EQUIVALENT,"Same category, critical attribute conflict",NONE,CAT-CBL
NEC-BRG-91420,NEC-B-007E0154,RELATED,"Same category/mfg, different size/specs",NONE,CAT-BRG
CPI-VLV-56805,CPI-B-9B0C05D2,NEAR_DUPLICATE,"Identical MPN, perturbed desc, dropped minor field",NONE,CAT-VLV
GME-BRG-91188,GME-B-DC74EC3B,REQUIRES_ENGINEERING_REVIEW,Mismatched conditionally critical attribute,seal_type (Conditional),CAT-BRG
AHM-CFL-59954,AHM-B-CC112390,RELATED,"Same category/mfg, different size/specs",NONE,CAT-BRG
AHM-LUB-52628,AHM-B-6C1CD308,RELATED,"Same category/mfg, different size/specs",NONE,CAT-LUB
BUS-PMP-73326,BUS-B-6DC97C1D,FUNCTIONALLY_EQUIVALENT,"Different Manufacturer/MPN, identical critical attributes",NONE,CAT-PMP
GME-BRG-16558,GME-B-EBCBF7F9,NEAR_DUPLICATE,"Identical MPN, perturbed desc, dropped minor field",NONE,CAT-BRG
NEC-BRG-68007,NEC-B-D8592719,REQUIRES_ENGINEERING_REVIEW,Mismatched conditionally critical attribute,seal_type (Conditional),CAT-BRG
CPI-INS-44344,CPI-B-406451A5,FUNCTIONALLY_EQUIVALENT,"Different Manufacturer/MPN, identical critical attributes",NONE,CAT-INS
CPI-VLV-72853,CPI-B-C51954B2,NEAR_DUPLICATE,"Identical MPN, perturbed desc, dropped minor field",NONE,CAT-VLV
CPI-DUP-83540,CPI-B-7BE0696C,NOT_EQUIVALENT,Completely different category,CATEGORY_MISMATCH,CAT-ELC
NEC-PIP-37905,NEC-B-7CBC3D88,FUNCTIONALLY_EQUIVALENT,"Different Manufacturer/MPN, identical critical attributes",NONE,CAT-PIP
AHM-BRG-78312,AHM-B-63BA5D87,REQUIRES_ENGINEERING_REVIEW,Mismatched conditionally critical attribute,seal_type (Conditional),CAT-BRG
BUS-CBL-63871,BUS-B-5CFBDE73,NEAR_DUPLICATE,"Identical MPN, perturbed desc, dropped minor field",NONE,CAT-CBL
BUS-BRG-70102,BUS-B-F5DF8192,EXACT_DUPLICATE,"Identical MPN/Attributes, perturbed description",NONE,CAT-BRG
GME-DUP-69150,GME-B-624BF6A3,EXACT_DUPLICATE,"Identical MPN/Attributes, perturbed description",NONE,CAT-MTR
AHM-PPE-63252,AHM-B-DCF4EBC6,EXACT_DUPLICATE,"Identical MPN/Attributes, perturbed description",NONE,CAT-PPE
AHM-DUP-58524,AHM-B-E3EE78E5,RELATED,"Same category/mfg, different size/specs",NONE,CAT-MTR
AHM-VLV-70001,AHM-B-8EDF31F2,RELATED,"Same category/mfg, different size/specs",NONE,CAT-VLV
BUS-FLG-85199,BUS-B-21F94056,NOT_EQUIVALENT,Completely different category,CATEGORY_MISMATCH,CAT-FLG
NEC-INS-65407,NEC-B-D3FF80AC,RELATED,"Same category/mfg, different size/specs",NONE,CAT-INS
BUS-DUP-46936,BUS-B-6EAA3E63,NEAR_DUPLICATE,"Identical MPN, perturbed desc, dropped minor field",NONE,CAT-FLG
NEC-BRG-25105,NEC-B-EA06124E,REQUIRES_ENGINEERING_REVIEW,Mismatched conditionally critical attribute,seal_type (Conditional),CAT-BRG
GME-GSK-23865,GME-B-3D64C358,FUNCTIONALLY_EQUIVALENT,"Different Manufacturer/MPN, identical critical attributes",NONE,CAT-GSK
GME-DUP-45186,GME-B-427ACEF9,FUNCTIONALLY_EQUIVALENT,"Different Manufacturer/MPN, identical critical attributes",NONE,CAT-ELC
GME-ELC-29428,GME-B-6282C967,NEAR_DUPLICATE,"Identical MPN, perturbed desc, dropped minor field",NONE,CAT-ELC
BUS-LUB-88944,BUS-B-74AA3BD5,NOT_EQUIVALENT,Completely different category,CATEGORY_MISMATCH,CAT-LUB
NEC-PIP-97754,NEC-B-B82FA898,RELATED,"Same category/mfg, different size/specs",NONE,CAT-PIP
GME-FLG-37422,GME-B-006CAF4B,EXACT_DUPLICATE,"Identical MPN/Attributes, perturbed description",NONE,CAT-FLG
BUS-DUP-58696,BUS-B-590D5B5C,FUNCTIONALLY_EQUIVALENT,"Different Manufacturer/MPN, identical critical attributes",NONE,CAT-FLG
NEC-DUP-61511,NEC-B-32AA94B5,RELATED,"Same category/mfg, different size/specs",NONE,CAT-MTR
BUS-BRG-27503,BUS-B-178C4B9D,REQUIRES_ENGINEERING_REVIEW,Mismatched conditionally critical attribute,seal_type (Conditional),CAT-BRG
BUS-MTR-71897,BUS-B-B8CA6C5C,NEAR_DUPLICATE,"Identical MPN, perturbed desc, dropped minor field",NONE,CAT-MTR
AHM-FLG-13957,AHM-B-C9B3F9B3,NEAR_DUPLICATE,"Identical MPN, perturbed desc, dropped minor field",NONE,CAT-FLG
NEC-MTR-93059,NEC-B-29E791C4,FUNCTIONALLY_EQUIVALENT,"Different Manufacturer/MPN, identical critical attributes",NONE,CAT-MTR
AHM-FLG-90529,AHM-B-9CB23128,NOT_EQUIVALENT,Completely different category,CATEGORY_MISMATCH,CAT-FLG
AHM-ELC-41686,AHM-B-10DB64CF,RELATED,"Same category/mfg, different size/specs",NONE,CAT-ELC
AHM-INS-21566,AHM-B-37797BD1,FUNCTIONALLY_EQUIVALENT,"Different Manufacturer/MPN, identical critical attributes",NONE,CAT-INS
NEC-PIP-13588,NEC-B-600A5A5D,FUNCTIONALLY_EQUIVALENT,"Different Manufacturer/MPN, identical critical attributes",NONE,CAT-PIP
CPI-PIP-46571,CPI-B-2938DB8E,NOT_EQUIVALENT,"Same category, critical attribute conflict",material_grade,CAT-PIP
BUS-FLG-33420,BUS-B-FBB8A099,FUNCTIONALLY_EQUIVALENT,"Different Manufacturer/MPN, identical critical attributes",NONE,CAT-FLG
AHM-CBL-98197,AHM-B-5C091D2C,NOT_EQUIVALENT,Completely different category,CATEGORY_MISMATCH,CAT-CBL
CPI-CFL-96880,CPI-B-E018D7AA,NOT_EQUIVALENT,Completely different category,CATEGORY_MISMATCH,CAT-INS
GME-GSK-45796,GME-B-F7BC489D,NOT_EQUIVALENT,Completely different category,CATEGORY_MISMATCH,CAT-GSK
CPI-MTR-26922,CPI-B-E343708E,NEAR_DUPLICATE,"Identical MPN, perturbed desc, dropped minor field",NONE,CAT-MTR
CPI-MTR-31070,CPI-B-B2E84EFE,FUNCTIONALLY_EQUIVALENT,"Different Manufacturer/MPN, identical critical attributes",NONE,CAT-MTR
NEC-FST-20100,NEC-B-52FBB40A,RELATED,"Same category/mfg, different size/specs",NONE,CAT-FST
BUS-DUP-47567,BUS-B-7B3D92ED,NEAR_DUPLICATE,"Identical MPN, perturbed desc, dropped minor field",NONE,CAT-ELC
CPI-LUB-42964,CPI-B-9583D294,EXACT_DUPLICATE,"Identical MPN/Attributes, perturbed description",NONE,CAT-LUB
CPI-PPE-77381,CPI-B-4F3FCE46,FUNCTIONALLY_EQUIVALENT,"Different Manufacturer/MPN, identical critical attributes",NONE,CAT-PPE
AHM-GSK-85503,AHM-B-42438DF4,NEAR_DUPLICATE,"Identical MPN, perturbed desc, dropped minor field",NONE,CAT-GSK
CPI-DUP-69963,CPI-B-BAD57941,NEAR_DUPLICATE,"Identical MPN, perturbed desc, dropped minor field",NONE,CAT-GSK
GME-INS-64345,GME-B-0C1EA089,FUNCTIONALLY_EQUIVALENT,"Different Manufacturer/MPN, identical critical attributes",NONE,CAT-INS
NEC-PPE-33416,NEC-B-D8EA52C9,NOT_EQUIVALENT,"Same category, critical attribute conflict",NONE,CAT-PPE
BUS-GSK-44229,BUS-B-7C189EF9,FUNCTIONALLY_EQUIVALENT,"Different Manufacturer/MPN, identical critical attributes",NONE,CAT-GSK
NEC-BRG-46256,NEC-B-22EB439C,REQUIRES_ENGINEERING_REVIEW,Mismatched conditionally critical attribute,seal_type (Conditional),CAT-BRG
CPI-INS-52282,CPI-B-162AF249,NOT_EQUIVALENT,Completely different category,CATEGORY_MISMATCH,CAT-INS
CPI-DUP-32717,CPI-B-011EAA3C,REQUIRES_ENGINEERING_REVIEW,Mismatched conditionally critical attribute,seal_type (Conditional),CAT-BRG
NEC-BRG-18379,NEC-B-341B6B4C,REQUIRES_ENGINEERING_REVIEW,Mismatched conditionally critical attribute,seal_type (Conditional),CAT-BRG
CPI-BRG-76906,CPI-B-12F72DD2,REQUIRES_ENGINEERING_REVIEW,Mismatched conditionally critical attribute,seal_type (Conditional),CAT-BRG
GME-GSK-90295,GME-B-421A9F27,EXACT_DUPLICATE,"Identical MPN/Attributes, perturbed description",NONE,CAT-GSK
GME-FST-49593,GME-B-326309EF,EXACT_DUPLICATE,"Identical MPN/Attributes, perturbed description",NONE,CAT-FST
NEC-GSK-33109,NEC-B-3F893742,NOT_EQUIVALENT,"Same category, critical attribute conflict",NONE,CAT-GSK
GME-BRG-17980,GME-B-6D82184E,REQUIRES_ENGINEERING_REVIEW,Mismatched conditionally critical attribute,seal_type (Conditional),CAT-BRG
AHM-ELC-53831,AHM-B-59210815,NEAR_DUPLICATE,"Identical MPN, perturbed desc, dropped minor field",NONE,CAT-ELC
NEC-CBL-67261,NEC-B-F5211B2A,RELATED,"Same category/mfg, different size/specs",NONE,CAT-CBL
BUS-VLV-30798,BUS-B-1B1D819E,NEAR_DUPLICATE,"Identical MPN, perturbed desc, dropped minor field",NONE,CAT-VLV
GME-PMP-67039,GME-B-20B0A11A,RELATED,"Same category/mfg, different size/specs",NONE,CAT-PMP
AHM-FST-49385,AHM-B-366A58C3,EXACT_DUPLICATE,"Identical MPN/Attributes, perturbed description",NONE,CAT-FST
BUS-GSK-13375,BUS-B-DDBA7C99,RELATED,"Same category/mfg, different size/specs",NONE,CAT-GSK
NEC-INS-68275,NEC-B-027DFACA,RELATED,"Same category/mfg, different size/specs",NONE,CAT-INS
GME-CBL-12398,GME-B-21BA3DDD,NEAR_DUPLICATE,"Identical MPN, perturbed desc, dropped minor field",NONE,CAT-CBL
BUS-DUP-18588,BUS-B-2727DE8C,FUNCTIONALLY_EQUIVALENT,"Different Manufacturer/MPN, identical critical attributes",NONE,CAT-FST
AHM-BRG-18067,AHM-B-E7321635,REQUIRES_ENGINEERING_REVIEW,Mismatched conditionally critical attribute,seal_type (Conditional),CAT-BRG
NEC-PIP-32159,NEC-B-66514B29,RELATED,"Same category/mfg, different size/specs",NONE,CAT-PIP
GME-BRG-83541,GME-B-C9E1BD04,REQUIRES_ENGINEERING_REVIEW,Mismatched conditionally critical attribute,seal_type (Conditional),CAT-BRG
BUS-PPE-65735,BUS-B-80EC6D2B,RELATED,"Same category/mfg, different size/specs",NONE,CAT-PPE
BUS-CBL-23948,BUS-B-C2BA0D89,RELATED,"Same category/mfg, different size/specs",NONE,CAT-CBL
CPI-FST-80414,CPI-B-63083703,NOT_EQUIVALENT,Completely different category,CATEGORY_MISMATCH,CAT-FST
CPI-CBL-72854,CPI-B-FB204552,NOT_EQUIVALENT,"Same category, critical attribute conflict",NONE,CAT-CBL
GME-PPE-87329,GME-B-FA312D34,EXACT_DUPLICATE,"Identical MPN/Attributes, perturbed description",NONE,CAT-PPE
CPI-FLG-25796,CPI-B-D38816D8,RELATED,"Same category/mfg, different size/specs",NONE,CAT-FLG
CPI-BRG-79170,CPI-B-8AD9D8E7,REQUIRES_ENGINEERING_REVIEW,Mismatched conditionally critical attribute,seal_type (Conditional),CAT-BRG
BUS-MTR-70537,BUS-B-229CB928,RELATED,"Same category/mfg, different size/specs",NONE,CAT-MTR
CPI-PPE-78345,CPI-B-1E34EC27,NOT_EQUIVALENT,Completely different category,CATEGORY_MISMATCH,CAT-PPE
NEC-VLV-52044,NEC-B-A23CD606,RELATED,"Same category/mfg, different size/specs",NONE,CAT-VLV
BUS-LUB-75833,BUS-B-297A26E1,NEAR_DUPLICATE,"Identical MPN, perturbed desc, dropped minor field",NONE,CAT-LUB
AHM-GSK-97041,AHM-B-DC95EC0E,NOT_EQUIVALENT,Completely different category,CATEGORY_MISMATCH,CAT-GSK
NEC-FLG-76093,NEC-B-1F3D44B2,EXACT_DUPLICATE,"Identical MPN/Attributes, perturbed description",NONE,CAT-FLG
BUS-FST-68990,BUS-B-BB625B9C,NEAR_DUPLICATE,"Identical MPN, perturbed desc, dropped minor field",NONE,CAT-FST
AHM-DUP-57820,AHM-B-A09F1E70,FUNCTIONALLY_EQUIVALENT,"Different Manufacturer/MPN, identical critical attributes",NONE,CAT-ELC
NEC-ELC-76838,NEC-B-E5243A9E,EXACT_DUPLICATE,"Identical MPN/Attributes, perturbed description",NONE,CAT-ELC
CPI-BRG-25864,CPI-B-B40503D3,REQUIRES_ENGINEERING_REVIEW,Mismatched conditionally critical attribute,seal_type (Conditional),CAT-BRG
NEC-BRG-77106,NEC-B-32BD6236,NOT_EQUIVALENT,Completely different category,CATEGORY_MISMATCH,CAT-BRG
CPI-PMP-71755,CPI-B-DE247E3C,RELATED,"Same category/mfg, different size/specs",NONE,CAT-PMP
BUS-DUP-42976,BUS-B-C5C02128,NEAR_DUPLICATE,"Identical MPN, perturbed desc, dropped minor field",NONE,CAT-VLV
NEC-BRG-10061,NEC-B-7A5AC96A,REQUIRES_ENGINEERING_REVIEW,Mismatched conditionally critical attribute,seal_type (Conditional),CAT-BRG
GME-BRG-66929,GME-B-B2CB4180,REQUIRES_ENGINEERING_REVIEW,Mismatched conditionally critical attribute,seal_type (Conditional),CAT-BRG
GME-BRG-59106,GME-B-46E19141,RELATED,"Same category/mfg, different size/specs",NONE,CAT-BRG
BUS-BRG-55998,BUS-B-ABCABB15,RELATED,"Same category/mfg, different size/specs",NONE,CAT-BRG
NEC-PIP-93441,NEC-B-9827A807,NOT_EQUIVALENT,"Same category, critical attribute conflict",diameter,CAT-PIP
BUS-DUP-31620,BUS-B-55B1016D,REQUIRES_ENGINEERING_REVIEW,Mismatched conditionally critical attribute,seal_type (Conditional),CAT-BRG
AHM-CBL-60142,AHM-B-C70DA7BA,NOT_EQUIVALENT,Completely different category,CATEGORY_MISMATCH,CAT-CBL
CPI-DUP-69284,CPI-B-C65AEB9A,NEAR_DUPLICATE,"Identical MPN, perturbed desc, dropped minor field",NONE,CAT-INS
GME-PMP-14034,GME-B-33AAEF07,EXACT_DUPLICATE,"Identical MPN/Attributes, perturbed description",NONE,CAT-PMP
NEC-PPE-39302,NEC-B-C3984070,EXACT_DUPLICATE,"Identical MPN/Attributes, perturbed description",NONE,CAT-PPE
NEC-VLV-18442,NEC-B-ADA37173,EXACT_DUPLICATE,"Identical MPN/Attributes, perturbed description",NONE,CAT-VLV
AHM-BRG-18067,AHM-B-100FE011,REQUIRES_ENGINEERING_REVIEW,Mismatched conditionally critical attribute,seal_type (Conditional),CAT-BRG
AHM-VLV-38767,AHM-B-4C2D2D30,NEAR_DUPLICATE,"Identical MPN, perturbed desc, dropped minor field",NONE,CAT-VLV
BUS-GSK-59310,BUS-B-9A00052E,FUNCTIONALLY_EQUIVALENT,"Different Manufacturer/MPN, identical critical attributes",NONE,CAT-GSK
NEC-VLV-12128,NEC-B-15FBE38D,FUNCTIONALLY_EQUIVALENT,"Different Manufacturer/MPN, identical critical attributes",NONE,CAT-VLV
AHM-BRG-83298,AHM-B-B25EC389,REQUIRES_ENGINEERING_REVIEW,Mismatched conditionally critical attribute,seal_type (Conditional),CAT-BRG
AHM-FLG-17386,AHM-B-AEA78E30,NOT_EQUIVALENT,Completely different category,CATEGORY_MISMATCH,CAT-FLG
NEC-INS-77137,NEC-B-7DFEE630,EXACT_DUPLICATE,"Identical MPN/Attributes, perturbed description",NONE,CAT-INS
AHM-DUP-97330,AHM-B-F035724B,RELATED,"Same category/mfg, different size/specs",NONE,CAT-GSK
CPI-DUP-35594,CPI-B-750AA3CA,REQUIRES_ENGINEERING_REVIEW,Mismatched conditionally critical attribute,seal_type (Conditional),CAT-BRG
BUS-DUP-90747,BUS-B-4ADC83FB,REQUIRES_ENGINEERING_REVIEW,Mismatched conditionally critical attribute,seal_type (Conditional),CAT-BRG
CPI-PPE-81799,CPI-B-DD57AFE7,FUNCTIONALLY_EQUIVALENT,"Different Manufacturer/MPN, identical critical attributes",NONE,CAT-PPE
CPI-DUP-65311,CPI-B-FC500315,REQUIRES_ENGINEERING_REVIEW,Mismatched conditionally critical attribute,seal_type (Conditional),CAT-BRG
CPI-GSK-26372,CPI-B-FD8E262D,FUNCTIONALLY_EQUIVALENT,"Different Manufacturer/MPN, identical critical attributes",NONE,CAT-GSK
AHM-ELC-30773,AHM-B-5BA3050D,NOT_EQUIVALENT,"Same category, critical attribute conflict",NONE,CAT-ELC
CPI-CFL-33912,CPI-B-BD032565,RELATED,"Same category/mfg, different size/specs",NONE,CAT-CBL
BUS-DUP-47567,BUS-B-4BDCC043,NOT_EQUIVALENT,"Same category, critical attribute conflict",NONE,CAT-ELC
NEC-INS-72472,NEC-B-A2439AE0,NOT_EQUIVALENT,"Same category, critical attribute conflict",NONE,CAT-INS
CPI-DUP-30287,CPI-B-2221EB48,FUNCTIONALLY_EQUIVALENT,"Different Manufacturer/MPN, identical critical attributes",NONE,CAT-FLG
AHM-PIP-23533,AHM-B-834147C9,NOT_EQUIVALENT,"Same category, critical attribute conflict",diameter,CAT-PIP
AHM-BRG-15344,AHM-B-89B0AAD8,FUNCTIONALLY_EQUIVALENT,"Different Manufacturer/MPN, identical critical attributes",NONE,CAT-BRG
GME-DUP-13433,GME-B-7B68DE25,NEAR_DUPLICATE,"Identical MPN, perturbed desc, dropped minor field",NONE,CAT-INS
GME-BRG-75629,GME-B-FDB28DF5,REQUIRES_ENGINEERING_REVIEW,Mismatched conditionally critical attribute,seal_type (Conditional),CAT-BRG
AHM-CBL-81458,AHM-B-1C9507CF,EXACT_DUPLICATE,"Identical MPN/Attributes, perturbed description",NONE,CAT-CBL
GME-BRG-76480,GME-B-9F5956B5,NEAR_DUPLICATE,"Identical MPN, perturbed desc, dropped minor field",NONE,CAT-BRG
BUS-VLV-87087,BUS-B-0160DA66,FUNCTIONALLY_EQUIVALENT,"Different Manufacturer/MPN, identical critical attributes",NONE,CAT-VLV
AHM-BRG-87402,AHM-B-0B51E87B,REQUIRES_ENGINEERING_REVIEW,Mismatched conditionally critical attribute,seal_type (Conditional),CAT-BRG
AHM-BRG-17445,AHM-B-BFA20771,REQUIRES_ENGINEERING_REVIEW,Mismatched conditionally critical attribute,seal_type (Conditional),CAT-BRG
GME-PMP-22895,GME-B-EB502B93,RELATED,"Same category/mfg, different size/specs",NONE,CAT-PMP
BUS-BRG-15831,BUS-B-53BEF6C8,REQUIRES_ENGINEERING_REVIEW,Mismatched conditionally critical attribute,seal_type (Conditional),CAT-BRG
AHM-BRG-78627,AHM-B-7EE269F8,REQUIRES_ENGINEERING_REVIEW,Mismatched conditionally critical attribute,seal_type (Conditional),CAT-BRG
NEC-LUB-65024,NEC-B-7344147F,FUNCTIONALLY_EQUIVALENT,"Different Manufacturer/MPN, identical critical attributes",NONE,CAT-LUB
AHM-LUB-90734,AHM-B-43A678C1,NEAR_DUPLICATE,"Identical MPN, perturbed desc, dropped minor field",NONE,CAT-LUB
GME-PMP-30625,GME-B-E75228FC,NEAR_DUPLICATE,"Identical MPN, perturbed desc, dropped minor field",NONE,CAT-PMP
NEC-PPE-79597,NEC-B-10D06AF5,RELATED,"Same category/mfg, different size/specs",NONE,CAT-PPE
GME-BRG-82398,GME-B-8DF55D7B,REQUIRES_ENGINEERING_REVIEW,Mismatched conditionally critical attribute,seal_type (Conditional),CAT-BRG
CPI-CBL-85682,CPI-B-006B7AD4,RELATED,"Same category/mfg, different size/specs",NONE,CAT-CBL
GME-GSK-10469,GME-B-D1B8DC32,EXACT_DUPLICATE,"Identical MPN/Attributes, perturbed description",NONE,CAT-GSK
BUS-DUP-97713,BUS-B-2B228999,FUNCTIONALLY_EQUIVALENT,"Different Manufacturer/MPN, identical critical attributes",NONE,CAT-BRG
NEC-PIP-73660,NEC-B-93798AD8,NEAR_DUPLICATE,"Identical MPN, perturbed desc, dropped minor field",NONE,CAT-PIP
AHM-INS-90877,AHM-B-7247C04F,RELATED,"Same category/mfg, different size/specs",NONE,CAT-INS
NEC-FLG-71576,NEC-B-F406042D,NEAR_DUPLICATE,"Identical MPN, perturbed desc, dropped minor field",NONE,CAT-FLG
CPI-LUB-76502,CPI-B-A845ACBE,NOT_EQUIVALENT,Completely different category,CATEGORY_MISMATCH,CAT-LUB
BUS-INS-89549,BUS-B-047D8E64,RELATED,"Same category/mfg, different size/specs",NONE,CAT-INS
GME-MTR-62996,GME-B-D2E926D9,EXACT_DUPLICATE,"Identical MPN/Attributes, perturbed description",NONE,CAT-MTR
CPI-DUP-19841,CPI-B-D0A0C689,EXACT_DUPLICATE,"Identical MPN/Attributes, perturbed description",NONE,CAT-MTR
NEC-DUP-11548,NEC-B-1F0F6481,FUNCTIONALLY_EQUIVALENT,"Different Manufacturer/MPN, identical critical attributes",NONE,CAT-MTR
NEC-FLG-79745,NEC-B-DE50A9BA,RELATED,"Same category/mfg, different size/specs",NONE,CAT-FLG
BUS-DUP-14231,BUS-B-B620EA50,RELATED,"Same category/mfg, different size/specs",NONE,CAT-FST
CPI-PPE-79344,CPI-B-24FEE66F,EXACT_DUPLICATE,"Identical MPN/Attributes, perturbed description",NONE,CAT-PPE
AHM-MTR-86535,AHM-B-6CAD9ECF,NEAR_DUPLICATE,"Identical MPN, perturbed desc, dropped minor field",NONE,CAT-MTR
GME-CFL-59077,GME-B-931E8D97,REQUIRES_ENGINEERING_REVIEW,Mismatched conditionally critical attribute,seal_type (Conditional),CAT-BRG
BUS-DUP-46592,BUS-B-B2CDEADB,RELATED,"Same category/mfg, different size/specs",NONE,CAT-PMP
GME-GSK-83204,GME-B-7E6E93D8,NEAR_DUPLICATE,"Identical MPN, perturbed desc, dropped minor field",NONE,CAT-GSK
AHM-FLG-43131,AHM-B-73D5913C,RELATED,"Same category/mfg, different size/specs",NONE,CAT-FLG
AHM-BRG-84946,AHM-B-17A01CE9,REQUIRES_ENGINEERING_REVIEW,Mismatched conditionally critical attribute,seal_type (Conditional),CAT-BRG
NEC-GSK-76517,NEC-B-3D52EE22,FUNCTIONALLY_EQUIVALENT,"Different Manufacturer/MPN, identical critical attributes",NONE,CAT-GSK
BUS-DUP-94582,BUS-B-BE0B2DB4,RELATED,"Same category/mfg, different size/specs",NONE,CAT-MTR
AHM-BRG-83378,AHM-B-9FC04E25,REQUIRES_ENGINEERING_REVIEW,Mismatched conditionally critical attribute,seal_type (Conditional),CAT-BRG
AHM-MTR-86872,AHM-B-91BE895F,FUNCTIONALLY_EQUIVALENT,"Different Manufacturer/MPN, identical critical attributes",NONE,CAT-MTR
GME-BRG-14050,GME-B-8C6101D4,NEAR_DUPLICATE,"Identical MPN, perturbed desc, dropped minor field",NONE,CAT-BRG
CPI-INS-80339,CPI-B-151AFEA9,NEAR_DUPLICATE,"Identical MPN, perturbed desc, dropped minor field",NONE,CAT-INS
CPI-LUB-68319,CPI-B-480E367E,FUNCTIONALLY_EQUIVALENT,"Different Manufacturer/MPN, identical critical attributes",NONE,CAT-LUB
GME-VLV-20093,GME-B-6D02A1E5,FUNCTIONALLY_EQUIVALENT,"Different Manufacturer/MPN, identical critical attributes",NONE,CAT-VLV
NEC-CFL-96116,NEC-B-DBB8CE57,EXACT_DUPLICATE,"Identical MPN/Attributes, perturbed description",NONE,CAT-BRG
GME-PMP-77142,GME-B-5B4CEFAC,NEAR_DUPLICATE,"Identical MPN, perturbed desc, dropped minor field",NONE,CAT-PMP
GME-GSK-90295,GME-B-4FEADD1D,NOT_EQUIVALENT,Completely different category,CATEGORY_MISMATCH,CAT-GSK
BUS-VLV-88632,BUS-B-24878F4F,FUNCTIONALLY_EQUIVALENT,"Different Manufacturer/MPN, identical critical attributes",NONE,CAT-VLV
AHM-DUP-40132,AHM-B-E9D114D1,RELATED,"Same category/mfg, different size/specs",NONE,CAT-MTR
CPI-DUP-32717,CPI-B-89586E76,NEAR_DUPLICATE,"Identical MPN, perturbed desc, dropped minor field",NONE,CAT-BRG
AHM-BRG-21431,AHM-B-CEFC115E,REQUIRES_ENGINEERING_REVIEW,Mismatched conditionally critical attribute,seal_type (Conditional),CAT-BRG
BUS-MTR-31298,BUS-B-84F73B98,NOT_EQUIVALENT,Completely different category,CATEGORY_MISMATCH,CAT-MTR
GME-ELC-27240,GME-B-D20F4F88,FUNCTIONALLY_EQUIVALENT,"Different Manufacturer/MPN, identical critical attributes",NONE,CAT-ELC
AHM-BRG-39113,AHM-B-8B0AD44A,REQUIRES_ENGINEERING_REVIEW,Mismatched conditionally critical attribute,seal_type (Conditional),CAT-BRG
BUS-BRG-59192,BUS-B-EFE8B90A,FUNCTIONALLY_EQUIVALENT,"Different Manufacturer/MPN, identical critical attributes",NONE,CAT-BRG
CPI-BRG-60521,CPI-B-DD49EFEB,REQUIRES_ENGINEERING_REVIEW,Mismatched conditionally critical attribute,seal_type (Conditional),CAT-BRG
BUS-ELC-21559,BUS-B-1364410C,FUNCTIONALLY_EQUIVALENT,"Different Manufacturer/MPN, identical critical attributes",NONE,CAT-ELC
AHM-DUP-49511,AHM-B-0BF1A232,NOT_EQUIVALENT,"Same category, critical attribute conflict",NONE,CAT-PPE
NEC-CFL-58367,NEC-B-1A342B0A,EXACT_DUPLICATE,"Identical MPN/Attributes, perturbed description",NONE,CAT-GSK
NEC-BRG-48799,NEC-B-8FFDDBBF,REQUIRES_ENGINEERING_REVIEW,Mismatched conditionally critical attribute,seal_type (Conditional),CAT-BRG
GME-FST-13901,GME-B-94230C8A,NOT_EQUIVALENT,"Same category, critical attribute conflict",NONE,CAT-FST
GME-BRG-93852,GME-B-D5610058,REQUIRES_ENGINEERING_REVIEW,Mismatched conditionally critical attribute,seal_type (Conditional),CAT-BRG
GME-LUB-93984,GME-B-B2CA5447,FUNCTIONALLY_EQUIVALENT,"Different Manufacturer/MPN, identical critical attributes",NONE,CAT-LUB
AHM-BRG-54685,AHM-B-A4076E95,REQUIRES_ENGINEERING_REVIEW,Mismatched conditionally critical attribute,seal_type (Conditional),CAT-BRG
CPI-PPE-12185,CPI-B-7CB72B30,NOT_EQUIVALENT,Completely different category,CATEGORY_MISMATCH,CAT-PPE
BUS-PPE-21797,BUS-B-F340EE00,EXACT_DUPLICATE,"Identical MPN/Attributes, perturbed description",NONE,CAT-PPE
CPI-LUB-81611,CPI-B-172A6D0E,RELATED,"Same category/mfg, different size/specs",NONE,CAT-LUB
AHM-PPE-79931,AHM-B-B3A8C144,NOT_EQUIVALENT,Completely different category,CATEGORY_MISMATCH,CAT-PPE
BUS-DUP-38799,BUS-B-E46C6415,REQUIRES_ENGINEERING_REVIEW,Mismatched conditionally critical attribute,seal_type (Conditional),CAT-BRG
NEC-CFL-90591,NEC-B-FBA2E9A7,FUNCTIONALLY_EQUIVALENT,"Different Manufacturer/MPN, identical critical attributes",NONE,CAT-CBL
NEC-BRG-79532,NEC-B-F053C2BF,EXACT_DUPLICATE,"Identical MPN/Attributes, perturbed description",NONE,CAT-BRG
NEC-BRG-46256,NEC-B-8FC7243D,NOT_EQUIVALENT,Completely different category,CATEGORY_MISMATCH,CAT-BRG
NEC-INS-33705,NEC-B-56F491A3,EXACT_DUPLICATE,"Identical MPN/Attributes, perturbed description",NONE,CAT-INS
NEC-BRG-53884,NEC-B-53C44F92,NOT_EQUIVALENT,Completely different category,CATEGORY_MISMATCH,CAT-BRG
CPI-ELC-57248,CPI-B-726FF24B,EXACT_DUPLICATE,"Identical MPN/Attributes, perturbed description",NONE,CAT-ELC
BUS-FST-67691,BUS-B-9E89FA22,FUNCTIONALLY_EQUIVALENT,"Different Manufacturer/MPN, identical critical attributes",NONE,CAT-FST
CPI-FLG-60963,CPI-B-F6D5C979,NEAR_DUPLICATE,"Identical MPN, perturbed desc, dropped minor field",NONE,CAT-FLG
GME-ELC-28756,GME-B-6119E076,NOT_EQUIVALENT,"Same category, critical attribute conflict",NONE,CAT-ELC
AHM-DUP-13172,AHM-B-6F1D1E44,RELATED,"Same category/mfg, different size/specs",NONE,CAT-BRG
NEC-DUP-98145,NEC-B-86A387E4,EXACT_DUPLICATE,"Identical MPN/Attributes, perturbed description",NONE,CAT-INS
NEC-CBL-81504,NEC-B-03A84A69,NOT_EQUIVALENT,"Same category, critical attribute conflict",NONE,CAT-CBL
NEC-FST-60601,NEC-B-30FA3AD6,NEAR_DUPLICATE,"Identical MPN, perturbed desc, dropped minor field",NONE,CAT-FST
BUS-GSK-35503,BUS-B-A4048269,NOT_EQUIVALENT,"Same category, critical attribute conflict",NONE,CAT-GSK
GME-LUB-45117,GME-B-2EA32D9A,FUNCTIONALLY_EQUIVALENT,"Different Manufacturer/MPN, identical critical attributes",NONE,CAT-LUB
AHM-BRG-41194,AHM-B-45798A36,REQUIRES_ENGINEERING_REVIEW,Mismatched conditionally critical attribute,seal_type (Conditional),CAT-BRG
CPI-FLG-66286,CPI-B-42FE6870,RELATED,"Same category/mfg, different size/specs",NONE,CAT-FLG
CPI-CFL-85273,CPI-B-0B7B3D9B,NEAR_DUPLICATE,"Identical MPN, perturbed desc, dropped minor field",NONE,CAT-FLG
GME-CBL-25003,GME-B-1A458A37,NEAR_DUPLICATE,"Identical MPN, perturbed desc, dropped minor field",NONE,CAT-CBL
NEC-MTR-33768,NEC-B-F78B1ADA,FUNCTIONALLY_EQUIVALENT,"Different Manufacturer/MPN, identical critical attributes",NONE,CAT-MTR
CPI-DUP-35594,CPI-B-BD0AC1F1,REQUIRES_ENGINEERING_REVIEW,Mismatched conditionally critical attribute,seal_type (Conditional),CAT-BRG
AHM-BRG-41194,AHM-B-47F695B2,REQUIRES_ENGINEERING_REVIEW,Mismatched conditionally critical attribute,seal_type (Conditional),CAT-BRG
CPI-DUP-96439,CPI-B-6082CE1B,NOT_EQUIVALENT,Completely different category,CATEGORY_MISMATCH,CAT-PIP
GME-INS-51018,GME-B-75E030A0,FUNCTIONALLY_EQUIVALENT,"Different Manufacturer/MPN, identical critical attributes",NONE,CAT-INS
AHM-DUP-71839,AHM-B-5DC13632,FUNCTIONALLY_EQUIVALENT,"Different Manufacturer/MPN, identical critical attributes",NONE,CAT-LUB
BUS-DUP-29779,BUS-B-49E86AD4,NEAR_DUPLICATE,"Identical MPN, perturbed desc, dropped minor field",NONE,CAT-FST
AHM-CBL-68812,AHM-B-316044B2,NOT_EQUIVALENT,Completely different category,CATEGORY_MISMATCH,CAT-CBL
AHM-BRG-49712,AHM-B-CF00BDD5,REQUIRES_ENGINEERING_REVIEW,Mismatched conditionally critical attribute,seal_type (Conditional),CAT-BRG
BUS-BRG-52990,BUS-B-91BC43E0,REQUIRES_ENGINEERING_REVIEW,Mismatched conditionally critical attribute,seal_type (Conditional),CAT-BRG
BUS-LUB-37248,BUS-B-681AEA48,EXACT_DUPLICATE,"Identical MPN/Attributes, perturbed description",NONE,CAT-LUB
CPI-PMP-83406,CPI-B-B693E21C,NOT_EQUIVALENT,"Same category, critical attribute conflict",NONE,CAT-PMP
GME-FLG-70768,GME-B-E0274DD5,NOT_EQUIVALENT,Completely different category,CATEGORY_MISMATCH,CAT-FLG
GME-BRG-33463,GME-B-72A58F40,REQUIRES_ENGINEERING_REVIEW,Mismatched conditionally critical attribute,seal_type (Conditional),CAT-BRG
NEC-BRG-86948,NEC-B-84CDC2D8,REQUIRES_ENGINEERING_REVIEW,Mismatched conditionally critical attribute,seal_type (Conditional),CAT-BRG
CPI-BRG-94464,CPI-B-80B7FDE9,REQUIRES_ENGINEERING_REVIEW,Mismatched conditionally critical attribute,seal_type (Conditional),CAT-BRG
CPI-CBL-96916,CPI-B-14494F3C,FUNCTIONALLY_EQUIVALENT,"Different Manufacturer/MPN, identical critical attributes",NONE,CAT-CBL
NEC-PIP-82854,NEC-B-B5BA8D40,RELATED,"Same category/mfg, different size/specs",NONE,CAT-PIP
CPI-DUP-31309,CPI-B-01B9A6F0,FUNCTIONALLY_EQUIVALENT,"Different Manufacturer/MPN, identical critical attributes",NONE,CAT-LUB
NEC-DUP-24628,NEC-B-049FB99C,NOT_EQUIVALENT,"Same category, critical attribute conflict",power,CAT-MTR
NEC-PPE-56616,NEC-B-A1DD5D60,FUNCTIONALLY_EQUIVALENT,"Different Manufacturer/MPN, identical critical attributes",NONE,CAT-PPE
BUS-VLV-54561,BUS-B-FCBF6860,FUNCTIONALLY_EQUIVALENT,"Different Manufacturer/MPN, identical critical attributes",NONE,CAT-VLV
AHM-DUP-57718,AHM-B-8055B396,NOT_EQUIVALENT,"Same category, critical attribute conflict",NONE,CAT-BRG
CPI-PMP-67350,CPI-B-C1C92D7A,FUNCTIONALLY_EQUIVALENT,"Different Manufacturer/MPN, identical critical attributes",NONE,CAT-PMP
CPI-VLV-62548,CPI-B-187FB2D9,NOT_EQUIVALENT,Completely different category,CATEGORY_MISMATCH,CAT-VLV
CPI-PIP-27512,CPI-B-B1DEAD23,FUNCTIONALLY_EQUIVALENT,"Different Manufacturer/MPN, identical critical attributes",NONE,CAT-PIP
AHM-DUP-23771,AHM-B-ED478B2E,EXACT_DUPLICATE,"Identical MPN/Attributes, perturbed description",NONE,CAT-MTR
CPI-BRG-61339,CPI-B-EE5BA80D,REQUIRES_ENGINEERING_REVIEW,Mismatched conditionally critical attribute,seal_type (Conditional),CAT-BRG
GME-PIP-22867,GME-B-5B27858E,EXACT_DUPLICATE,"Identical MPN/Attributes, perturbed description",NONE,CAT-PIP
BUS-BRG-84381,BUS-B-DA797F36,REQUIRES_ENGINEERING_REVIEW,Mismatched conditionally critical attribute,seal_type (Conditional),CAT-BRG
BUS-PIP-72456,BUS-B-27FF9C86,RELATED,"Same category/mfg, different size/specs",NONE,CAT-PIP
BUS-DUP-58633,BUS-B-ABA610FB,RELATED,"Same category/mfg, different size/specs",NONE,CAT-PMP
GME-DUP-50013,GME-B-8EBA76D8,REQUIRES_ENGINEERING_REVIEW,Mismatched conditionally critical attribute,seal_type (Conditional),CAT-BRG
BUS-FLG-54987,BUS-B-795F8C35,NEAR_DUPLICATE,"Identical MPN, perturbed desc, dropped minor field",NONE,CAT-FLG
NEC-FST-87011,NEC-B-DC535B5D,FUNCTIONALLY_EQUIVALENT,"Different Manufacturer/MPN, identical critical attributes",NONE,CAT-FST
CPI-ELC-89958,CPI-B-B7B20A89,RELATED,"Same category/mfg, different size/specs",NONE,CAT-ELC
AHM-MTR-38771,AHM-B-2B4208AD,NOT_EQUIVALENT,"Same category, critical attribute conflict",voltage,CAT-MTR
NEC-PPE-63342,NEC-B-94C3457F,NEAR_DUPLICATE,"Identical MPN, perturbed desc, dropped minor field",NONE,CAT-PPE
NEC-GSK-38183,NEC-B-6AA06D71,FUNCTIONALLY_EQUIVALENT,"Different Manufacturer/MPN, identical critical attributes",NONE,CAT-GSK
NEC-DUP-52909,NEC-B-92FD934E,NEAR_DUPLICATE,"Identical MPN, perturbed desc, dropped minor field",NONE,CAT-FLG
NEC-DUP-38016,NEC-B-221BCAA1,EXACT_DUPLICATE,"Identical MPN/Attributes, perturbed description",NONE,CAT-PMP
BUS-CFL-16927,BUS-B-844DC794,NEAR_DUPLICATE,"Identical MPN, perturbed desc, dropped minor field",NONE,CAT-MTR
BUS-PIP-32118,BUS-B-BBD21E9E,RELATED,"Same category/mfg, different size/specs",NONE,CAT-PIP
BUS-CBL-48304,BUS-B-01CD43F6,NEAR_DUPLICATE,"Identical MPN, perturbed desc, dropped minor field",NONE,CAT-CBL
AHM-BRG-78312,AHM-B-10828416,REQUIRES_ENGINEERING_REVIEW,Mismatched conditionally critical attribute,seal_type (Conditional),CAT-BRG
AHM-FLG-81359,AHM-B-C9968DE6,NOT_EQUIVALENT,"Same category, critical attribute conflict",NONE,CAT-FLG
GME-INS-99756,GME-B-3BAB7BD0,NOT_EQUIVALENT,Completely different category,CATEGORY_MISMATCH,CAT-INS
CPI-LUB-32931,CPI-B-6B932656,EXACT_DUPLICATE,"Identical MPN/Attributes, perturbed description",NONE,CAT-LUB
AHM-DUP-65770,AHM-B-7EDF534F,NOT_EQUIVALENT,"Same category, critical attribute conflict",material_grade,CAT-PIP
CPI-MTR-41397,CPI-B-79BACC0A,EXACT_DUPLICATE,"Identical MPN/Attributes, perturbed description",NONE,CAT-MTR
CPI-BRG-94804,CPI-B-186319A6,EXACT_DUPLICATE,"Identical MPN/Attributes, perturbed description",NONE,CAT-BRG
AHM-ELC-90914,AHM-B-61041320,FUNCTIONALLY_EQUIVALENT,"Different Manufacturer/MPN, identical critical attributes",NONE,CAT-ELC
BUS-INS-83099,BUS-B-3AFA4802,NOT_EQUIVALENT,"Same category, critical attribute conflict",NONE,CAT-INS
AHM-DUP-84163,AHM-B-F51939D7,EXACT_DUPLICATE,"Identical MPN/Attributes, perturbed description",NONE,CAT-VLV
CPI-DUP-44622,CPI-B-93AE050B,FUNCTIONALLY_EQUIVALENT,"Different Manufacturer/MPN, identical critical attributes",NONE,CAT-LUB
NEC-FST-74066,NEC-B-C82127AE,NOT_EQUIVALENT,Completely different category,CATEGORY_MISMATCH,CAT-FST
GME-FLG-99094,GME-B-96285A45,RELATED,"Same category/mfg, different size/specs",NONE,CAT-FLG
CPI-PIP-92766,CPI-B-744C9BE5,FUNCTIONALLY_EQUIVALENT,"Different Manufacturer/MPN, identical critical attributes",NONE,CAT-PIP
AHM-BRG-48897,AHM-B-B404E39F,RELATED,"Same category/mfg, different size/specs",NONE,CAT-BRG
BUS-PPE-28435,BUS-B-A7A1AFA2,RELATED,"Same category/mfg, different size/specs",NONE,CAT-PPE
BUS-BRG-98167,BUS-B-74AA3AEB,FUNCTIONALLY_EQUIVALENT,"Different Manufacturer/MPN, identical critical attributes",NONE,CAT-BRG
GME-PMP-86641,GME-B-D5E17E93,FUNCTIONALLY_EQUIVALENT,"Different Manufacturer/MPN, identical critical attributes",NONE,CAT-PMP
AHM-DUP-47015,AHM-B-3DBD08CF,FUNCTIONALLY_EQUIVALENT,"Different Manufacturer/MPN, identical critical attributes",NONE,CAT-VLV
CPI-DUP-18771,CPI-B-E9A2CC7F,NEAR_DUPLICATE,"Identical MPN, perturbed desc, dropped minor field",NONE,CAT-BRG
BUS-CBL-50199,BUS-B-19F8426B,NEAR_DUPLICATE,"Identical MPN, perturbed desc, dropped minor field",NONE,CAT-CBL
NEC-ELC-41002,NEC-B-FFA4940F,NEAR_DUPLICATE,"Identical MPN, perturbed desc, dropped minor field",NONE,CAT-ELC
CPI-PIP-56549,CPI-B-35513B28,RELATED,"Same category/mfg, different size/specs",NONE,CAT-PIP
BUS-BRG-41456,BUS-B-FDD5846D,RELATED,"Same category/mfg, different size/specs",NONE,CAT-BRG
GME-BRG-97235,GME-B-6FB72211,REQUIRES_ENGINEERING_REVIEW,Mismatched conditionally critical attribute,seal_type (Conditional),CAT-BRG
CPI-LUB-73343,CPI-B-DE4E29D1,NEAR_DUPLICATE,"Identical MPN, perturbed desc, dropped minor field",NONE,CAT-LUB
BUS-VLV-45444,BUS-B-BC68C41C,NOT_EQUIVALENT,"Same category, critical attribute conflict",size,CAT-VLV
GME-DUP-54633,GME-B-BB7AC818,NEAR_DUPLICATE,"Identical MPN, perturbed desc, dropped minor field",NONE,CAT-PMP
AHM-DUP-12361,AHM-B-B3505B81,FUNCTIONALLY_EQUIVALENT,"Different Manufacturer/MPN, identical critical attributes",NONE,CAT-PPE
BUS-VLV-51140,BUS-B-D60B5CA5,NOT_EQUIVALENT,"Same category, critical attribute conflict",end_connection,CAT-VLV
AHM-DUP-71352,AHM-B-1D1DC7D1,EXACT_DUPLICATE,"Identical MPN/Attributes, perturbed description",NONE,CAT-CBL
BUS-MTR-31398,BUS-B-081DCA9E,NEAR_DUPLICATE,"Identical MPN, perturbed desc, dropped minor field",NONE,CAT-MTR
GME-GSK-42947,GME-B-D9740B84,RELATED,"Same category/mfg, different size/specs",NONE,CAT-GSK
CPI-PPE-95277,CPI-B-9D17FD35,RELATED,"Same category/mfg, different size/specs",NONE,CAT-PPE
GME-FST-36094,GME-B-52E6AA9D,NOT_EQUIVALENT,"Same category, critical attribute conflict",NONE,CAT-FST
CPI-FST-90741,CPI-B-C1F06662,NOT_EQUIVALENT,"Same category, critical attribute conflict",NONE,CAT-FST
CPI-CBL-35519,CPI-B-B202E1D7,NOT_EQUIVALENT,Completely different category,CATEGORY_MISMATCH,CAT-CBL
NEC-BRG-75081,NEC-B-83554618,REQUIRES_ENGINEERING_REVIEW,Mismatched conditionally critical attribute,seal_type (Conditional),CAT-BRG
AHM-DUP-49367,AHM-B-7E153F95,REQUIRES_ENGINEERING_REVIEW,Mismatched conditionally critical attribute,seal_type (Conditional),CAT-BRG
BUS-DUP-88149,BUS-B-CB54EDE5,RELATED,"Same category/mfg, different size/specs",NONE,CAT-ELC
NEC-BRG-68047,NEC-B-64D6A20D,REQUIRES_ENGINEERING_REVIEW,Mismatched conditionally critical attribute,seal_type (Conditional),CAT-BRG
CPI-PMP-72637,CPI-B-520D660E,RELATED,"Same category/mfg, different size/specs",NONE,CAT-PMP
NEC-ELC-91330,NEC-B-B3299698,EXACT_DUPLICATE,"Identical MPN/Attributes, perturbed description",NONE,CAT-ELC
AHM-PMP-43841,AHM-B-73F3200A,RELATED,"Same category/mfg, different size/specs",NONE,CAT-PMP
BUS-FST-41453,BUS-B-B4CAF64C,EXACT_DUPLICATE,"Identical MPN/Attributes, perturbed description",NONE,CAT-FST
GME-BRG-17296,GME-B-E696DC8F,REQUIRES_ENGINEERING_REVIEW,Mismatched conditionally critical attribute,seal_type (Conditional),CAT-BRG
AHM-BRG-15344,AHM-B-1D23B118,REQUIRES_ENGINEERING_REVIEW,Mismatched conditionally critical attribute,seal_type (Conditional),CAT-BRG
BUS-PIP-27031,BUS-B-19EB3179,FUNCTIONALLY_EQUIVALENT,"Different Manufacturer/MPN, identical critical attributes",NONE,CAT-PIP
CPI-LUB-57156,CPI-B-22F12B37,NEAR_DUPLICATE,"Identical MPN, perturbed desc, dropped minor field",NONE,CAT-LUB
NEC-BRG-54210,NEC-B-D69B2A55,REQUIRES_ENGINEERING_REVIEW,Mismatched conditionally critical attribute,seal_type (Conditional),CAT-BRG
CPI-FLG-93712,CPI-B-69A66DFB,NEAR_DUPLICATE,"Identical MPN, perturbed desc, dropped minor field",NONE,CAT-FLG
NEC-BRG-84006,NEC-B-716D6C29,NOT_EQUIVALENT,Completely different category,CATEGORY_MISMATCH,CAT-BRG
GME-CBL-16478,GME-B-66317C50,EXACT_DUPLICATE,"Identical MPN/Attributes, perturbed description",NONE,CAT-CBL
CPI-GSK-74739,CPI-B-E00CA302,FUNCTIONALLY_EQUIVALENT,"Different Manufacturer/MPN, identical critical attributes",NONE,CAT-GSK
AHM-DUP-91237,AHM-B-03EB8013,FUNCTIONALLY_EQUIVALENT,"Different Manufacturer/MPN, identical critical attributes",NONE,CAT-PMP
GME-CFL-32676,GME-B-ED153893,EXACT_DUPLICATE,"Identical MPN/Attributes, perturbed description",NONE,CAT-PPE
AHM-LUB-88288,AHM-B-31FCD163,NOT_EQUIVALENT,Completely different category,CATEGORY_MISMATCH,CAT-LUB
AHM-INS-64232,AHM-B-0B943CBB,NOT_EQUIVALENT,Completely different category,CATEGORY_MISMATCH,CAT-INS
CPI-PMP-59295,CPI-B-B27088AE,NEAR_DUPLICATE,"Identical MPN, perturbed desc, dropped minor field",NONE,CAT-PMP
AHM-GSK-21417,AHM-B-EE34AF59,FUNCTIONALLY_EQUIVALENT,"Different Manufacturer/MPN, identical critical attributes",NONE,CAT-GSK
AHM-DUP-87029,AHM-B-FF6901C6,EXACT_DUPLICATE,"Identical MPN/Attributes, perturbed description",NONE,CAT-PPE
BUS-PPE-75500,BUS-B-037F8033,RELATED,"Same category/mfg, different size/specs",NONE,CAT-PPE
AHM-ELC-65387,AHM-B-6CB9406C,NEAR_DUPLICATE,"Identical MPN, perturbed desc, dropped minor field",NONE,CAT-ELC
CPI-VLV-73767,CPI-B-89094657,NEAR_DUPLICATE,"Identical MPN, perturbed desc, dropped minor field",NONE,CAT-VLV
NEC-ELC-61712,NEC-B-9C39B828,EXACT_DUPLICATE,"Identical MPN/Attributes, perturbed description",NONE,CAT-ELC
AHM-ELC-82692,AHM-B-22716936,NEAR_DUPLICATE,"Identical MPN, perturbed desc, dropped minor field",NONE,CAT-ELC
NEC-BRG-47851,NEC-B-4767E71C,RELATED,"Same category/mfg, different size/specs",NONE,CAT-BRG
BUS-FST-50630,BUS-B-5A4D2DF3,FUNCTIONALLY_EQUIVALENT,"Different Manufacturer/MPN, identical critical attributes",NONE,CAT-FST
AHM-BRG-47661,AHM-B-D7342118,REQUIRES_ENGINEERING_REVIEW,Mismatched conditionally critical attribute,seal_type (Conditional),CAT-BRG
GME-ELC-70696,GME-B-E83B6524,NEAR_DUPLICATE,"Identical MPN, perturbed desc, dropped minor field",NONE,CAT-ELC
CPI-DUP-25422,CPI-B-BD72972B,RELATED,"Same category/mfg, different size/specs",NONE,CAT-PPE
BUS-MTR-34120,BUS-B-31B87EFD,NOT_EQUIVALENT,Completely different category,CATEGORY_MISMATCH,CAT-MTR
AHM-PMP-33306,AHM-B-586E1B26,EXACT_DUPLICATE,"Identical MPN/Attributes, perturbed description",NONE,CAT-PMP
CPI-BRG-60973,CPI-B-6089A70B,REQUIRES_ENGINEERING_REVIEW,Mismatched conditionally critical attribute,seal_type (Conditional),CAT-BRG
GME-ELC-89311,GME-B-A6092BEC,FUNCTIONALLY_EQUIVALENT,"Different Manufacturer/MPN, identical critical attributes",NONE,CAT-ELC
BUS-BRG-84381,BUS-B-E2700CC4,REQUIRES_ENGINEERING_REVIEW,Mismatched conditionally critical attribute,seal_type (Conditional),CAT-BRG
GME-DUP-66111,GME-B-79CB5AC5,NEAR_DUPLICATE,"Identical MPN, perturbed desc, dropped minor field",NONE,CAT-LUB
NEC-BRG-28115,NEC-B-63BF9011,FUNCTIONALLY_EQUIVALENT,"Different Manufacturer/MPN, identical critical attributes",NONE,CAT-BRG
CPI-PIP-88934,CPI-B-F6F38D3D,RELATED,"Same category/mfg, different size/specs",NONE,CAT-PIP
CPI-BRG-73949,CPI-B-2032DD5C,FUNCTIONALLY_EQUIVALENT,"Different Manufacturer/MPN, identical critical attributes",NONE,CAT-BRG
NEC-GSK-62672,NEC-B-608174FF,EXACT_DUPLICATE,"Identical MPN/Attributes, perturbed description",NONE,CAT-GSK
AHM-DUP-30350,AHM-B-A8DF8385,EXACT_DUPLICATE,"Identical MPN/Attributes, perturbed description",NONE,CAT-INS
CPI-LUB-51623,CPI-B-BA6BC0A6,RELATED,"Same category/mfg, different size/specs",NONE,CAT-LUB
BUS-PMP-57657,BUS-B-D0DCE298,FUNCTIONALLY_EQUIVALENT,"Different Manufacturer/MPN, identical critical attributes",NONE,CAT-PMP
BUS-DUP-67638,BUS-B-9E333E57,RELATED,"Same category/mfg, different size/specs",NONE,CAT-CBL
BUS-BRG-57236,BUS-B-39E1FE0D,REQUIRES_ENGINEERING_REVIEW,Mismatched conditionally critical attribute,seal_type (Conditional),CAT-BRG
GME-DUP-62946,GME-B-099B1FEE,NOT_EQUIVALENT,Completely different category,CATEGORY_MISMATCH,CAT-GSK
AHM-VLV-65821,AHM-B-DA360465,NEAR_DUPLICATE,"Identical MPN, perturbed desc, dropped minor field",NONE,CAT-VLV
CPI-DUP-88703,CPI-B-06CCD9E5,NEAR_DUPLICATE,"Identical MPN, perturbed desc, dropped minor field",NONE,CAT-PIP
BUS-INS-31004,BUS-B-71F45A73,NOT_EQUIVALENT,"Same category, critical attribute conflict",NONE,CAT-INS
CPI-CFL-40866,CPI-B-C28E68D3,RELATED,"Same category/mfg, different size/specs",NONE,CAT-BRG
GME-INS-34309,GME-B-FC195543,EXACT_DUPLICATE,"Identical MPN/Attributes, perturbed description",NONE,CAT-INS
AHM-BRG-23401,AHM-B-E9357A2C,NEAR_DUPLICATE,"Identical MPN, perturbed desc, dropped minor field",NONE,CAT-BRG
NEC-BRG-30105,NEC-B-FB589304,REQUIRES_ENGINEERING_REVIEW,Mismatched conditionally critical attribute,seal_type (Conditional),CAT-BRG
BUS-BRG-21343,BUS-B-927E835A,REQUIRES_ENGINEERING_REVIEW,Mismatched conditionally critical attribute,seal_type (Conditional),CAT-BRG
CPI-LUB-36748,CPI-B-B5579922,NOT_EQUIVALENT,Completely different category,CATEGORY_MISMATCH,CAT-LUB
NEC-BRG-76253,NEC-B-A11A54C0,REQUIRES_ENGINEERING_REVIEW,Mismatched conditionally critical attribute,seal_type (Conditional),CAT-BRG
AHM-BRG-79555,AHM-B-87491470,REQUIRES_ENGINEERING_REVIEW,Mismatched conditionally critical attribute,seal_type (Conditional),CAT-BRG
CPI-BRG-88629,CPI-B-800BF020,REQUIRES_ENGINEERING_REVIEW,Mismatched conditionally critical attribute,seal_type (Conditional),CAT-BRG
GME-BRG-22797,GME-B-55449F86,REQUIRES_ENGINEERING_REVIEW,Mismatched conditionally critical attribute,seal_type (Conditional),CAT-BRG
CPI-FST-36223,CPI-B-1B957C7C,NOT_EQUIVALENT,Completely different category,CATEGORY_MISMATCH,CAT-FST
NEC-VLV-36054,NEC-B-CF5D2E88,FUNCTIONALLY_EQUIVALENT,"Different Manufacturer/MPN, identical critical attributes",NONE,CAT-VLV
CPI-PIP-99755,CPI-B-F664CDD3,FUNCTIONALLY_EQUIVALENT,"Different Manufacturer/MPN, identical critical attributes",NONE,CAT-PIP
BUS-PIP-79174,BUS-B-4E79DE7D,NEAR_DUPLICATE,"Identical MPN, perturbed desc, dropped minor field",NONE,CAT-PIP
CPI-FLG-22767,CPI-B-828B1E09,NEAR_DUPLICATE,"Identical MPN, perturbed desc, dropped minor field",NONE,CAT-FLG
GME-INS-84546,GME-B-DBA94F28,NOT_EQUIVALENT,Completely different category,CATEGORY_MISMATCH,CAT-INS
BUS-DUP-14951,BUS-B-50C05CCF,NOT_EQUIVALENT,"Same category, critical attribute conflict",size,CAT-VLV
GME-BRG-61251,GME-B-B833DFBE,REQUIRES_ENGINEERING_REVIEW,Mismatched conditionally critical attribute,seal_type (Conditional),CAT-BRG
NEC-ELC-27840,NEC-B-EDE0459A,NOT_EQUIVALENT,Completely different category,CATEGORY_MISMATCH,CAT-ELC
CPI-PIP-55634,CPI-B-4B60CDE8,NEAR_DUPLICATE,"Identical MPN, perturbed desc, dropped minor field",NONE,CAT-PIP
AHM-PMP-44550,AHM-B-9DDB48ED,NEAR_DUPLICATE,"Identical MPN, perturbed desc, dropped minor field",NONE,CAT-PMP
GME-BRG-75111,GME-B-80E1DA96,REQUIRES_ENGINEERING_REVIEW,Mismatched conditionally critical attribute,seal_type (Conditional),CAT-BRG
AHM-LUB-82289,AHM-B-DFD27E8B,RELATED,"Same category/mfg, different size/specs",NONE,CAT-LUB
NEC-LUB-40463,NEC-B-40814A92,EXACT_DUPLICATE,"Identical MPN/Attributes, perturbed description",NONE,CAT-LUB
NEC-DUP-29763,NEC-B-D8D2EACF,FUNCTIONALLY_EQUIVALENT,"Different Manufacturer/MPN, identical critical attributes",NONE,CAT-PIP
AHM-CBL-35183,AHM-B-1A646189,NOT_EQUIVALENT,Completely different category,CATEGORY_MISMATCH,CAT-CBL
BUS-BRG-16267,BUS-B-EF9AC0EF,EXACT_DUPLICATE,"Identical MPN/Attributes, perturbed description",NONE,CAT-BRG
NEC-BRG-39782,NEC-B-EA744B14,REQUIRES_ENGINEERING_REVIEW,Mismatched conditionally critical attribute,seal_type (Conditional),CAT-BRG
AHM-BRG-96259,AHM-B-63431EBE,RELATED,"Same category/mfg, different size/specs",NONE,CAT-BRG
GME-INS-69656,GME-B-8839DC9E,NEAR_DUPLICATE,"Identical MPN, perturbed desc, dropped minor field",NONE,CAT-INS
GME-BRG-54382,GME-B-127A22A6,NOT_EQUIVALENT,Completely different category,CATEGORY_MISMATCH,CAT-BRG
AHM-DUP-13270,AHM-B-322EEC95,FUNCTIONALLY_EQUIVALENT,"Different Manufacturer/MPN, identical critical attributes",NONE,CAT-PPE
AHM-BRG-81992,AHM-B-7F900D5D,REQUIRES_ENGINEERING_REVIEW,Mismatched conditionally critical attribute,seal_type (Conditional),CAT-BRG
GME-LUB-43095,GME-B-C9E22F34,NEAR_DUPLICATE,"Identical MPN, perturbed desc, dropped minor field",NONE,CAT-LUB
AHM-LUB-41401,AHM-B-4A851C19,EXACT_DUPLICATE,"Identical MPN/Attributes, perturbed description",NONE,CAT-LUB
CPI-CBL-44781,CPI-B-E6C207C3,FUNCTIONALLY_EQUIVALENT,"Different Manufacturer/MPN, identical critical attributes",NONE,CAT-CBL
GME-BRG-11005,GME-B-8BC20547,REQUIRES_ENGINEERING_REVIEW,Mismatched conditionally critical attribute,seal_type (Conditional),CAT-BRG
BUS-PIP-93697,BUS-B-A959C9DB,FUNCTIONALLY_EQUIVALENT,"Different Manufacturer/MPN, identical critical attributes",NONE,CAT-PIP
NEC-VLV-35650,NEC-B-E9037E5A,NOT_EQUIVALENT,"Same category, critical attribute conflict",pressure_class,CAT-VLV
BUS-BRG-37323,BUS-B-62B8CE10,REQUIRES_ENGINEERING_REVIEW,Mismatched conditionally critical attribute,seal_type (Conditional),CAT-BRG
AHM-GSK-72488,AHM-B-21E164C6,FUNCTIONALLY_EQUIVALENT,"Different Manufacturer/MPN, identical critical attributes",NONE,CAT-GSK
NEC-BRG-10061,NEC-B-57113C7A,REQUIRES_ENGINEERING_REVIEW,Mismatched conditionally critical attribute,seal_type (Conditional),CAT-BRG
AHM-GSK-39794,AHM-B-E39CC03B,NEAR_DUPLICATE,"Identical MPN, perturbed desc, dropped minor field",NONE,CAT-GSK
GME-PIP-53549,GME-B-E4C0CD0C,NEAR_DUPLICATE,"Identical MPN, perturbed desc, dropped minor field",NONE,CAT-PIP
AHM-LUB-26420,AHM-B-0BBF4F6E,RELATED,"Same category/mfg, different size/specs",NONE,CAT-LUB
NEC-PIP-75641,NEC-B-954D4D35,NEAR_DUPLICATE,"Identical MPN, perturbed desc, dropped minor field",NONE,CAT-PIP
GME-PMP-44034,GME-B-052CABD9,EXACT_DUPLICATE,"Identical MPN/Attributes, perturbed description",NONE,CAT-PMP
AHM-CFL-99289,AHM-B-5EFBE02F,NOT_EQUIVALENT,"Same category, critical attribute conflict",NONE,CAT-BRG
AHM-BRG-35990,AHM-B-AC6647DE,REQUIRES_ENGINEERING_REVIEW,Mismatched conditionally critical attribute,seal_type (Conditional),CAT-BRG
NEC-LUB-25787,NEC-B-79FDE77C,NOT_EQUIVALENT,Completely different category,CATEGORY_MISMATCH,CAT-LUB
NEC-BRG-76253,NEC-B-6A7467D3,REQUIRES_ENGINEERING_REVIEW,Mismatched conditionally critical attribute,seal_type (Conditional),CAT-BRG
AHM-FLG-62686,AHM-B-16362B7D,NEAR_DUPLICATE,"Identical MPN, perturbed desc, dropped minor field",NONE,CAT-FLG
BUS-DUP-35189,BUS-B-0843D92E,NEAR_DUPLICATE,"Identical MPN, perturbed desc, dropped minor field",NONE,CAT-PMP
CPI-FST-84311,CPI-B-CAACF593,RELATED,"Same category/mfg, different size/specs",NONE,CAT-FST
AHM-VLV-20596,AHM-B-EBCE486D,RELATED,"Same category/mfg, different size/specs",NONE,CAT-VLV
NEC-VLV-34065,NEC-B-3D516C98,EXACT_DUPLICATE,"Identical MPN/Attributes, perturbed description",NONE,CAT-VLV
NEC-BRG-50576,NEC-B-F917D39E,REQUIRES_ENGINEERING_REVIEW,Mismatched conditionally critical attribute,seal_type (Conditional),CAT-BRG
CPI-FLG-25331,CPI-B-854DB18F,NEAR_DUPLICATE,"Identical MPN, perturbed desc, dropped minor field",NONE,CAT-FLG
NEC-CFL-55090,NEC-B-D96B3B89,FUNCTIONALLY_EQUIVALENT,"Different Manufacturer/MPN, identical critical attributes",NONE,CAT-ELC
AHM-PIP-38362,AHM-B-758E16D2,NEAR_DUPLICATE,"Identical MPN, perturbed desc, dropped minor field",NONE,CAT-PIP
AHM-BRG-13724,AHM-B-CA656CCD,REQUIRES_ENGINEERING_REVIEW,Mismatched conditionally critical attribute,seal_type (Conditional),CAT-BRG
GME-PIP-48503,GME-B-0460081B,NEAR_DUPLICATE,"Identical MPN, perturbed desc, dropped minor field",NONE,CAT-PIP
NEC-DUP-44652,NEC-B-E30CF73B,REQUIRES_ENGINEERING_REVIEW,Mismatched conditionally critical attribute,seal_type (Conditional),CAT-BRG
BUS-CFL-15684,BUS-B-A6DB017D,REQUIRES_ENGINEERING_REVIEW,Mismatched conditionally critical attribute,seal_type (Conditional),CAT-BRG
CPI-DUP-19857,CPI-B-9C671765,FUNCTIONALLY_EQUIVALENT,"Different Manufacturer/MPN, identical critical attributes",NONE,CAT-LUB
GME-DUP-78049,GME-B-23F7E70F,NOT_EQUIVALENT,Completely different category,CATEGORY_MISMATCH,CAT-CBL
BUS-CBL-99710,BUS-B-8CDA133C,RELATED,"Same category/mfg, different size/specs",NONE,CAT-CBL
NEC-DUP-28564,NEC-B-B6310C05,FUNCTIONALLY_EQUIVALENT,"Different Manufacturer/MPN, identical critical attributes",NONE,CAT-FLG
GME-PPE-15303,GME-B-73C0390C,RELATED,"Same category/mfg, different size/specs",NONE,CAT-PPE
AHM-FST-91811,AHM-B-B2E724C7,NOT_EQUIVALENT,"Same category, critical attribute conflict",NONE,CAT-FST
NEC-BRG-85939,NEC-B-D2A3B688,REQUIRES_ENGINEERING_REVIEW,Mismatched conditionally critical attribute,seal_type (Conditional),CAT-BRG
BUS-ELC-40000,BUS-B-E725CF93,NEAR_DUPLICATE,"Identical MPN, perturbed desc, dropped minor field",NONE,CAT-ELC
NEC-CBL-85245,NEC-B-6F7B121D,FUNCTIONALLY_EQUIVALENT,"Different Manufacturer/MPN, identical critical attributes",NONE,CAT-CBL
CPI-GSK-18046,CPI-B-B474FBED,EXACT_DUPLICATE,"Identical MPN/Attributes, perturbed description",NONE,CAT-GSK
NEC-DUP-71312,NEC-B-BEB2F930,FUNCTIONALLY_EQUIVALENT,"Different Manufacturer/MPN, identical critical attributes",NONE,CAT-LUB
NEC-FLG-79389,NEC-B-D7E28819,NOT_EQUIVALENT,Completely different category,CATEGORY_MISMATCH,CAT-FLG
BUS-BRG-98268,BUS-B-51AA4AE0,NEAR_DUPLICATE,"Identical MPN, perturbed desc, dropped minor field",NONE,CAT-BRG
NEC-LUB-49106,NEC-B-EEF75D0F,NOT_EQUIVALENT,Completely different category,CATEGORY_MISMATCH,CAT-LUB
NEC-ELC-94004,NEC-B-E20456D8,RELATED,"Same category/mfg, different size/specs",NONE,CAT-ELC
CPI-VLV-36000,CPI-B-6EE2B169,RELATED,"Same category/mfg, different size/specs",NONE,CAT-VLV
CPI-ELC-77482,CPI-B-27571622,NEAR_DUPLICATE,"Identical MPN, perturbed desc, dropped minor field",NONE,CAT-ELC
BUS-CBL-14469,BUS-B-D7BCAA14,NOT_EQUIVALENT,Completely different category,CATEGORY_MISMATCH,CAT-CBL
AHM-BRG-31471,AHM-B-6979E507,REQUIRES_ENGINEERING_REVIEW,Mismatched conditionally critical attribute,seal_type (Conditional),CAT-BRG
CPI-PPE-27447,CPI-B-25E7C83B,FUNCTIONALLY_EQUIVALENT,"Different Manufacturer/MPN, identical critical attributes",NONE,CAT-PPE
CPI-CBL-26637,CPI-B-712D52FD,FUNCTIONALLY_EQUIVALENT,"Different Manufacturer/MPN, identical critical attributes",NONE,CAT-CBL
GME-PMP-91245,GME-B-4F25C494,NEAR_DUPLICATE,"Identical MPN, perturbed desc, dropped minor field",NONE,CAT-PMP
CPI-FLG-84758,CPI-B-97FCE1EE,NEAR_DUPLICATE,"Identical MPN, perturbed desc, dropped minor field",NONE,CAT-FLG
GME-CFL-11745,GME-B-CEBB2B97,REQUIRES_ENGINEERING_REVIEW,Mismatched conditionally critical attribute,seal_type (Conditional),CAT-BRG
CPI-VLV-23084,CPI-B-5CC2238E,EXACT_DUPLICATE,"Identical MPN/Attributes, perturbed description",NONE,CAT-VLV
NEC-INS-20759,NEC-B-9239A472,NEAR_DUPLICATE,"Identical MPN, perturbed desc, dropped minor field",NONE,CAT-INS
AHM-FST-30337,AHM-B-FC2A9044,NOT_EQUIVALENT,"Same category, critical attribute conflict",NONE,CAT-FST
BUS-GSK-19996,BUS-B-CB9FA807,EXACT_DUPLICATE,"Identical MPN/Attributes, perturbed description",NONE,CAT-GSK
NEC-BRG-42466,NEC-B-FDDD79AF,REQUIRES_ENGINEERING_REVIEW,Mismatched conditionally critical attribute,seal_type (Conditional),CAT-BRG
CPI-BRG-68757,CPI-B-D281FE31,REQUIRES_ENGINEERING_REVIEW,Mismatched conditionally critical attribute,seal_type (Conditional),CAT-BRG
CPI-LUB-87121,CPI-B-6F05531B,FUNCTIONALLY_EQUIVALENT,"Different Manufacturer/MPN, identical critical attributes",NONE,CAT-LUB
BUS-MTR-42737,BUS-B-701A5572,FUNCTIONALLY_EQUIVALENT,"Different Manufacturer/MPN, identical critical attributes",NONE,CAT-MTR
AHM-GSK-38697,AHM-B-D5A8CEC5,RELATED,"Same category/mfg, different size/specs",NONE,CAT-GSK
AHM-MTR-15805,AHM-B-9DDBD7A6,FUNCTIONALLY_EQUIVALENT,"Different Manufacturer/MPN, identical critical attributes",NONE,CAT-MTR
GME-BRG-16532,GME-B-A39E80B0,REQUIRES_ENGINEERING_REVIEW,Mismatched conditionally critical attribute,seal_type (Conditional),CAT-BRG
AHM-ELC-19666,AHM-B-1CC04FFC,NOT_EQUIVALENT,"Same category, critical attribute conflict",NONE,CAT-ELC
BUS-PMP-15460,BUS-B-ACF9D82B,EXACT_DUPLICATE,"Identical MPN/Attributes, perturbed description",NONE,CAT-PMP
BUS-INS-89549,BUS-B-4BFD85D7,NOT_EQUIVALENT,"Same category, critical attribute conflict",NONE,CAT-INS
GME-INS-79176,GME-B-A3C29EF7,NOT_EQUIVALENT,"Same category, critical attribute conflict",NONE,CAT-INS
NEC-DUP-68131,NEC-B-BE4C73F6,EXACT_DUPLICATE,"Identical MPN/Attributes, perturbed description",NONE,CAT-LUB
AHM-VLV-21697,AHM-B-9FAF32D7,NOT_EQUIVALENT,Completely different category,CATEGORY_MISMATCH,CAT-VLV
NEC-VLV-33670,NEC-B-3F9EA4D1,NEAR_DUPLICATE,"Identical MPN, perturbed desc, dropped minor field",NONE,CAT-VLV
GME-PIP-25002,GME-B-86050AC3,EXACT_DUPLICATE,"Identical MPN/Attributes, perturbed description",NONE,CAT-PIP
NEC-INS-77137,NEC-B-CA44808D,FUNCTIONALLY_EQUIVALENT,"Different Manufacturer/MPN, identical critical attributes",NONE,CAT-INS
CPI-BRG-89449,CPI-B-88EEFA89,REQUIRES_ENGINEERING_REVIEW,Mismatched conditionally critical attribute,seal_type (Conditional),CAT-BRG
AHM-PIP-65716,AHM-B-FE4153EE,NOT_EQUIVALENT,"Same category, critical attribute conflict",material_grade,CAT-PIP
AHM-FLG-96653,AHM-B-43610E4A,EXACT_DUPLICATE,"Identical MPN/Attributes, perturbed description",NONE,CAT-FLG
CPI-BRG-18880,CPI-B-8018F73B,FUNCTIONALLY_EQUIVALENT,"Different Manufacturer/MPN, identical critical attributes",NONE,CAT-BRG
CPI-DUP-78629,CPI-B-7FF29E6A,NOT_EQUIVALENT,"Same category, critical attribute conflict",power,CAT-MTR
NEC-INS-72678,NEC-B-C88C6111,FUNCTIONALLY_EQUIVALENT,"Different Manufacturer/MPN, identical critical attributes",NONE,CAT-INS
AHM-CFL-80220,AHM-B-C783E872,REQUIRES_ENGINEERING_REVIEW,Mismatched conditionally critical attribute,seal_type (Conditional),CAT-BRG
GME-INS-92412,GME-B-7BB62B5F,NOT_EQUIVALENT,"Same category, critical attribute conflict",NONE,CAT-INS
AHM-DUP-70939,AHM-B-94BD2C09,NEAR_DUPLICATE,"Identical MPN, perturbed desc, dropped minor field",NONE,CAT-GSK
GME-BRG-78254,GME-B-2BD7BCB1,NOT_EQUIVALENT,Completely different category,CATEGORY_MISMATCH,CAT-BRG
GME-BRG-72206,GME-B-B2F2F24C,REQUIRES_ENGINEERING_REVIEW,Mismatched conditionally critical attribute,seal_type (Conditional),CAT-BRG
GME-CFL-32676,GME-B-72101E06,EXACT_DUPLICATE,"Identical MPN/Attributes, perturbed description",NONE,CAT-PPE
CPI-LUB-78712,CPI-B-3EB0635A,NOT_EQUIVALENT,Completely different category,CATEGORY_MISMATCH,CAT-LUB
AHM-GSK-87449,AHM-B-57DDCE2E,NOT_EQUIVALENT,"Same category, critical attribute conflict",NONE,CAT-GSK
GME-PPE-56748,GME-B-5087A296,FUNCTIONALLY_EQUIVALENT,"Different Manufacturer/MPN, identical critical attributes",NONE,CAT-PPE
BUS-BRG-32521,BUS-B-31EBA1E1,REQUIRES_ENGINEERING_REVIEW,Mismatched conditionally critical attribute,seal_type (Conditional),CAT-BRG
GME-DUP-44085,GME-B-F324360F,REQUIRES_ENGINEERING_REVIEW,Mismatched conditionally critical attribute,seal_type (Conditional),CAT-BRG
AHM-PMP-41442,AHM-B-988A4FC7,NOT_EQUIVALENT,Completely different category,CATEGORY_MISMATCH,CAT-PMP
NEC-BRG-43559,NEC-B-635653B1,REQUIRES_ENGINEERING_REVIEW,Mismatched conditionally critical attribute,seal_type (Conditional),CAT-BRG
GME-BRG-30958,GME-B-A55C0C52,REQUIRES_ENGINEERING_REVIEW,Mismatched conditionally critical attribute,seal_type (Conditional),CAT-BRG
NEC-PMP-43063,NEC-B-7CA5BD0B,NOT_EQUIVALENT,Completely different category,CATEGORY_MISMATCH,CAT-PMP
CPI-BRG-19748,CPI-B-4BBB455A,RELATED,"Same category/mfg, different size/specs",NONE,CAT-BRG
AHM-LUB-40272,AHM-B-F6900629,RELATED,"Same category/mfg, different size/specs",NONE,CAT-LUB
BUS-PPE-83553,BUS-B-26D171CE,NEAR_DUPLICATE,"Identical MPN, perturbed desc, dropped minor field",NONE,CAT-PPE
BUS-MTR-75541,BUS-B-6D4E749E,NEAR_DUPLICATE,"Identical MPN, perturbed desc, dropped minor field",NONE,CAT-MTR
CPI-FLG-84758,CPI-B-1FC07108,NEAR_DUPLICATE,"Identical MPN, perturbed desc, dropped minor field",NONE,CAT-FLG
NEC-CFL-20402,NEC-B-10387EDF,NOT_EQUIVALENT,Completely different category,CATEGORY_MISMATCH,CAT-FST
AHM-DUP-34879,AHM-B-7A1DB8F2,NEAR_DUPLICATE,"Identical MPN, perturbed desc, dropped minor field",NONE,CAT-LUB
BUS-LUB-17300,BUS-B-B5A55C8F,NEAR_DUPLICATE,"Identical MPN, perturbed desc, dropped minor field",NONE,CAT-LUB
AHM-DUP-44147,AHM-B-6B5B6C6B,EXACT_DUPLICATE,"Identical MPN/Attributes, perturbed description",NONE,CAT-MTR
AHM-FLG-37555,AHM-B-220B22E7,EXACT_DUPLICATE,"Identical MPN/Attributes, perturbed description",NONE,CAT-FLG
BUS-FST-88540,BUS-B-8996A83B,FUNCTIONALLY_EQUIVALENT,"Different Manufacturer/MPN, identical critical attributes",NONE,CAT-FST
GME-FLG-58107,GME-B-4CD232F5,NOT_EQUIVALENT,"Same category, critical attribute conflict",NONE,CAT-FLG
CPI-BRG-23483,CPI-B-F344255E,REQUIRES_ENGINEERING_REVIEW,Mismatched conditionally critical attribute,seal_type (Conditional),CAT-BRG
GME-PPE-54898,GME-B-D4F5B433,NEAR_DUPLICATE,"Identical MPN, perturbed desc, dropped minor field",NONE,CAT-PPE
NEC-BRG-55593,NEC-B-A1E8E665,EXACT_DUPLICATE,"Identical MPN/Attributes, perturbed description",NONE,CAT-BRG
NEC-PPE-84270,NEC-B-5AB5DD8A,EXACT_DUPLICATE,"Identical MPN/Attributes, perturbed description",NONE,CAT-PPE
BUS-BRG-95554,BUS-B-7221C904,REQUIRES_ENGINEERING_REVIEW,Mismatched conditionally critical attribute,seal_type (Conditional),CAT-BRG
AHM-BRG-64999,AHM-B-CE551857,REQUIRES_ENGINEERING_REVIEW,Mismatched conditionally critical attribute,seal_type (Conditional),CAT-BRG
BUS-ELC-99103,BUS-B-723FDFC1,NEAR_DUPLICATE,"Identical MPN, perturbed desc, dropped minor field",NONE,CAT-ELC
AHM-FLG-93859,AHM-B-5AC96073,RELATED,"Same category/mfg, different size/specs",NONE,CAT-FLG
GME-PPE-73602,GME-B-EC957729,EXACT_DUPLICATE,"Identical MPN/Attributes, perturbed description",NONE,CAT-PPE
GME-BRG-40816,GME-B-58DC816F,REQUIRES_ENGINEERING_REVIEW,Mismatched conditionally critical attribute,seal_type (Conditional),CAT-BRG
BUS-BRG-77498,BUS-B-1064B186,REQUIRES_ENGINEERING_REVIEW,Mismatched conditionally critical attribute,seal_type (Conditional),CAT-BRG
AHM-DUP-63070,AHM-B-4B88BCEF,REQUIRES_ENGINEERING_REVIEW,Mismatched conditionally critical attribute,seal_type (Conditional),CAT-BRG
BUS-CBL-46625,BUS-B-59977E23,FUNCTIONALLY_EQUIVALENT,"Different Manufacturer/MPN, identical critical attributes",NONE,CAT-CBL
AHM-GSK-57868,AHM-B-6FF0F095,EXACT_DUPLICATE,"Identical MPN/Attributes, perturbed description",NONE,CAT-GSK
CPI-ELC-75804,CPI-B-D569E978,EXACT_DUPLICATE,"Identical MPN/Attributes, perturbed description",NONE,CAT-ELC
BUS-GSK-96412,BUS-B-D55A5ABC,NEAR_DUPLICATE,"Identical MPN, perturbed desc, dropped minor field",NONE,CAT-GSK
NEC-CBL-35098,NEC-B-4B82A584,RELATED,"Same category/mfg, different size/specs",NONE,CAT-CBL
CPI-MTR-88454,CPI-B-E1D28D17,EXACT_DUPLICATE,"Identical MPN/Attributes, perturbed description",NONE,CAT-MTR
NEC-DUP-49764,NEC-B-FFA5C234,NOT_EQUIVALENT,Completely different category,CATEGORY_MISMATCH,CAT-PIP
AHM-PPE-99969,AHM-B-FFE05E8D,EXACT_DUPLICATE,"Identical MPN/Attributes, perturbed description",NONE,CAT-PPE
NEC-PMP-73368,NEC-B-EAA88532,NOT_EQUIVALENT,Completely different category,CATEGORY_MISMATCH,CAT-PMP
CPI-PIP-83445,CPI-B-9FB5B3EF,NEAR_DUPLICATE,"Identical MPN, perturbed desc, dropped minor field",NONE,CAT-PIP
BUS-VLV-29846,BUS-B-D64F7CB7,EXACT_DUPLICATE,"Identical MPN/Attributes, perturbed description",NONE,CAT-VLV
GME-VLV-91316,GME-B-67FD676E,EXACT_DUPLICATE,"Identical MPN/Attributes, perturbed description",NONE,CAT-VLV
AHM-DUP-49295,AHM-B-3B2D0C95,REQUIRES_ENGINEERING_REVIEW,Mismatched conditionally critical attribute,seal_type (Conditional),CAT-BRG
CPI-CFL-63149,CPI-B-2DD2D5E6,NEAR_DUPLICATE,"Identical MPN, perturbed desc, dropped minor field",NONE,CAT-GSK
AHM-GSK-48448,AHM-B-75F17D85,EXACT_DUPLICATE,"Identical MPN/Attributes, perturbed description",NONE,CAT-GSK
AHM-FLG-42388,AHM-B-86BB9236,NEAR_DUPLICATE,"Identical MPN, perturbed desc, dropped minor field",NONE,CAT-FLG
BUS-VLV-27858,BUS-B-15775741,FUNCTIONALLY_EQUIVALENT,"Different Manufacturer/MPN, identical critical attributes",NONE,CAT-VLV
CPI-PIP-54482,CPI-B-5F6983D2,EXACT_DUPLICATE,"Identical MPN/Attributes, perturbed description",NONE,CAT-PIP
CPI-CFL-15936,CPI-B-6E4B4709,EXACT_DUPLICATE,"Identical MPN/Attributes, perturbed description",NONE,CAT-GSK
AHM-CFL-55135,AHM-B-FD38E895,NOT_EQUIVALENT,"Same category, critical attribute conflict",NONE,CAT-PPE
BUS-ELC-86232,BUS-B-7015E448,FUNCTIONALLY_EQUIVALENT,"Different Manufacturer/MPN, identical critical attributes",NONE,CAT-ELC
BUS-PMP-29725,BUS-B-C741BBDF,NOT_EQUIVALENT,Completely different category,CATEGORY_MISMATCH,CAT-PMP
AHM-PIP-79931,AHM-B-B5ADB14E,NOT_EQUIVALENT,Completely different category,CATEGORY_MISMATCH,CAT-PIP
AHM-BRG-83378,AHM-B-F9D56B00,REQUIRES_ENGINEERING_REVIEW,Mismatched conditionally critical attribute,seal_type (Conditional),CAT-BRG
NEC-PMP-13003,NEC-B-5AE8F3AC,NOT_EQUIVALENT,Completely different category,CATEGORY_MISMATCH,CAT-PMP
AHM-PIP-66803,AHM-B-F1EBD5C4,FUNCTIONALLY_EQUIVALENT,"Different Manufacturer/MPN, identical critical attributes",NONE,CAT-PIP
AHM-MTR-57926,AHM-B-329EF612,NOT_EQUIVALENT,"Same category, critical attribute conflict",voltage,CAT-MTR
AHM-LUB-51475,AHM-B-195B8403,RELATED,"Same category/mfg, different size/specs",NONE,CAT-LUB
CPI-DUP-79175,CPI-B-09A97F56,FUNCTIONALLY_EQUIVALENT,"Different Manufacturer/MPN, identical critical attributes",NONE,CAT-FST
AHM-DUP-93906,AHM-B-81EA7158,RELATED,"Same category/mfg, different size/specs",NONE,CAT-BRG
AHM-BRG-34388,AHM-B-3E115B82,EXACT_DUPLICATE,"Identical MPN/Attributes, perturbed description",NONE,CAT-BRG
BUS-FST-51280,BUS-B-472B542D,NOT_EQUIVALENT,Completely different category,CATEGORY_MISMATCH,CAT-FST
AHM-BRG-47431,AHM-B-C27475C4,EXACT_DUPLICATE,"Identical MPN/Attributes, perturbed description",NONE,CAT-BRG
AHM-MTR-49415,AHM-B-3EFFF029,EXACT_DUPLICATE,"Identical MPN/Attributes, perturbed description",NONE,CAT-MTR
AHM-DUP-74842,AHM-B-7A33F434,NEAR_DUPLICATE,"Identical MPN, perturbed desc, dropped minor field",NONE,CAT-MTR
CPI-GSK-96153,CPI-B-AE375777,EXACT_DUPLICATE,"Identical MPN/Attributes, perturbed description",NONE,CAT-GSK
NEC-FLG-89613,NEC-B-9DA0112B,NOT_EQUIVALENT,Completely different category,CATEGORY_MISMATCH,CAT-FLG
BUS-FLG-45886,BUS-B-79E1D018,RELATED,"Same category/mfg, different size/specs",NONE,CAT-FLG
CPI-DUP-79455,CPI-B-0C5BB381,RELATED,"Same category/mfg, different size/specs",NONE,CAT-FLG
GME-FLG-48460,GME-B-BC61D905,NOT_EQUIVALENT,Completely different category,CATEGORY_MISMATCH,CAT-FLG
GME-LUB-43095,GME-B-9133B542,EXACT_DUPLICATE,"Identical MPN/Attributes, perturbed description",NONE,CAT-LUB
AHM-CFL-46427,AHM-B-249176EB,RELATED,"Same category/mfg, different size/specs",NONE,CAT-ELC
GME-BRG-98197,GME-B-61AA9AA8,REQUIRES_ENGINEERING_REVIEW,Mismatched conditionally critical attribute,seal_type (Conditional),CAT-BRG
NEC-PPE-31959,NEC-B-3F06C4E8,RELATED,"Same category/mfg, different size/specs",NONE,CAT-PPE
BUS-LUB-60234,BUS-B-E401EF26,NOT_EQUIVALENT,"Same category, critical attribute conflict",NONE,CAT-LUB
GME-ELC-76555,GME-B-5B008BDD,EXACT_DUPLICATE,"Identical MPN/Attributes, perturbed description",NONE,CAT-ELC
NEC-PMP-86838,NEC-B-A98BA662,NEAR_DUPLICATE,"Identical MPN, perturbed desc, dropped minor field",NONE,CAT-PMP
AHM-CBL-56465,AHM-B-860D00DE,NEAR_DUPLICATE,"Identical MPN, perturbed desc, dropped minor field",NONE,CAT-CBL
CPI-BRG-67248,CPI-B-8E62C451,REQUIRES_ENGINEERING_REVIEW,Mismatched conditionally critical attribute,seal_type (Conditional),CAT-BRG
BUS-FST-58667,BUS-B-C9456A24,EXACT_DUPLICATE,"Identical MPN/Attributes, perturbed description",NONE,CAT-FST
AHM-LUB-48095,AHM-B-4AAA0F02,NEAR_DUPLICATE,"Identical MPN, perturbed desc, dropped minor field",NONE,CAT-LUB
CPI-DUP-65443,CPI-B-B684D123,REQUIRES_ENGINEERING_REVIEW,Mismatched conditionally critical attribute,seal_type (Conditional),CAT-BRG
NEC-CBL-45231,NEC-B-F82A8F91,FUNCTIONALLY_EQUIVALENT,"Different Manufacturer/MPN, identical critical attributes",NONE,CAT-CBL
GME-PPE-73602,GME-B-4C15E8A8,NEAR_DUPLICATE,"Identical MPN, perturbed desc, dropped minor field",NONE,CAT-PPE
BUS-PMP-11173,BUS-B-BEB98E3C,NEAR_DUPLICATE,"Identical MPN, perturbed desc, dropped minor field",NONE,CAT-PMP
BUS-VLV-31801,BUS-B-D127E476,EXACT_DUPLICATE,"Identical MPN/Attributes, perturbed description",NONE,CAT-VLV
BUS-DUP-13855,BUS-B-E1A1CC34,NEAR_DUPLICATE,"Identical MPN, perturbed desc, dropped minor field",NONE,CAT-PPE
GME-INS-98866,GME-B-A21A23A8,EXACT_DUPLICATE,"Identical MPN/Attributes, perturbed description",NONE,CAT-INS
GME-MTR-36974,GME-B-B6AF24DE,NEAR_DUPLICATE,"Identical MPN, perturbed desc, dropped minor field",NONE,CAT-MTR
NEC-GSK-70256,NEC-B-E98FCB94,NEAR_DUPLICATE,"Identical MPN, perturbed desc, dropped minor field",NONE,CAT-GSK
AHM-FST-87449,AHM-B-560358A6,NEAR_DUPLICATE,"Identical MPN, perturbed desc, dropped minor field",NONE,CAT-FST
BUS-GSK-63924,BUS-B-D5ABF904,FUNCTIONALLY_EQUIVALENT,"Different Manufacturer/MPN, identical critical attributes",NONE,CAT-GSK
BUS-PIP-49311,BUS-B-69530854,FUNCTIONALLY_EQUIVALENT,"Different Manufacturer/MPN, identical critical attributes",NONE,CAT-PIP
GME-BRG-54785,GME-B-A6FE90B0,REQUIRES_ENGINEERING_REVIEW,Mismatched conditionally critical attribute,seal_type (Conditional),CAT-BRG
AHM-MTR-99284,AHM-B-C5F28AC5,NOT_EQUIVALENT,"Same category, critical attribute conflict",power,CAT-MTR
NEC-PPE-19923,NEC-B-84BB433B,RELATED,"Same category/mfg, different size/specs",NONE,CAT-PPE
NEC-VLV-16966,NEC-B-D2684C9B,EXACT_DUPLICATE,"Identical MPN/Attributes, perturbed description",NONE,CAT-VLV
BUS-PIP-70515,BUS-B-8371D4AF,RELATED,"Same category/mfg, different size/specs",NONE,CAT-PIP
GME-PMP-46456,GME-B-74E23D93,NOT_EQUIVALENT,Completely different category,CATEGORY_MISMATCH,CAT-PMP
NEC-BRG-35183,NEC-B-332648F8,REQUIRES_ENGINEERING_REVIEW,Mismatched conditionally critical attribute,seal_type (Conditional),CAT-BRG
AHM-DUP-71496,AHM-B-F2FC732B,NOT_EQUIVALENT,Completely different category,CATEGORY_MISMATCH,CAT-FST
CPI-VLV-59802,CPI-B-93076951,NOT_EQUIVALENT,"Same category, critical attribute conflict",size,CAT-VLV
GME-MTR-10106,GME-B-2E89246D,NEAR_DUPLICATE,"Identical MPN, perturbed desc, dropped minor field",NONE,CAT-MTR
AHM-FST-79244,AHM-B-BFBEA444,EXACT_DUPLICATE,"Identical MPN/Attributes, perturbed description",NONE,CAT-FST
BUS-DUP-99519,BUS-B-6F5AF217,FUNCTIONALLY_EQUIVALENT,"Different Manufacturer/MPN, identical critical attributes",NONE,CAT-MTR
NEC-BRG-65330,NEC-B-BBA0D535,REQUIRES_ENGINEERING_REVIEW,Mismatched conditionally critical attribute,seal_type (Conditional),CAT-BRG
BUS-DUP-21440,BUS-B-63386E1A,FUNCTIONALLY_EQUIVALENT,"Different Manufacturer/MPN, identical critical attributes",NONE,CAT-BRG
BUS-FLG-66270,BUS-B-BB671FC2,NOT_EQUIVALENT,"Same category, critical attribute conflict",NONE,CAT-FLG
BUS-PMP-90420,BUS-B-985DF4DB,RELATED,"Same category/mfg, different size/specs",NONE,CAT-PMP
NEC-ELC-10139,NEC-B-20DA2B31,NOT_EQUIVALENT,Completely different category,CATEGORY_MISMATCH,CAT-ELC
NEC-DUP-83611,NEC-B-5E659601,FUNCTIONALLY_EQUIVALENT,"Different Manufacturer/MPN, identical critical attributes",NONE,CAT-INS
AHM-BRG-63060,AHM-B-B801C104,REQUIRES_ENGINEERING_REVIEW,Mismatched conditionally critical attribute,seal_type (Conditional),CAT-BRG
CPI-ELC-54748,CPI-B-43E05203,NEAR_DUPLICATE,"Identical MPN, perturbed desc, dropped minor field",NONE,CAT-ELC
AHM-ELC-46739,AHM-B-9EFE3C2B,EXACT_DUPLICATE,"Identical MPN/Attributes, perturbed description",NONE,CAT-ELC
NEC-BRG-42441,NEC-B-5B290889,REQUIRES_ENGINEERING_REVIEW,Mismatched conditionally critical attribute,seal_type (Conditional),CAT-BRG
AHM-VLV-41778,AHM-B-A5559351,EXACT_DUPLICATE,"Identical MPN/Attributes, perturbed description",NONE,CAT-VLV
AHM-GSK-25599,AHM-B-8F628238,NOT_EQUIVALENT,"Same category, critical attribute conflict",NONE,CAT-GSK
GME-LUB-80569,GME-B-E4EE5411,NOT_EQUIVALENT,"Same category, critical attribute conflict",NONE,CAT-LUB
AHM-BRG-81797,AHM-B-DF638BA3,REQUIRES_ENGINEERING_REVIEW,Mismatched conditionally critical attribute,seal_type (Conditional),CAT-BRG
AHM-DUP-63877,AHM-B-F5B9DFB8,FUNCTIONALLY_EQUIVALENT,"Different Manufacturer/MPN, identical critical attributes",NONE,CAT-MTR
GME-CBL-96852,GME-B-7AF224C1,NEAR_DUPLICATE,"Identical MPN, perturbed desc, dropped minor field",NONE,CAT-CBL
CPI-VLV-99390,CPI-B-35CE9B96,FUNCTIONALLY_EQUIVALENT,"Different Manufacturer/MPN, identical critical attributes",NONE,CAT-VLV
GME-VLV-59531,GME-B-CAE4A3E2,RELATED,"Same category/mfg, different size/specs",NONE,CAT-VLV
BUS-LUB-49881,BUS-B-29334E98,EXACT_DUPLICATE,"Identical MPN/Attributes, perturbed description",NONE,CAT-LUB
GME-PPE-39292,GME-B-65AE09CA,FUNCTIONALLY_EQUIVALENT,"Different Manufacturer/MPN, identical critical attributes",NONE,CAT-PPE
GME-BRG-16532,GME-B-F9298D4A,REQUIRES_ENGINEERING_REVIEW,Mismatched conditionally critical attribute,seal_type (Conditional),CAT-BRG
AHM-DUP-52821,AHM-B-6EEBC2A0,RELATED,"Same category/mfg, different size/specs",NONE,CAT-LUB
GME-DUP-11276,GME-B-4634A6A5,FUNCTIONALLY_EQUIVALENT,"Different Manufacturer/MPN, identical critical attributes",NONE,CAT-CBL
GME-FLG-62227,GME-B-2BE7D358,RELATED,"Same category/mfg, different size/specs",NONE,CAT-FLG
BUS-FLG-68073,BUS-B-AE9085EE,RELATED,"Same category/mfg, different size/specs",NONE,CAT-FLG
CPI-PIP-55643,CPI-B-52DF8A44,NOT_EQUIVALENT,"Same category, critical attribute conflict",schedule,CAT-PIP
CPI-DUP-37548,CPI-B-121A6B7B,NOT_EQUIVALENT,"Same category, critical attribute conflict",NONE,CAT-ELC
AHM-ELC-49115,AHM-B-A2DF08AC,NOT_EQUIVALENT,Completely different category,CATEGORY_MISMATCH,CAT-ELC
CPI-DUP-85422,CPI-B-87E8D66C,EXACT_DUPLICATE,"Identical MPN/Attributes, perturbed description",NONE,CAT-VLV
CPI-INS-24762,CPI-B-18BFF391,EXACT_DUPLICATE,"Identical MPN/Attributes, perturbed description",NONE,CAT-INS
GME-VLV-32092,GME-B-98ECBCB4,RELATED,"Same category/mfg, different size/specs",NONE,CAT-VLV
GME-CBL-50707,GME-B-57589B28,NEAR_DUPLICATE,"Identical MPN, perturbed desc, dropped minor field",NONE,CAT-CBL
NEC-CBL-27758,NEC-B-38C58A55,EXACT_DUPLICATE,"Identical MPN/Attributes, perturbed description",NONE,CAT-CBL
AHM-PIP-95035,AHM-B-8B6D919E,NEAR_DUPLICATE,"Identical MPN, perturbed desc, dropped minor field",NONE,CAT-PIP
BUS-PMP-47015,BUS-B-9623589D,NOT_EQUIVALENT,Completely different category,CATEGORY_MISMATCH,CAT-PMP
AHM-CBL-40700,AHM-B-F9D041CD,NOT_EQUIVALENT,Completely different category,CATEGORY_MISMATCH,CAT-CBL
NEC-BRG-30482,NEC-B-D1ECDAA4,REQUIRES_ENGINEERING_REVIEW,Mismatched conditionally critical attribute,seal_type (Conditional),CAT-BRG
BUS-LUB-17280,BUS-B-7816647C,FUNCTIONALLY_EQUIVALENT,"Different Manufacturer/MPN, identical critical attributes",NONE,CAT-LUB
AHM-BRG-38647,AHM-B-BB6D5CC3,EXACT_DUPLICATE,"Identical MPN/Attributes, perturbed description",NONE,CAT-BRG
AHM-GSK-85235,AHM-B-4F85D878,RELATED,"Same category/mfg, different size/specs",NONE,CAT-GSK
AHM-MTR-28378,AHM-B-DDB954EE,FUNCTIONALLY_EQUIVALENT,"Different Manufacturer/MPN, identical critical attributes",NONE,CAT-MTR
BUS-BRG-61983,BUS-B-5CACBE91,REQUIRES_ENGINEERING_REVIEW,Mismatched conditionally critical attribute,seal_type (Conditional),CAT-BRG
GME-DUP-27631,GME-B-033CD3B7,RELATED,"Same category/mfg, different size/specs",NONE,CAT-LUB
AHM-PPE-87999,AHM-B-29B0C53C,FUNCTIONALLY_EQUIVALENT,"Different Manufacturer/MPN, identical critical attributes",NONE,CAT-PPE
BUS-BRG-47989,BUS-B-C5C10494,REQUIRES_ENGINEERING_REVIEW,Mismatched conditionally critical attribute,seal_type (Conditional),CAT-BRG
AHM-FLG-79513,AHM-B-AAC6CF02,NOT_EQUIVALENT,Completely different category,CATEGORY_MISMATCH,CAT-FLG
GME-PPE-38363,GME-B-719B3644,FUNCTIONALLY_EQUIVALENT,"Different Manufacturer/MPN, identical critical attributes",NONE,CAT-PPE
AHM-BRG-84946,AHM-B-46C4E781,REQUIRES_ENGINEERING_REVIEW,Mismatched conditionally critical attribute,seal_type (Conditional),CAT-BRG
AHM-PPE-45837,AHM-B-16352D7E,EXACT_DUPLICATE,"Identical MPN/Attributes, perturbed description",NONE,CAT-PPE
AHM-PMP-94455,AHM-B-629E13F4,NOT_EQUIVALENT,"Same category, critical attribute conflict",NONE,CAT-PMP
NEC-BRG-59786,NEC-B-8E8B9C5E,REQUIRES_ENGINEERING_REVIEW,Mismatched conditionally critical attribute,seal_type (Conditional),CAT-BRG
BUS-DUP-21440,BUS-B-FD1781C1,REQUIRES_ENGINEERING_REVIEW,Mismatched conditionally critical attribute,seal_type (Conditional),CAT-BRG
AHM-PIP-63991,AHM-B-DB226661,RELATED,"Same category/mfg, different size/specs",NONE,CAT-PIP
NEC-PIP-30755,NEC-B-B51D52D3,RELATED,"Same category/mfg, different size/specs",NONE,CAT-PIP
BUS-FLG-95920,BUS-B-EF33078A,NOT_EQUIVALENT,Completely different category,CATEGORY_MISMATCH,CAT-FLG
AHM-PPE-33002,AHM-B-411F2B86,NOT_EQUIVALENT,Completely different category,CATEGORY_MISMATCH,CAT-PPE
GME-CBL-59775,GME-B-9B3B5C02,NOT_EQUIVALENT,"Same category, critical attribute conflict",NONE,CAT-CBL
GME-VLV-19591,GME-B-F4E95CFB,FUNCTIONALLY_EQUIVALENT,"Different Manufacturer/MPN, identical critical attributes",NONE,CAT-VLV
BUS-MTR-81428,BUS-B-28E8AE68,NEAR_DUPLICATE,"Identical MPN, perturbed desc, dropped minor field",NONE,CAT-MTR
NEC-INS-10117,NEC-B-052AD4F6,NOT_EQUIVALENT,"Same category, critical attribute conflict",NONE,CAT-INS
NEC-PIP-14775,NEC-B-505B84DA,RELATED,"Same category/mfg, different size/specs",NONE,CAT-PIP
NEC-FST-12282,NEC-B-BE48D9F2,RELATED,"Same category/mfg, different size/specs",NONE,CAT-FST
AHM-BRG-11209,AHM-B-58F9E39D,REQUIRES_ENGINEERING_REVIEW,Mismatched conditionally critical attribute,seal_type (Conditional),CAT-BRG
CPI-LUB-37017,CPI-B-85EBD304,NEAR_DUPLICATE,"Identical MPN, perturbed desc, dropped minor field",NONE,CAT-LUB
CPI-BRG-74381,CPI-B-597384ED,REQUIRES_ENGINEERING_REVIEW,Mismatched conditionally critical attribute,seal_type (Conditional),CAT-BRG
NEC-BRG-26542,NEC-B-55B22B69,REQUIRES_ENGINEERING_REVIEW,Mismatched conditionally critical attribute,seal_type (Conditional),CAT-BRG
AHM-DUP-50048,AHM-B-FCC44127,EXACT_DUPLICATE,"Identical MPN/Attributes, perturbed description",NONE,CAT-GSK
CPI-FLG-70157,CPI-B-06E87DA0,NEAR_DUPLICATE,"Identical MPN, perturbed desc, dropped minor field",NONE,CAT-FLG
BUS-GSK-84279,BUS-B-B21B07F0,NEAR_DUPLICATE,"Identical MPN, perturbed desc, dropped minor field",NONE,CAT-GSK
CPI-FLG-25796,CPI-B-00F164CB,EXACT_DUPLICATE,"Identical MPN/Attributes, perturbed description",NONE,CAT-FLG
BUS-FST-83504,BUS-B-727A3A4D,EXACT_DUPLICATE,"Identical MPN/Attributes, perturbed description",NONE,CAT-FST
GME-INS-67745,GME-B-5FBA5134,NEAR_DUPLICATE,"Identical MPN, perturbed desc, dropped minor field",NONE,CAT-INS
CPI-FST-90741,CPI-B-50C174A7,NOT_EQUIVALENT,Completely different category,CATEGORY_MISMATCH,CAT-FST
AHM-PMP-94455,AHM-B-968227C6,RELATED,"Same category/mfg, different size/specs",NONE,CAT-PMP
BUS-BRG-79310,BUS-B-C6DF4F63,REQUIRES_ENGINEERING_REVIEW,Mismatched conditionally critical attribute,seal_type (Conditional),CAT-BRG
GME-CFL-40361,GME-B-AE6F9608,EXACT_DUPLICATE,"Identical MPN/Attributes, perturbed description",NONE,CAT-PMP
BUS-GSK-76258,BUS-B-5FF373AE,NEAR_DUPLICATE,"Identical MPN, perturbed desc, dropped minor field",NONE,CAT-GSK
CPI-BRG-77685,CPI-B-BCE013F3,REQUIRES_ENGINEERING_REVIEW,Mismatched conditionally critical attribute,seal_type (Conditional),CAT-BRG
CPI-BRG-83906,CPI-B-C7E40F38,REQUIRES_ENGINEERING_REVIEW,Mismatched conditionally critical attribute,seal_type (Conditional),CAT-BRG
CPI-DUP-84586,CPI-B-6859D7B5,NOT_EQUIVALENT,"Same category, critical attribute conflict",NONE,CAT-GSK
CPI-CBL-72429,CPI-B-CBF33F00,NOT_EQUIVALENT,"Same category, critical attribute conflict",NONE,CAT-CBL
BUS-BRG-66317,BUS-B-10CB9986,REQUIRES_ENGINEERING_REVIEW,Mismatched conditionally critical attribute,seal_type (Conditional),CAT-BRG
GME-GSK-82575,GME-B-20AF5924,RELATED,"Same category/mfg, different size/specs",NONE,CAT-GSK
NEC-BRG-36876,NEC-B-C73328FD,REQUIRES_ENGINEERING_REVIEW,Mismatched conditionally critical attribute,seal_type (Conditional),CAT-BRG
AHM-CBL-51939,AHM-B-48A8C299,RELATED,"Same category/mfg, different size/specs",NONE,CAT-CBL
AHM-BRG-27131,AHM-B-84A0189A,RELATED,"Same category/mfg, different size/specs",NONE,CAT-BRG
NEC-BRG-80582,NEC-B-B4581760,REQUIRES_ENGINEERING_REVIEW,Mismatched conditionally critical attribute,seal_type (Conditional),CAT-BRG
BUS-FLG-78236,BUS-B-47196ECF,NEAR_DUPLICATE,"Identical MPN, perturbed desc, dropped minor field",NONE,CAT-FLG
AHM-DUP-28576,AHM-B-73139460,NEAR_DUPLICATE,"Identical MPN, perturbed desc, dropped minor field",NONE,CAT-FST
GME-PMP-47708,GME-B-322D6A56,NEAR_DUPLICATE,"Identical MPN, perturbed desc, dropped minor field",NONE,CAT-PMP
CPI-MTR-52755,CPI-B-1EA213EA,EXACT_DUPLICATE,"Identical MPN/Attributes, perturbed description",NONE,CAT-MTR
AHM-PMP-56502,AHM-B-AF03F872,EXACT_DUPLICATE,"Identical MPN/Attributes, perturbed description",NONE,CAT-PMP
AHM-LUB-71493,AHM-B-DFB37364,FUNCTIONALLY_EQUIVALENT,"Different Manufacturer/MPN, identical critical attributes",NONE,CAT-LUB
CPI-CBL-33928,CPI-B-C6DC36CF,NEAR_DUPLICATE,"Identical MPN, perturbed desc, dropped minor field",NONE,CAT-CBL
CPI-GSK-97624,CPI-B-08C73A3C,FUNCTIONALLY_EQUIVALENT,"Different Manufacturer/MPN, identical critical attributes",NONE,CAT-GSK
GME-BRG-72477,GME-B-916D5DB4,REQUIRES_ENGINEERING_REVIEW,Mismatched conditionally critical attribute,seal_type (Conditional),CAT-BRG
AHM-FST-26300,AHM-B-6D9C6320,NEAR_DUPLICATE,"Identical MPN, perturbed desc, dropped minor field",NONE,CAT-FST
NEC-DUP-93821,NEC-B-1DA4F3E8,NOT_EQUIVALENT,Completely different category,CATEGORY_MISMATCH,CAT-LUB
NEC-DUP-57114,NEC-B-A295696F,NOT_EQUIVALENT,Completely different category,CATEGORY_MISMATCH,CAT-ELC
CPI-VLV-24986,CPI-B-F02883D6,EXACT_DUPLICATE,"Identical MPN/Attributes, perturbed description",NONE,CAT-VLV
AHM-PPE-99493,AHM-B-92236469,FUNCTIONALLY_EQUIVALENT,"Different Manufacturer/MPN, identical critical attributes",NONE,CAT-PPE
GME-MTR-34926,GME-B-AB0AB3C6,EXACT_DUPLICATE,"Identical MPN/Attributes, perturbed description",NONE,CAT-MTR
AHM-LUB-12877,AHM-B-69EA325A,FUNCTIONALLY_EQUIVALENT,"Different Manufacturer/MPN, identical critical attributes",NONE,CAT-LUB
CPI-LUB-39436,CPI-B-4B857A80,FUNCTIONALLY_EQUIVALENT,"Different Manufacturer/MPN, identical critical attributes",NONE,CAT-LUB
AHM-BRG-71286,AHM-B-299FD933,NEAR_DUPLICATE,"Identical MPN, perturbed desc, dropped minor field",NONE,CAT-BRG
BUS-VLV-86655,BUS-B-DCFD85AE,FUNCTIONALLY_EQUIVALENT,"Different Manufacturer/MPN, identical critical attributes",NONE,CAT-VLV
AHM-PIP-34443,AHM-B-6B41DF5A,NOT_EQUIVALENT,Completely different category,CATEGORY_MISMATCH,CAT-PIP
CPI-GSK-49452,CPI-B-87583C08,FUNCTIONALLY_EQUIVALENT,"Different Manufacturer/MPN, identical critical attributes",NONE,CAT-GSK
GME-CFL-47123,GME-B-B8991559,NOT_EQUIVALENT,"Same category, critical attribute conflict",NONE,CAT-GSK
GME-PPE-86682,GME-B-5104B650,FUNCTIONALLY_EQUIVALENT,"Different Manufacturer/MPN, identical critical attributes",NONE,CAT-PPE
CPI-FLG-57872,CPI-B-C5FFBB7C,NOT_EQUIVALENT,Completely different category,CATEGORY_MISMATCH,CAT-FLG
AHM-ELC-20675,AHM-B-8E74D48C,NOT_EQUIVALENT,"Same category, critical attribute conflict",NONE,CAT-ELC
NEC-GSK-32869,NEC-B-80E87ABD,EXACT_DUPLICATE,"Identical MPN/Attributes, perturbed description",NONE,CAT-GSK
GME-BRG-76039,GME-B-58A2070C,RELATED,"Same category/mfg, different size/specs",NONE,CAT-BRG
BUS-PMP-21895,BUS-B-98D22CAF,NOT_EQUIVALENT,Completely different category,CATEGORY_MISMATCH,CAT-PMP
BUS-BRG-92577,BUS-B-E6DC9644,NOT_EQUIVALENT,"Same category, critical attribute conflict",NONE,CAT-BRG
GME-DUP-44574,GME-B-98011F14,FUNCTIONALLY_EQUIVALENT,"Different Manufacturer/MPN, identical critical attributes",NONE,CAT-GSK
NEC-ELC-84710,NEC-B-F09BD8E5,FUNCTIONALLY_EQUIVALENT,"Different Manufacturer/MPN, identical critical attributes",NONE,CAT-ELC
AHM-BRG-45116,AHM-B-190637A2,REQUIRES_ENGINEERING_REVIEW,Mismatched conditionally critical attribute,seal_type (Conditional),CAT-BRG
CPI-FLG-70407,CPI-B-B36AFC5F,NEAR_DUPLICATE,"Identical MPN, perturbed desc, dropped minor field",NONE,CAT-FLG
CPI-MTR-41883,CPI-B-242B0F2E,RELATED,"Same category/mfg, different size/specs",NONE,CAT-MTR
AHM-ELC-26979,AHM-B-13799647,EXACT_DUPLICATE,"Identical MPN/Attributes, perturbed description",NONE,CAT-ELC
GME-PPE-61856,GME-B-8523BBC2,NEAR_DUPLICATE,"Identical MPN, perturbed desc, dropped minor field",NONE,CAT-PPE
CPI-BRG-92404,CPI-B-B2A380C1,REQUIRES_ENGINEERING_REVIEW,Mismatched conditionally critical attribute,seal_type (Conditional),CAT-BRG
AHM-PPE-10689,AHM-B-45CEC043,FUNCTIONALLY_EQUIVALENT,"Different Manufacturer/MPN, identical critical attributes",NONE,CAT-PPE
CPI-LUB-20805,CPI-B-7ABD2455,FUNCTIONALLY_EQUIVALENT,"Different Manufacturer/MPN, identical critical attributes",NONE,CAT-LUB
CPI-ELC-75206,CPI-B-28566EB2,RELATED,"Same category/mfg, different size/specs",NONE,CAT-ELC
CPI-PPE-32189,CPI-B-E511B934,NEAR_DUPLICATE,"Identical MPN, perturbed desc, dropped minor field",NONE,CAT-PPE
AHM-PPE-99493,AHM-B-50FF1CAB,EXACT_DUPLICATE,"Identical MPN/Attributes, perturbed description",NONE,CAT-PPE
GME-DUP-22918,GME-B-E7B68F08,FUNCTIONALLY_EQUIVALENT,"Different Manufacturer/MPN, identical critical attributes",NONE,CAT-ELC
CPI-VLV-58500,CPI-B-612186FB,RELATED,"Same category/mfg, different size/specs",NONE,CAT-VLV
CPI-BRG-72124,CPI-B-7D3DECF7,FUNCTIONALLY_EQUIVALENT,"Different Manufacturer/MPN, identical critical attributes",NONE,CAT-BRG
CPI-PMP-16880,CPI-B-AFF297A2,EXACT_DUPLICATE,"Identical MPN/Attributes, perturbed description",NONE,CAT-PMP
GME-LUB-18299,GME-B-FF71DFBF,NEAR_DUPLICATE,"Identical MPN, perturbed desc, dropped minor field",NONE,CAT-LUB
CPI-CFL-81884,CPI-B-13A471DF,EXACT_DUPLICATE,"Identical MPN/Attributes, perturbed description",NONE,CAT-GSK
NEC-PPE-27709,NEC-B-423CE6AC,RELATED,"Same category/mfg, different size/specs",NONE,CAT-PPE
GME-DUP-35336,GME-B-CB4F9F7A,EXACT_DUPLICATE,"Identical MPN/Attributes, perturbed description",NONE,CAT-LUB
AHM-ELC-49726,AHM-B-933EDE30,RELATED,"Same category/mfg, different size/specs",NONE,CAT-ELC
CPI-CBL-55829,CPI-B-7C40178C,NEAR_DUPLICATE,"Identical MPN, perturbed desc, dropped minor field",NONE,CAT-CBL
CPI-FLG-64158,CPI-B-F22363C0,RELATED,"Same category/mfg, different size/specs",NONE,CAT-FLG
GME-BRG-12803,GME-B-544D5BD6,REQUIRES_ENGINEERING_REVIEW,Mismatched conditionally critical attribute,seal_type (Conditional),CAT-BRG
BUS-CFL-10371,BUS-B-5C15E8E3,NOT_EQUIVALENT,Completely different category,CATEGORY_MISMATCH,CAT-INS
GME-VLV-77645,GME-B-85C47BE1,EXACT_DUPLICATE,"Identical MPN/Attributes, perturbed description",NONE,CAT-VLV
GME-ELC-86609,GME-B-AD4F20D7,NEAR_DUPLICATE,"Identical MPN, perturbed desc, dropped minor field",NONE,CAT-ELC
CPI-VLV-74882,CPI-B-051DF968,NOT_EQUIVALENT,Completely different category,CATEGORY_MISMATCH,CAT-VLV
CPI-VLV-68227,CPI-B-EBB59EE9,EXACT_DUPLICATE,"Identical MPN/Attributes, perturbed description",NONE,CAT-VLV
GME-DUP-59113,GME-B-452EB218,NEAR_DUPLICATE,"Identical MPN, perturbed desc, dropped minor field",NONE,CAT-BRG
AHM-FLG-42388,AHM-B-673B3ACC,FUNCTIONALLY_EQUIVALENT,"Different Manufacturer/MPN, identical critical attributes",NONE,CAT-FLG
AHM-FST-88076,AHM-B-BB0FD2FD,RELATED,"Same category/mfg, different size/specs",NONE,CAT-FST
CPI-LUB-32595,CPI-B-C8BDC718,RELATED,"Same category/mfg, different size/specs",NONE,CAT-LUB
BUS-FST-97629,BUS-B-58D4CDD5,FUNCTIONALLY_EQUIVALENT,"Different Manufacturer/MPN, identical critical attributes",NONE,CAT-FST
BUS-FLG-85199,BUS-B-32AEF188,NEAR_DUPLICATE,"Identical MPN, perturbed desc, dropped minor field",NONE,CAT-FLG
GME-FLG-99094,GME-B-BE33D21C,NOT_EQUIVALENT,Completely different category,CATEGORY_MISMATCH,CAT-FLG
CPI-DUP-18771,CPI-B-9918ACE6,REQUIRES_ENGINEERING_REVIEW,Mismatched conditionally critical attribute,seal_type (Conditional),CAT-BRG
NEC-FST-87753,NEC-B-B5CB0DBD,NOT_EQUIVALENT,"Same category, critical attribute conflict",NONE,CAT-FST
BUS-GSK-83209,BUS-B-1FB76A0D,EXACT_DUPLICATE,"Identical MPN/Attributes, perturbed description",NONE,CAT-GSK
AHM-DUP-42919,AHM-B-9F0746AE,NOT_EQUIVALENT,"Same category, critical attribute conflict",NONE,CAT-INS
CPI-BRG-99045,CPI-B-DF41F356,REQUIRES_ENGINEERING_REVIEW,Mismatched conditionally critical attribute,seal_type (Conditional),CAT-BRG
GME-BRG-33583,GME-B-276553BB,REQUIRES_ENGINEERING_REVIEW,Mismatched conditionally critical attribute,seal_type (Conditional),CAT-BRG
BUS-VLV-31801,BUS-B-F42B9821,RELATED,"Same category/mfg, different size/specs",NONE,CAT-VLV
AHM-BRG-81797,AHM-B-57840B37,EXACT_DUPLICATE,"Identical MPN/Attributes, perturbed description",NONE,CAT-BRG
NEC-INS-70977,NEC-B-FF59411E,EXACT_DUPLICATE,"Identical MPN/Attributes, perturbed description",NONE,CAT-INS
NEC-FST-12282,NEC-B-7808F1FB,RELATED,"Same category/mfg, different size/specs",NONE,CAT-FST
CPI-BRG-40190,CPI-B-36E96042,REQUIRES_ENGINEERING_REVIEW,Mismatched conditionally critical attribute,seal_type (Conditional),CAT-BRG
NEC-BRG-55593,NEC-B-82974897,REQUIRES_ENGINEERING_REVIEW,Mismatched conditionally critical attribute,seal_type (Conditional),CAT-BRG
GME-DUP-25502,GME-B-4C36EC70,EXACT_DUPLICATE,"Identical MPN/Attributes, perturbed description",NONE,CAT-PIP
NEC-LUB-90282,NEC-B-4C85FDA4,EXACT_DUPLICATE,"Identical MPN/Attributes, perturbed description",NONE,CAT-LUB
CPI-PPE-59135,CPI-B-5AE2DD96,NOT_EQUIVALENT,Completely different category,CATEGORY_MISMATCH,CAT-PPE
AHM-MTR-31723,AHM-B-C8127E53,NEAR_DUPLICATE,"Identical MPN, perturbed desc, dropped minor field",NONE,CAT-MTR
AHM-BRG-83064,AHM-B-31F3A8A1,REQUIRES_ENGINEERING_REVIEW,Mismatched conditionally critical attribute,seal_type (Conditional),CAT-BRG
NEC-FST-94015,NEC-B-EB5742B8,NOT_EQUIVALENT,"Same category, critical attribute conflict",NONE,CAT-FST
NEC-PPE-32257,NEC-B-AC18BF35,FUNCTIONALLY_EQUIVALENT,"Different Manufacturer/MPN, identical critical attributes",NONE,CAT-PPE
CPI-BRG-25864,CPI-B-C4B09BA9,REQUIRES_ENGINEERING_REVIEW,Mismatched conditionally critical attribute,seal_type (Conditional),CAT-BRG
BUS-PMP-75221,BUS-B-2C5D7A7D,RELATED,"Same category/mfg, different size/specs",NONE,CAT-PMP
NEC-CFL-92618,NEC-B-5370BBD1,FUNCTIONALLY_EQUIVALENT,"Different Manufacturer/MPN, identical critical attributes",NONE,CAT-PPE
NEC-GSK-62868,NEC-B-8E4C8D0D,RELATED,"Same category/mfg, different size/specs",NONE,CAT-GSK
BUS-MTR-48520,BUS-B-44C77426,RELATED,"Same category/mfg, different size/specs",NONE,CAT-MTR
CPI-GSK-48694,CPI-B-CA9D254E,EXACT_DUPLICATE,"Identical MPN/Attributes, perturbed description",NONE,CAT-GSK
NEC-DUP-48021,NEC-B-F99AEFE7,NOT_EQUIVALENT,Completely different category,CATEGORY_MISMATCH,CAT-LUB
CPI-CFL-29836,CPI-B-42A2FBE6,NOT_EQUIVALENT,"Same category, critical attribute conflict",NONE,CAT-GSK
BUS-BRG-70878,BUS-B-991FF0AC,REQUIRES_ENGINEERING_REVIEW,Mismatched conditionally critical attribute,seal_type (Conditional),CAT-BRG
NEC-BRG-91420,NEC-B-46384DFE,REQUIRES_ENGINEERING_REVIEW,Mismatched conditionally critical attribute,seal_type (Conditional),CAT-BRG
GME-PPE-61856,GME-B-18A142C5,NEAR_DUPLICATE,"Identical MPN, perturbed desc, dropped minor field",NONE,CAT-PPE
AHM-PMP-59363,AHM-B-EF1DD824,RELATED,"Same category/mfg, different size/specs",NONE,CAT-PMP
BUS-PPE-43426,BUS-B-9FDE0A09,NOT_EQUIVALENT,"Same category, critical attribute conflict",NONE,CAT-PPE
NEC-FLG-90192,NEC-B-5418CF98,FUNCTIONALLY_EQUIVALENT,"Different Manufacturer/MPN, identical critical attributes",NONE,CAT-FLG
GME-DUP-25502,GME-B-4EBA10C9,FUNCTIONALLY_EQUIVALENT,"Different Manufacturer/MPN, identical critical attributes",NONE,CAT-PIP
AHM-GSK-44608,AHM-B-0CD034EA,EXACT_DUPLICATE,"Identical MPN/Attributes, perturbed description",NONE,CAT-GSK
BUS-LUB-19555,BUS-B-ABFFBF36,EXACT_DUPLICATE,"Identical MPN/Attributes, perturbed description",NONE,CAT-LUB
GME-ELC-58263,GME-B-87787ACB,NEAR_DUPLICATE,"Identical MPN, perturbed desc, dropped minor field",NONE,CAT-ELC
AHM-BRG-46749,AHM-B-28C15542,REQUIRES_ENGINEERING_REVIEW,Mismatched conditionally critical attribute,seal_type (Conditional),CAT-BRG
NEC-ELC-41346,NEC-B-AC6CC91D,NOT_EQUIVALENT,Completely different category,CATEGORY_MISMATCH,CAT-ELC
BUS-CBL-13689,BUS-B-69BD2608,NEAR_DUPLICATE,"Identical MPN, perturbed desc, dropped minor field",NONE,CAT-CBL
GME-INS-64854,GME-B-DCFC2D80,RELATED,"Same category/mfg, different size/specs",NONE,CAT-INS
NEC-FLG-41020,NEC-B-87B1D541,EXACT_DUPLICATE,"Identical MPN/Attributes, perturbed description",NONE,CAT-FLG
NEC-ELC-46871,NEC-B-837EEAA1,NEAR_DUPLICATE,"Identical MPN, perturbed desc, dropped minor field",NONE,CAT-ELC
GME-CFL-35600,GME-B-FCC013BF,RELATED,"Same category/mfg, different size/specs",NONE,CAT-INS
AHM-MTR-78934,AHM-B-32F5B4E6,NOT_EQUIVALENT,Completely different category,CATEGORY_MISMATCH,CAT-MTR
NEC-VLV-79479,NEC-B-7458671D,NEAR_DUPLICATE,"Identical MPN, perturbed desc, dropped minor field",NONE,CAT-VLV
AHM-DUP-21944,AHM-B-1A458402,FUNCTIONALLY_EQUIVALENT,"Different Manufacturer/MPN, identical critical attributes",NONE,CAT-INS
AHM-FST-30337,AHM-B-B42AEB51,RELATED,"Same category/mfg, different size/specs",NONE,CAT-FST
BUS-DUP-99061,BUS-B-46A9351B,NOT_EQUIVALENT,Completely different category,CATEGORY_MISMATCH,CAT-LUB
NEC-GSK-75878,NEC-B-DC0779EB,NEAR_DUPLICATE,"Identical MPN, perturbed desc, dropped minor field",NONE,CAT-GSK
AHM-DUP-52076,AHM-B-0E964615,NEAR_DUPLICATE,"Identical MPN, perturbed desc, dropped minor field",NONE,CAT-FST
CPI-PIP-39694,CPI-B-753F3E1B,FUNCTIONALLY_EQUIVALENT,"Different Manufacturer/MPN, identical critical attributes",NONE,CAT-PIP
GME-BRG-77792,GME-B-C2AE6879,REQUIRES_ENGINEERING_REVIEW,Mismatched conditionally critical attribute,seal_type (Conditional),CAT-BRG
CPI-BRG-16468,CPI-B-394515C3,REQUIRES_ENGINEERING_REVIEW,Mismatched conditionally critical attribute,seal_type (Conditional),CAT-BRG
BUS-BRG-38217,BUS-B-41D31E06,REQUIRES_ENGINEERING_REVIEW,Mismatched conditionally critical attribute,seal_type (Conditional),CAT-BRG
BUS-FST-19567,BUS-B-D8289468,NOT_EQUIVALENT,"Same category, critical attribute conflict",NONE,CAT-FST
GME-LUB-58652,GME-B-F61B9564,FUNCTIONALLY_EQUIVALENT,"Different Manufacturer/MPN, identical critical attributes",NONE,CAT-LUB
GME-MTR-15824,GME-B-012F10C5,NEAR_DUPLICATE,"Identical MPN, perturbed desc, dropped minor field",NONE,CAT-MTR
BUS-CFL-56500,BUS-B-CD776417,NEAR_DUPLICATE,"Identical MPN, perturbed desc, dropped minor field",NONE,CAT-INS
GME-PIP-77350,GME-B-03FCC760,NOT_EQUIVALENT,Completely different category,CATEGORY_MISMATCH,CAT-PIP
BUS-LUB-44950,BUS-B-9966A53C,NEAR_DUPLICATE,"Identical MPN, perturbed desc, dropped minor field",NONE,CAT-LUB
BUS-GSK-25509,BUS-B-6F3FB2EF,RELATED,"Same category/mfg, different size/specs",NONE,CAT-GSK
CPI-LUB-55384,CPI-B-BBA61EA1,NEAR_DUPLICATE,"Identical MPN, perturbed desc, dropped minor field",NONE,CAT-LUB
BUS-BRG-61983,BUS-B-D2421911,NEAR_DUPLICATE,"Identical MPN, perturbed desc, dropped minor field",NONE,CAT-BRG
GME-PIP-94315,GME-B-07A349EE,RELATED,"Same category/mfg, different size/specs",NONE,CAT-PIP
AHM-INS-41157,AHM-B-F84819CD,EXACT_DUPLICATE,"Identical MPN/Attributes, perturbed description",NONE,CAT-INS
CPI-FST-29259,CPI-B-E750A3EE,FUNCTIONALLY_EQUIVALENT,"Different Manufacturer/MPN, identical critical attributes",NONE,CAT-FST
NEC-CBL-12124,NEC-B-F4D0A5DA,FUNCTIONALLY_EQUIVALENT,"Different Manufacturer/MPN, identical critical attributes",NONE,CAT-CBL
AHM-BRG-33590,AHM-B-EFDDC3C1,RELATED,"Same category/mfg, different size/specs",NONE,CAT-BRG
AHM-MTR-83940,AHM-B-61F1844B,RELATED,"Same category/mfg, different size/specs",NONE,CAT-MTR
NEC-BRG-98395,NEC-B-5DDEF5FB,REQUIRES_ENGINEERING_REVIEW,Mismatched conditionally critical attribute,seal_type (Conditional),CAT-BRG
NEC-MTR-85592,NEC-B-309F613C,FUNCTIONALLY_EQUIVALENT,"Different Manufacturer/MPN, identical critical attributes",NONE,CAT-MTR
GME-INS-92412,GME-B-EECE3797,EXACT_DUPLICATE,"Identical MPN/Attributes, perturbed description",NONE,CAT-INS
NEC-FLG-78241,NEC-B-EE8E2F1F,FUNCTIONALLY_EQUIVALENT,"Different Manufacturer/MPN, identical critical attributes",NONE,CAT-FLG
NEC-MTR-82466,NEC-B-2002E583,NOT_EQUIVALENT,"Same category, critical attribute conflict",voltage,CAT-MTR
GME-ELC-12820,GME-B-095EA83A,FUNCTIONALLY_EQUIVALENT,"Different Manufacturer/MPN, identical critical attributes",NONE,CAT-ELC
NEC-FLG-72023,NEC-B-A5B9B616,EXACT_DUPLICATE,"Identical MPN/Attributes, perturbed description",NONE,CAT-FLG
GME-INS-23826,GME-B-7A8E7D6B,EXACT_DUPLICATE,"Identical MPN/Attributes, perturbed description",NONE,CAT-INS
GME-VLV-72761,GME-B-25B20F08,NOT_EQUIVALENT,"Same category, critical attribute conflict",size,CAT-VLV
BUS-DUP-79494,BUS-B-510B4256,RELATED,"Same category/mfg, different size/specs",NONE,CAT-PIP
NEC-INS-90671,NEC-B-6127978A,RELATED,"Same category/mfg, different size/specs",NONE,CAT-INS
AHM-INS-17077,AHM-B-5AA50D84,EXACT_DUPLICATE,"Identical MPN/Attributes, perturbed description",NONE,CAT-INS
CPI-CFL-30849,CPI-B-2EF78B7E,REQUIRES_ENGINEERING_REVIEW,Mismatched conditionally critical attribute,seal_type (Conditional),CAT-BRG
GME-BRG-97143,GME-B-4E92E34D,NOT_EQUIVALENT,"Same category, critical attribute conflict",NONE,CAT-BRG
BUS-DUP-36336,BUS-B-B62786F6,NOT_EQUIVALENT,"Same category, critical attribute conflict",NONE,CAT-LUB
NEC-INS-59245,NEC-B-7727373C,NEAR_DUPLICATE,"Identical MPN, perturbed desc, dropped minor field",NONE,CAT-INS
NEC-FST-61006,NEC-B-A43760AD,FUNCTIONALLY_EQUIVALENT,"Different Manufacturer/MPN, identical critical attributes",NONE,CAT-FST
AHM-PMP-88450,AHM-B-8F0BC0A0,EXACT_DUPLICATE,"Identical MPN/Attributes, perturbed description",NONE,CAT-PMP
GME-FST-99101,GME-B-B52132BF,RELATED,"Same category/mfg, different size/specs",NONE,CAT-FST
AHM-ELC-11503,AHM-B-9EC7046F,FUNCTIONALLY_EQUIVALENT,"Different Manufacturer/MPN, identical critical attributes",NONE,CAT-ELC
BUS-DUP-36434,BUS-B-957888F4,EXACT_DUPLICATE,"Identical MPN/Attributes, perturbed description",NONE,CAT-FST
GME-FST-79950,GME-B-C5BC1520,NOT_EQUIVALENT,"Same category, critical attribute conflict",NONE,CAT-FST
AHM-CBL-68812,AHM-B-DF7FFA19,FUNCTIONALLY_EQUIVALENT,"Different Manufacturer/MPN, identical critical attributes",NONE,CAT-CBL
CPI-CBL-16228,CPI-B-E65A331E,EXACT_DUPLICATE,"Identical MPN/Attributes, perturbed description",NONE,CAT-CBL
BUS-DUP-38184,BUS-B-301310E8,EXACT_DUPLICATE,"Identical MPN/Attributes, perturbed description",NONE,CAT-PIP
NEC-FLG-58062,NEC-B-25374166,EXACT_DUPLICATE,"Identical MPN/Attributes, perturbed description",NONE,CAT-FLG
BUS-BRG-13704,BUS-B-C949CB4B,REQUIRES_ENGINEERING_REVIEW,Mismatched conditionally critical attribute,seal_type (Conditional),CAT-BRG
AHM-PMP-28871,AHM-B-ADF2090D,FUNCTIONALLY_EQUIVALENT,"Different Manufacturer/MPN, identical critical attributes",NONE,CAT-PMP
AHM-ELC-78203,AHM-B-850D7A2D,RELATED,"Same category/mfg, different size/specs",NONE,CAT-ELC
NEC-BRG-76253,NEC-B-AE544FEB,REQUIRES_ENGINEERING_REVIEW,Mismatched conditionally critical attribute,seal_type (Conditional),CAT-BRG
BUS-CFL-56500,BUS-B-0D9CE7D8,RELATED,"Same category/mfg, different size/specs",NONE,CAT-INS
BUS-DUP-40787,BUS-B-E939CEB0,NEAR_DUPLICATE,"Identical MPN, perturbed desc, dropped minor field",NONE,CAT-ELC
BUS-PIP-68995,BUS-B-430186ED,NOT_EQUIVALENT,Completely different category,CATEGORY_MISMATCH,CAT-PIP
BUS-GSK-79493,BUS-B-1811AAE3,NEAR_DUPLICATE,"Identical MPN, perturbed desc, dropped minor field",NONE,CAT-GSK
GME-BRG-64627,GME-B-B16AF002,REQUIRES_ENGINEERING_REVIEW,Mismatched conditionally critical attribute,seal_type (Conditional),CAT-BRG
AHM-CBL-38657,AHM-B-9CFCB914,NOT_EQUIVALENT,Completely different category,CATEGORY_MISMATCH,CAT-CBL
CPI-PIP-63217,CPI-B-841CD46E,FUNCTIONALLY_EQUIVALENT,"Different Manufacturer/MPN, identical critical attributes",NONE,CAT-PIP
AHM-DUP-52821,AHM-B-76CE3B1B,EXACT_DUPLICATE,"Identical MPN/Attributes, perturbed description",NONE,CAT-LUB
AHM-ELC-75576,AHM-B-DEAA8F12,EXACT_DUPLICATE,"Identical MPN/Attributes, perturbed description",NONE,CAT-ELC
NEC-PIP-70509,NEC-B-1707BAE6,NEAR_DUPLICATE,"Identical MPN, perturbed desc, dropped minor field",NONE,CAT-PIP
CPI-INS-21360,CPI-B-7AA95707,NOT_EQUIVALENT,Completely different category,CATEGORY_MISMATCH,CAT-INS
BUS-GSK-94835,BUS-B-18A6CA38,RELATED,"Same category/mfg, different size/specs",NONE,CAT-GSK
BUS-BRG-33532,BUS-B-47799448,FUNCTIONALLY_EQUIVALENT,"Different Manufacturer/MPN, identical critical attributes",NONE,CAT-BRG
GME-PIP-49844,GME-B-41D2AF91,EXACT_DUPLICATE,"Identical MPN/Attributes, perturbed description",NONE,CAT-PIP
CPI-GSK-67682,CPI-B-129C7739,NEAR_DUPLICATE,"Identical MPN, perturbed desc, dropped minor field",NONE,CAT-GSK
GME-BRG-16195,GME-B-A2098127,REQUIRES_ENGINEERING_REVIEW,Mismatched conditionally critical attribute,seal_type (Conditional),CAT-BRG
GME-CBL-19886,GME-B-2EBD125E,RELATED,"Same category/mfg, different size/specs",NONE,CAT-CBL
BUS-PIP-84715,BUS-B-93C6DDC4,FUNCTIONALLY_EQUIVALENT,"Different Manufacturer/MPN, identical critical attributes",NONE,CAT-PIP
CPI-LUB-39149,CPI-B-5731394A,EXACT_DUPLICATE,"Identical MPN/Attributes, perturbed description",NONE,CAT-LUB
GME-FLG-40937,GME-B-EB61E1BA,NEAR_DUPLICATE,"Identical MPN, perturbed desc, dropped minor field",NONE,CAT-FLG
GME-FLG-48518,GME-B-74B218D2,FUNCTIONALLY_EQUIVALENT,"Different Manufacturer/MPN, identical critical attributes",NONE,CAT-FLG
GME-LUB-98179,GME-B-CD221FC4,FUNCTIONALLY_EQUIVALENT,"Different Manufacturer/MPN, identical critical attributes",NONE,CAT-LUB
NEC-ELC-53184,NEC-B-3DA96F66,EXACT_DUPLICATE,"Identical MPN/Attributes, perturbed description",NONE,CAT-ELC
BUS-FST-80819,BUS-B-8B3BA898,FUNCTIONALLY_EQUIVALENT,"Different Manufacturer/MPN, identical critical attributes",NONE,CAT-FST
BUS-FLG-80116,BUS-B-FC2CEEE2,NOT_EQUIVALENT,Completely different category,CATEGORY_MISMATCH,CAT-FLG
CPI-BRG-23769,CPI-B-E4071390,REQUIRES_ENGINEERING_REVIEW,Mismatched conditionally critical attribute,seal_type (Conditional),CAT-BRG
CPI-DUP-39239,CPI-B-8AECEF63,EXACT_DUPLICATE,"Identical MPN/Attributes, perturbed description",NONE,CAT-BRG
GME-BRG-87376,GME-B-EAF41071,REQUIRES_ENGINEERING_REVIEW,Mismatched conditionally critical attribute,seal_type (Conditional),CAT-BRG
BUS-VLV-37705,BUS-B-BEE57A9D,NOT_EQUIVALENT,Completely different category,CATEGORY_MISMATCH,CAT-VLV
NEC-FST-41216,NEC-B-D6AAE41E,NOT_EQUIVALENT,"Same category, critical attribute conflict",NONE,CAT-FST
CPI-INS-42628,CPI-B-E529C10E,RELATED,"Same category/mfg, different size/specs",NONE,CAT-INS
CPI-FST-40587,CPI-B-012E5111,NOT_EQUIVALENT,Completely different category,CATEGORY_MISMATCH,CAT-FST
NEC-ELC-93851,NEC-B-82D972A3,RELATED,"Same category/mfg, different size/specs",NONE,CAT-ELC
BUS-DUP-75425,BUS-B-608DF737,NEAR_DUPLICATE,"Identical MPN, perturbed desc, dropped minor field",NONE,CAT-LUB
CPI-CFL-40866,CPI-B-2690E690,NEAR_DUPLICATE,"Identical MPN, perturbed desc, dropped minor field",NONE,CAT-BRG
BUS-DUP-80352,BUS-B-0AF4D706,EXACT_DUPLICATE,"Identical MPN/Attributes, perturbed description",NONE,CAT-INS
CPI-DUP-65311,CPI-B-F799C8FB,REQUIRES_ENGINEERING_REVIEW,Mismatched conditionally critical attribute,seal_type (Conditional),CAT-BRG
CPI-INS-90372,CPI-B-65E03967,FUNCTIONALLY_EQUIVALENT,"Different Manufacturer/MPN, identical critical attributes",NONE,CAT-INS
AHM-INS-34865,AHM-B-5204FCD1,NOT_EQUIVALENT,Completely different category,CATEGORY_MISMATCH,CAT-INS
GME-DUP-17526,GME-B-F4AD51A5,NOT_EQUIVALENT,"Same category, critical attribute conflict",NONE,CAT-PPE
AHM-INS-51442,AHM-B-389F914E,NEAR_DUPLICATE,"Identical MPN, perturbed desc, dropped minor field",NONE,CAT-INS
BUS-GSK-75180,BUS-B-540BB2A0,FUNCTIONALLY_EQUIVALENT,"Different Manufacturer/MPN, identical critical attributes",NONE,CAT-GSK
AHM-FLG-15677,AHM-B-90328B3E,FUNCTIONALLY_EQUIVALENT,"Different Manufacturer/MPN, identical critical attributes",NONE,CAT-FLG
GME-INS-64158,GME-B-FDE7D47A,NEAR_DUPLICATE,"Identical MPN, perturbed desc, dropped minor field",NONE,CAT-INS
GME-FLG-83814,GME-B-9AA548BD,NOT_EQUIVALENT,Completely different category,CATEGORY_MISMATCH,CAT-FLG
GME-DUP-46364,GME-B-CCCDC0A9,NOT_EQUIVALENT,"Same category, critical attribute conflict",NONE,CAT-GSK
GME-DUP-97368,GME-B-B6D08EDB,FUNCTIONALLY_EQUIVALENT,"Different Manufacturer/MPN, identical critical attributes",NONE,CAT-VLV
CPI-MTR-48818,CPI-B-FA3FF945,EXACT_DUPLICATE,"Identical MPN/Attributes, perturbed description",NONE,CAT-MTR
AHM-DUP-61442,AHM-B-20CF49AA,REQUIRES_ENGINEERING_REVIEW,Mismatched conditionally critical attribute,seal_type (Conditional),CAT-BRG
CPI-CFL-64323,CPI-B-A977C523,NEAR_DUPLICATE,"Identical MPN, perturbed desc, dropped minor field",NONE,CAT-FLG
NEC-PPE-48242,NEC-B-3A0F82AB,NOT_EQUIVALENT,Completely different category,CATEGORY_MISMATCH,CAT-PPE
NEC-PPE-87091,NEC-B-78AE4F35,FUNCTIONALLY_EQUIVALENT,"Different Manufacturer/MPN, identical critical attributes",NONE,CAT-PPE
NEC-GSK-89447,NEC-B-4F821DCA,RELATED,"Same category/mfg, different size/specs",NONE,CAT-GSK
AHM-PIP-51724,AHM-B-5E389167,FUNCTIONALLY_EQUIVALENT,"Different Manufacturer/MPN, identical critical attributes",NONE,CAT-PIP
BUS-BRG-53133,BUS-B-A589DC55,RELATED,"Same category/mfg, different size/specs",NONE,CAT-BRG
NEC-FLG-62350,NEC-B-3862EE93,NEAR_DUPLICATE,"Identical MPN, perturbed desc, dropped minor field",NONE,CAT-FLG
BUS-PIP-60833,BUS-B-0969722C,EXACT_DUPLICATE,"Identical MPN/Attributes, perturbed description",NONE,CAT-PIP
NEC-PMP-14105,NEC-B-66C4FF42,RELATED,"Same category/mfg, different size/specs",NONE,CAT-PMP
CPI-MTR-31070,CPI-B-5CCBE69C,EXACT_DUPLICATE,"Identical MPN/Attributes, perturbed description",NONE,CAT-MTR
CPI-DUP-26559,CPI-B-19B8FC82,NOT_EQUIVALENT,"Same category, critical attribute conflict",NONE,CAT-INS
BUS-ELC-78040,BUS-B-ACF1812B,NEAR_DUPLICATE,"Identical MPN, perturbed desc, dropped minor field",NONE,CAT-ELC
CPI-DUP-42614,CPI-B-184C5938,REQUIRES_ENGINEERING_REVIEW,Mismatched conditionally critical attribute,seal_type (Conditional),CAT-BRG
GME-ELC-79942,GME-B-43BD82F1,FUNCTIONALLY_EQUIVALENT,"Different Manufacturer/MPN, identical critical attributes",NONE,CAT-ELC
CPI-BRG-39368,CPI-B-E8956CB5,REQUIRES_ENGINEERING_REVIEW,Mismatched conditionally critical attribute,seal_type (Conditional),CAT-BRG
GME-LUB-37937,GME-B-99B74A1F,NEAR_DUPLICATE,"Identical MPN, perturbed desc, dropped minor field",NONE,CAT-LUB
GME-BRG-31748,GME-B-80DFD749,NEAR_DUPLICATE,"Identical MPN, perturbed desc, dropped minor field",NONE,CAT-BRG
BUS-PPE-10243,BUS-B-25D643FB,FUNCTIONALLY_EQUIVALENT,"Different Manufacturer/MPN, identical critical attributes",NONE,CAT-PPE
AHM-ELC-82281,AHM-B-428D2619,NEAR_DUPLICATE,"Identical MPN, perturbed desc, dropped minor field",NONE,CAT-ELC
GME-BRG-16558,GME-B-86AD6C3F,REQUIRES_ENGINEERING_REVIEW,Mismatched conditionally critical attribute,seal_type (Conditional),CAT-BRG
GME-BRG-70699,GME-B-2680F509,REQUIRES_ENGINEERING_REVIEW,Mismatched conditionally critical attribute,seal_type (Conditional),CAT-BRG
AHM-DUP-25117,AHM-B-EFD85C56,NEAR_DUPLICATE,"Identical MPN, perturbed desc, dropped minor field",NONE,CAT-LUB
NEC-CBL-27758,NEC-B-BBDD7E0C,NEAR_DUPLICATE,"Identical MPN, perturbed desc, dropped minor field",NONE,CAT-CBL
CPI-BRG-74381,CPI-B-957E6904,REQUIRES_ENGINEERING_REVIEW,Mismatched conditionally critical attribute,seal_type (Conditional),CAT-BRG
CPI-ELC-29331,CPI-B-7890C018,NEAR_DUPLICATE,"Identical MPN, perturbed desc, dropped minor field",NONE,CAT-ELC
CPI-FLG-99233,CPI-B-0D9BFDA6,RELATED,"Same category/mfg, different size/specs",NONE,CAT-FLG
AHM-PIP-27906,AHM-B-B8228136,FUNCTIONALLY_EQUIVALENT,"Different Manufacturer/MPN, identical critical attributes",NONE,CAT-PIP
CPI-PPE-67176,CPI-B-F6A0C8B3,FUNCTIONALLY_EQUIVALENT,"Different Manufacturer/MPN, identical critical attributes",NONE,CAT-PPE
CPI-CBL-21167,CPI-B-3392C45C,NEAR_DUPLICATE,"Identical MPN, perturbed desc, dropped minor field",NONE,CAT-CBL
CPI-PPE-13047,CPI-B-08BE0B8D,RELATED,"Same category/mfg, different size/specs",NONE,CAT-PPE
BUS-BRG-47759,BUS-B-797A75A8,REQUIRES_ENGINEERING_REVIEW,Mismatched conditionally critical attribute,seal_type (Conditional),CAT-BRG
CPI-PIP-22717,CPI-B-35AA718D,NEAR_DUPLICATE,"Identical MPN, perturbed desc, dropped minor field",NONE,CAT-PIP
AHM-FLG-90529,AHM-B-27B8D78C,EXACT_DUPLICATE,"Identical MPN/Attributes, perturbed description",NONE,CAT-FLG
BUS-LUB-61756,BUS-B-AF3FC586,RELATED,"Same category/mfg, different size/specs",NONE,CAT-LUB
NEC-DUP-78353,NEC-B-865A0E5A,EXACT_DUPLICATE,"Identical MPN/Attributes, perturbed description",NONE,CAT-FLG
NEC-PPE-95692,NEC-B-61C70405,RELATED,"Same category/mfg, different size/specs",NONE,CAT-PPE
AHM-CBL-22989,AHM-B-E6DD342B,FUNCTIONALLY_EQUIVALENT,"Different Manufacturer/MPN, identical critical attributes",NONE,CAT-CBL
BUS-GSK-96412,BUS-B-47FBFB1A,NEAR_DUPLICATE,"Identical MPN, perturbed desc, dropped minor field",NONE,CAT-GSK
GME-FLG-19971,GME-B-5280898D,RELATED,"Same category/mfg, different size/specs",NONE,CAT-FLG
NEC-LUB-89365,NEC-B-658C4804,RELATED,"Same category/mfg, different size/specs",NONE,CAT-LUB
NEC-BRG-96033,NEC-B-3F6B4D10,REQUIRES_ENGINEERING_REVIEW,Mismatched conditionally critical attribute,seal_type (Conditional),CAT-BRG
CPI-INS-70067,CPI-B-6F24EF81,NOT_EQUIVALENT,"Same category, critical attribute conflict",NONE,CAT-INS
GME-BRG-28590,GME-B-7113E097,REQUIRES_ENGINEERING_REVIEW,Mismatched conditionally critical attribute,seal_type (Conditional),CAT-BRG
CPI-LUB-39135,CPI-B-F03BE84F,EXACT_DUPLICATE,"Identical MPN/Attributes, perturbed description",NONE,CAT-LUB
AHM-BRG-47090,AHM-B-3F5AB439,REQUIRES_ENGINEERING_REVIEW,Mismatched conditionally critical attribute,seal_type (Conditional),CAT-BRG
CPI-PMP-16880,CPI-B-69F9986F,FUNCTIONALLY_EQUIVALENT,"Different Manufacturer/MPN, identical critical attributes",NONE,CAT-PMP
NEC-ELC-89875,NEC-B-F4F88A9F,NEAR_DUPLICATE,"Identical MPN, perturbed desc, dropped minor field",NONE,CAT-ELC
CPI-FST-13962,CPI-B-209391CA,RELATED,"Same category/mfg, different size/specs",NONE,CAT-FST
CPI-ELC-19278,CPI-B-3A5523B5,FUNCTIONALLY_EQUIVALENT,"Different Manufacturer/MPN, identical critical attributes",NONE,CAT-ELC
NEC-ELC-16279,NEC-B-181AFCD9,NOT_EQUIVALENT,"Same category, critical attribute conflict",NONE,CAT-ELC
NEC-GSK-27738,NEC-B-F91F3A35,NEAR_DUPLICATE,"Identical MPN, perturbed desc, dropped minor field",NONE,CAT-GSK
GME-INS-88850,GME-B-CF54A31E,EXACT_DUPLICATE,"Identical MPN/Attributes, perturbed description",NONE,CAT-INS
GME-DUP-66111,GME-B-73383FB3,FUNCTIONALLY_EQUIVALENT,"Different Manufacturer/MPN, identical critical attributes",NONE,CAT-LUB
AHM-GSK-42527,AHM-B-22601EAC,NOT_EQUIVALENT,"Same category, critical attribute conflict",NONE,CAT-GSK
CPI-FLG-70407,CPI-B-B41CA832,RELATED,"Same category/mfg, different size/specs",NONE,CAT-FLG
GME-FLG-26285,GME-B-5AE1107E,EXACT_DUPLICATE,"Identical MPN/Attributes, perturbed description",NONE,CAT-FLG
CPI-GSK-63295,CPI-B-9A693727,RELATED,"Same category/mfg, different size/specs",NONE,CAT-GSK
AHM-PIP-84207,AHM-B-463CA158,RELATED,"Same category/mfg, different size/specs",NONE,CAT-PIP
GME-PMP-86641,GME-B-E7675FA9,NOT_EQUIVALENT,Completely different category,CATEGORY_MISMATCH,CAT-PMP
NEC-INS-44878,NEC-B-1CFD3F25,NEAR_DUPLICATE,"Identical MPN, perturbed desc, dropped minor field",NONE,CAT-INS
GME-DUP-87973,GME-B-79D333CC,RELATED,"Same category/mfg, different size/specs",NONE,CAT-CBL
NEC-LUB-68453,NEC-B-F6EA6D72,NEAR_DUPLICATE,"Identical MPN, perturbed desc, dropped minor field",NONE,CAT-LUB
GME-BRG-11005,GME-B-F0190136,REQUIRES_ENGINEERING_REVIEW,Mismatched conditionally critical attribute,seal_type (Conditional),CAT-BRG
AHM-DUP-22758,AHM-B-AAA03715,REQUIRES_ENGINEERING_REVIEW,Mismatched conditionally critical attribute,seal_type (Conditional),CAT-BRG
CPI-FLG-77540,CPI-B-A73EDB7B,RELATED,"Same category/mfg, different size/specs",NONE,CAT-FLG
NEC-GSK-79772,NEC-B-561BF4E5,RELATED,"Same category/mfg, different size/specs",NONE,CAT-GSK
CPI-DUP-71927,CPI-B-19F881B7,FUNCTIONALLY_EQUIVALENT,"Different Manufacturer/MPN, identical critical attributes",NONE,CAT-FLG
AHM-ELC-65435,AHM-B-26C48DD5,EXACT_DUPLICATE,"Identical MPN/Attributes, perturbed description",NONE,CAT-ELC
CPI-BRG-23483,CPI-B-85CDE3B7,REQUIRES_ENGINEERING_REVIEW,Mismatched conditionally critical attribute,seal_type (Conditional),CAT-BRG
GME-PIP-29785,GME-B-FA9394F9,NOT_EQUIVALENT,Completely different category,CATEGORY_MISMATCH,CAT-PIP
NEC-FLG-71315,NEC-B-14B7AA9F,EXACT_DUPLICATE,"Identical MPN/Attributes, perturbed description",NONE,CAT-FLG
GME-DUP-86037,GME-B-7902FD3C,RELATED,"Same category/mfg, different size/specs",NONE,CAT-CBL
AHM-PPE-47571,AHM-B-916C39B2,NEAR_DUPLICATE,"Identical MPN, perturbed desc, dropped minor field",NONE,CAT-PPE
CPI-PMP-90249,CPI-B-2F9588E9,NOT_EQUIVALENT,"Same category, critical attribute conflict",NONE,CAT-PMP
AHM-CFL-54341,AHM-B-4D82ABF8,NOT_EQUIVALENT,Completely different category,CATEGORY_MISMATCH,CAT-PMP
GME-DUP-23093,GME-B-79372155,NEAR_DUPLICATE,"Identical MPN, perturbed desc, dropped minor field",NONE,CAT-PMP
BUS-MTR-41163,BUS-B-C891C736,NOT_EQUIVALENT,"Same category, critical attribute conflict",voltage,CAT-MTR
BUS-PIP-40882,BUS-B-AE9B1EF4,FUNCTIONALLY_EQUIVALENT,"Different Manufacturer/MPN, identical critical attributes",NONE,CAT-PIP
NEC-PPE-48242,NEC-B-B0D2835F,EXACT_DUPLICATE,"Identical MPN/Attributes, perturbed description",NONE,CAT-PPE
BUS-VLV-61571,BUS-B-A6234515,NEAR_DUPLICATE,"Identical MPN, perturbed desc, dropped minor field",NONE,CAT-VLV
GME-FLG-66689,GME-B-31BA567D,NEAR_DUPLICATE,"Identical MPN, perturbed desc, dropped minor field",NONE,CAT-FLG
NEC-PPE-86697,NEC-B-2F7E01C1,NEAR_DUPLICATE,"Identical MPN, perturbed desc, dropped minor field",NONE,CAT-PPE
AHM-FLG-41663,AHM-B-BC790988,FUNCTIONALLY_EQUIVALENT,"Different Manufacturer/MPN, identical critical attributes",NONE,CAT-FLG
AHM-INS-58287,AHM-B-1F47602A,NEAR_DUPLICATE,"Identical MPN, perturbed desc, dropped minor field",NONE,CAT-INS
AHM-MTR-13692,AHM-B-F781AC96,RELATED,"Same category/mfg, different size/specs",NONE,CAT-MTR
NEC-BRG-84006,NEC-B-03AA6E73,REQUIRES_ENGINEERING_REVIEW,Mismatched conditionally critical attribute,seal_type (Conditional),CAT-BRG
BUS-PPE-81068,BUS-B-678AEE65,NEAR_DUPLICATE,"Identical MPN, perturbed desc, dropped minor field",NONE,CAT-PPE
BUS-FST-67815,BUS-B-1410A73E,FUNCTIONALLY_EQUIVALENT,"Different Manufacturer/MPN, identical critical attributes",NONE,CAT-FST
AHM-GSK-47889,AHM-B-85BA4389,FUNCTIONALLY_EQUIVALENT,"Different Manufacturer/MPN, identical critical attributes",NONE,CAT-GSK
AHM-PPE-86380,AHM-B-EC811D88,EXACT_DUPLICATE,"Identical MPN/Attributes, perturbed description",NONE,CAT-PPE
BUS-DUP-52668,BUS-B-C176F0D4,REQUIRES_ENGINEERING_REVIEW,Mismatched conditionally critical attribute,seal_type (Conditional),CAT-BRG
GME-INS-94818,GME-B-9AB4B6A8,NOT_EQUIVALENT,Completely different category,CATEGORY_MISMATCH,CAT-INS
NEC-LUB-20536,NEC-B-CEDF0E37,FUNCTIONALLY_EQUIVALENT,"Different Manufacturer/MPN, identical critical attributes",NONE,CAT-LUB
GME-BRG-79732,GME-B-732C3EEC,REQUIRES_ENGINEERING_REVIEW,Mismatched conditionally critical attribute,seal_type (Conditional),CAT-BRG
CPI-GSK-77311,CPI-B-41BA9C3B,RELATED,"Same category/mfg, different size/specs",NONE,CAT-GSK
GME-BRG-56416,GME-B-9D898C54,REQUIRES_ENGINEERING_REVIEW,Mismatched conditionally critical attribute,seal_type (Conditional),CAT-BRG
BUS-MTR-31398,BUS-B-CC242480,EXACT_DUPLICATE,"Identical MPN/Attributes, perturbed description",NONE,CAT-MTR
NEC-FST-19613,NEC-B-ACB4A237,NOT_EQUIVALENT,"Same category, critical attribute conflict",NONE,CAT-FST
AHM-BRG-91312,AHM-B-94919959,REQUIRES_ENGINEERING_REVIEW,Mismatched conditionally critical attribute,seal_type (Conditional),CAT-BRG
AHM-FST-56414,AHM-B-15BB3AAD,NEAR_DUPLICATE,"Identical MPN, perturbed desc, dropped minor field",NONE,CAT-FST
AHM-VLV-80274,AHM-B-85E19EB6,EXACT_DUPLICATE,"Identical MPN/Attributes, perturbed description",NONE,CAT-VLV
CPI-DUP-70435,CPI-B-B0EF73B0,NOT_EQUIVALENT,"Same category, critical attribute conflict",NONE,CAT-INS
BUS-MTR-80465,BUS-B-4D39D3B4,FUNCTIONALLY_EQUIVALENT,"Different Manufacturer/MPN, identical critical attributes",NONE,CAT-MTR
NEC-INS-77137,NEC-B-27A22D66,NEAR_DUPLICATE,"Identical MPN, perturbed desc, dropped minor field",NONE,CAT-INS
GME-INS-82291,GME-B-D18ADD8A,EXACT_DUPLICATE,"Identical MPN/Attributes, perturbed description",NONE,CAT-INS
BUS-BRG-71042,BUS-B-2FA34795,REQUIRES_ENGINEERING_REVIEW,Mismatched conditionally critical attribute,seal_type (Conditional),CAT-BRG
GME-INS-11851,GME-B-6AAAC966,RELATED,"Same category/mfg, different size/specs",NONE,CAT-INS
CPI-BRG-73949,CPI-B-E113DF13,REQUIRES_ENGINEERING_REVIEW,Mismatched conditionally critical attribute,seal_type (Conditional),CAT-BRG
GME-BRG-70699,GME-B-151B7AB7,REQUIRES_ENGINEERING_REVIEW,Mismatched conditionally critical attribute,seal_type (Conditional),CAT-BRG
CPI-DUP-51975,CPI-B-F7547AF2,NEAR_DUPLICATE,"Identical MPN, perturbed desc, dropped minor field",NONE,CAT-GSK
CPI-BRG-72124,CPI-B-D0A9628A,REQUIRES_ENGINEERING_REVIEW,Mismatched conditionally critical attribute,seal_type (Conditional),CAT-BRG
CPI-INS-71454,CPI-B-36C04E18,EXACT_DUPLICATE,"Identical MPN/Attributes, perturbed description",NONE,CAT-INS
NEC-GSK-48083,NEC-B-43EFC97C,NEAR_DUPLICATE,"Identical MPN, perturbed desc, dropped minor field",NONE,CAT-GSK
AHM-CFL-84763,AHM-B-98910075,NEAR_DUPLICATE,"Identical MPN, perturbed desc, dropped minor field",NONE,CAT-VLV
CPI-CFL-36597,CPI-B-6333A03E,NOT_EQUIVALENT,Completely different category,CATEGORY_MISMATCH,CAT-ELC
BUS-BRG-33213,BUS-B-801F7342,REQUIRES_ENGINEERING_REVIEW,Mismatched conditionally critical attribute,seal_type (Conditional),CAT-BRG
BUS-DUP-77435,BUS-B-67DCD0B9,REQUIRES_ENGINEERING_REVIEW,Mismatched conditionally critical attribute,seal_type (Conditional),CAT-BRG
NEC-GSK-43647,NEC-B-9CD8AFEA,FUNCTIONALLY_EQUIVALENT,"Different Manufacturer/MPN, identical critical attributes",NONE,CAT-GSK
CPI-BRG-81463,CPI-B-2A76D739,NOT_EQUIVALENT,"Same category, critical attribute conflict",NONE,CAT-BRG
GME-BRG-61251,GME-B-E756052D,REQUIRES_ENGINEERING_REVIEW,Mismatched conditionally critical attribute,seal_type (Conditional),CAT-BRG
AHM-GSK-92501,AHM-B-7B6EBDD3,FUNCTIONALLY_EQUIVALENT,"Different Manufacturer/MPN, identical critical attributes",NONE,CAT-GSK
NEC-FLG-50235,NEC-B-4C9F37FB,NEAR_DUPLICATE,"Identical MPN, perturbed desc, dropped minor field",NONE,CAT-FLG
BUS-BRG-47858,BUS-B-3E75F1D3,REQUIRES_ENGINEERING_REVIEW,Mismatched conditionally critical attribute,seal_type (Conditional),CAT-BRG
GME-GSK-54280,GME-B-5EC394A7,NEAR_DUPLICATE,"Identical MPN, perturbed desc, dropped minor field",NONE,CAT-GSK
BUS-CFL-68474,BUS-B-8F63CFD4,RELATED,"Same category/mfg, different size/specs",NONE,CAT-INS
BUS-DUP-83443,BUS-B-66D3BD56,RELATED,"Same category/mfg, different size/specs",NONE,CAT-ELC
GME-FLG-95660,GME-B-2679A5B2,RELATED,"Same category/mfg, different size/specs",NONE,CAT-FLG
BUS-DUP-83233,BUS-B-4E5B93F4,RELATED,"Same category/mfg, different size/specs",NONE,CAT-INS
GME-CFL-12225,GME-B-DB4DC828,EXACT_DUPLICATE,"Identical MPN/Attributes, perturbed description",NONE,CAT-FST
AHM-MTR-74578,AHM-B-22BD098E,NEAR_DUPLICATE,"Identical MPN, perturbed desc, dropped minor field",NONE,CAT-MTR
CPI-PPE-49522,CPI-B-F856D311,EXACT_DUPLICATE,"Identical MPN/Attributes, perturbed description",NONE,CAT-PPE
CPI-LUB-74583,CPI-B-6A039408,RELATED,"Same category/mfg, different size/specs",NONE,CAT-LUB
GME-BRG-51419,GME-B-340E0D3B,REQUIRES_ENGINEERING_REVIEW,Mismatched conditionally critical attribute,seal_type (Conditional),CAT-BRG
CPI-PIP-89619,CPI-B-C8469EA8,RELATED,"Same category/mfg, different size/specs",NONE,CAT-PIP
NEC-INS-62363,NEC-B-3DC089C9,RELATED,"Same category/mfg, different size/specs",NONE,CAT-INS
CPI-LUB-42964,CPI-B-61FA7F87,NOT_EQUIVALENT,"Same category, critical attribute conflict",NONE,CAT-LUB
CPI-BRG-18637,CPI-B-689D996E,EXACT_DUPLICATE,"Identical MPN/Attributes, perturbed description",NONE,CAT-BRG
AHM-GSK-36837,AHM-B-7792EC26,EXACT_DUPLICATE,"Identical MPN/Attributes, perturbed description",NONE,CAT-GSK
NEC-LUB-11967,NEC-B-EDB23C6D,EXACT_DUPLICATE,"Identical MPN/Attributes, perturbed description",NONE,CAT-LUB
NEC-BRG-59786,NEC-B-D2A93DAE,REQUIRES_ENGINEERING_REVIEW,Mismatched conditionally critical attribute,seal_type (Conditional),CAT-BRG
CPI-BRG-19748,CPI-B-97A03C39,REQUIRES_ENGINEERING_REVIEW,Mismatched conditionally critical attribute,seal_type (Conditional),CAT-BRG
CPI-BRG-52770,CPI-B-4F9007F7,REQUIRES_ENGINEERING_REVIEW,Mismatched conditionally critical attribute,seal_type (Conditional),CAT-BRG
BUS-FLG-66993,BUS-B-0C3CE9A2,NEAR_DUPLICATE,"Identical MPN, perturbed desc, dropped minor field",NONE,CAT-FLG
AHM-PMP-28871,AHM-B-DFC37D60,NEAR_DUPLICATE,"Identical MPN, perturbed desc, dropped minor field",NONE,CAT-PMP
AHM-DUP-50803,AHM-B-1FCD7946,NEAR_DUPLICATE,"Identical MPN, perturbed desc, dropped minor field",NONE,CAT-FST
GME-ELC-36486,GME-B-5FC57CF3,RELATED,"Same category/mfg, different size/specs",NONE,CAT-ELC
GME-BRG-93852,GME-B-A3B65F86,REQUIRES_ENGINEERING_REVIEW,Mismatched conditionally critical attribute,seal_type (Conditional),CAT-BRG
GME-ELC-43020,GME-B-3100B2F9,RELATED,"Same category/mfg, different size/specs",NONE,CAT-ELC
AHM-PMP-55455,AHM-B-0980253E,FUNCTIONALLY_EQUIVALENT,"Different Manufacturer/MPN, identical critical attributes",NONE,CAT-PMP
CPI-INS-61608,CPI-B-FA2B824D,NEAR_DUPLICATE,"Identical MPN, perturbed desc, dropped minor field",NONE,CAT-INS
GME-BRG-11374,GME-B-EA640C9B,RELATED,"Same category/mfg, different size/specs",NONE,CAT-BRG
CPI-FST-29890,CPI-B-8269CC87,RELATED,"Same category/mfg, different size/specs",NONE,CAT-FST
AHM-CFL-70304,AHM-B-5683ACB6,RELATED,"Same category/mfg, different size/specs",NONE,CAT-PPE
CPI-INS-24018,CPI-B-55462EB3,NOT_EQUIVALENT,Completely different category,CATEGORY_MISMATCH,CAT-INS
BUS-VLV-87604,BUS-B-092743A7,RELATED,"Same category/mfg, different size/specs",NONE,CAT-VLV
AHM-LUB-69438,AHM-B-050B5CCF,EXACT_DUPLICATE,"Identical MPN/Attributes, perturbed description",NONE,CAT-LUB
AHM-PPE-29735,AHM-B-EE42FFEA,RELATED,"Same category/mfg, different size/specs",NONE,CAT-PPE
CPI-DUP-43429,CPI-B-0B22B68D,NEAR_DUPLICATE,"Identical MPN, perturbed desc, dropped minor field",NONE,CAT-PMP
CPI-INS-76823,CPI-B-85AB0076,NEAR_DUPLICATE,"Identical MPN, perturbed desc, dropped minor field",NONE,CAT-INS
AHM-BRG-30273,AHM-B-3E3F5857,REQUIRES_ENGINEERING_REVIEW,Mismatched conditionally critical attribute,seal_type (Conditional),CAT-BRG
CPI-BRG-88997,CPI-B-BEA2915D,REQUIRES_ENGINEERING_REVIEW,Mismatched conditionally critical attribute,seal_type (Conditional),CAT-BRG
GME-GSK-85157,GME-B-DAEC2210,RELATED,"Same category/mfg, different size/specs",NONE,CAT-GSK
NEC-CBL-74876,NEC-B-1850B986,FUNCTIONALLY_EQUIVALENT,"Different Manufacturer/MPN, identical critical attributes",NONE,CAT-CBL
AHM-CFL-37582,AHM-B-1170F670,REQUIRES_ENGINEERING_REVIEW,Mismatched conditionally critical attribute,seal_type (Conditional),CAT-BRG
AHM-CFL-29658,AHM-B-D5358882,NOT_EQUIVALENT,"Same category, critical attribute conflict",NONE,CAT-ELC
NEC-DUP-91197,NEC-B-1E022F75,RELATED,"Same category/mfg, different size/specs",NONE,CAT-LUB
BUS-DUP-40167,BUS-B-7255DE61,NEAR_DUPLICATE,"Identical MPN, perturbed desc, dropped minor field",NONE,CAT-VLV
CPI-BRG-18655,CPI-B-C2D0B590,REQUIRES_ENGINEERING_REVIEW,Mismatched conditionally critical attribute,seal_type (Conditional),CAT-BRG
BUS-VLV-24806,BUS-B-C0EAEA98,FUNCTIONALLY_EQUIVALENT,"Different Manufacturer/MPN, identical critical attributes",NONE,CAT-VLV
CPI-GSK-71822,CPI-B-2170534D,NOT_EQUIVALENT,Completely different category,CATEGORY_MISMATCH,CAT-GSK
AHM-DUP-57873,AHM-B-5B09BCDA,FUNCTIONALLY_EQUIVALENT,"Different Manufacturer/MPN, identical critical attributes",NONE,CAT-BRG
AHM-BRG-83064,AHM-B-E203C2C6,REQUIRES_ENGINEERING_REVIEW,Mismatched conditionally critical attribute,seal_type (Conditional),CAT-BRG
NEC-INS-77137,NEC-B-A3B8AC9E,NEAR_DUPLICATE,"Identical MPN, perturbed desc, dropped minor field",NONE,CAT-INS
AHM-BRG-40356,AHM-B-7AB4A2E1,REQUIRES_ENGINEERING_REVIEW,Mismatched conditionally critical attribute,seal_type (Conditional),CAT-BRG
AHM-ELC-14217,AHM-B-A5B3E90E,NEAR_DUPLICATE,"Identical MPN, perturbed desc, dropped minor field",NONE,CAT-ELC
BUS-CBL-91292,BUS-B-FC09EC3B,EXACT_DUPLICATE,"Identical MPN/Attributes, perturbed description",NONE,CAT-CBL
BUS-FLG-58575,BUS-B-CDD6DB2E,FUNCTIONALLY_EQUIVALENT,"Different Manufacturer/MPN, identical critical attributes",NONE,CAT-FLG
GME-ELC-24223,GME-B-7A7847A6,NEAR_DUPLICATE,"Identical MPN, perturbed desc, dropped minor field",NONE,CAT-ELC
NEC-FST-31025,NEC-B-85126EBF,RELATED,"Same category/mfg, different size/specs",NONE,CAT-FST
GME-DUP-45277,GME-B-FF98BEE7,EXACT_DUPLICATE,"Identical MPN/Attributes, perturbed description",NONE,CAT-PPE
AHM-PPE-50746,AHM-B-C648C14C,RELATED,"Same category/mfg, different size/specs",NONE,CAT-PPE
AHM-CBL-65077,AHM-B-5837A621,NEAR_DUPLICATE,"Identical MPN, perturbed desc, dropped minor field",NONE,CAT-CBL
AHM-FST-50866,AHM-B-4E5C3650,NOT_EQUIVALENT,"Same category, critical attribute conflict",NONE,CAT-FST
AHM-DUP-50803,AHM-B-B4A58CD4,RELATED,"Same category/mfg, different size/specs",NONE,CAT-FST
CPI-VLV-27691,CPI-B-670CA863,NOT_EQUIVALENT,"Same category, critical attribute conflict",pressure_class,CAT-VLV
CPI-PIP-87009,CPI-B-8C220FEB,EXACT_DUPLICATE,"Identical MPN/Attributes, perturbed description",NONE,CAT-PIP
AHM-DUP-36321,AHM-B-23E94656,FUNCTIONALLY_EQUIVALENT,"Different Manufacturer/MPN, identical critical attributes",NONE,CAT-GSK
CPI-PIP-46657,CPI-B-D210F0EF,NEAR_DUPLICATE,"Identical MPN, perturbed desc, dropped minor field",NONE,CAT-PIP
AHM-INS-16012,AHM-B-14C08E6C,NEAR_DUPLICATE,"Identical MPN, perturbed desc, dropped minor field",NONE,CAT-INS
AHM-LUB-57211,AHM-B-DABC0397,RELATED,"Same category/mfg, different size/specs",NONE,CAT-LUB
NEC-FLG-19331,NEC-B-A5795CE4,EXACT_DUPLICATE,"Identical MPN/Attributes, perturbed description",NONE,CAT-FLG
GME-BRG-69076,GME-B-C4F0A5E2,EXACT_DUPLICATE,"Identical MPN/Attributes, perturbed description",NONE,CAT-BRG
GME-CFL-56231,GME-B-823253FD,EXACT_DUPLICATE,"Identical MPN/Attributes, perturbed description",NONE,CAT-GSK
CPI-CFL-73979,CPI-B-1A4478B2,NEAR_DUPLICATE,"Identical MPN, perturbed desc, dropped minor field",NONE,CAT-CBL
CPI-PMP-77398,CPI-B-7AA8C58B,NOT_EQUIVALENT,"Same category, critical attribute conflict",NONE,CAT-PMP
GME-DUP-50013,GME-B-324BF161,REQUIRES_ENGINEERING_REVIEW,Mismatched conditionally critical attribute,seal_type (Conditional),CAT-BRG
GME-FST-57801,GME-B-E5BC8C0A,FUNCTIONALLY_EQUIVALENT,"Different Manufacturer/MPN, identical critical attributes",NONE,CAT-FST
NEC-VLV-38889,NEC-B-149E4B20,FUNCTIONALLY_EQUIVALENT,"Different Manufacturer/MPN, identical critical attributes",NONE,CAT-VLV
NEC-PMP-42490,NEC-B-F1DDEE0C,NEAR_DUPLICATE,"Identical MPN, perturbed desc, dropped minor field",NONE,CAT-PMP
NEC-ELC-77280,NEC-B-DD4B51C7,NEAR_DUPLICATE,"Identical MPN, perturbed desc, dropped minor field",NONE,CAT-ELC
AHM-INS-76250,AHM-B-2FACA895,NOT_EQUIVALENT,Completely different category,CATEGORY_MISMATCH,CAT-INS
BUS-CBL-48103,BUS-B-E7A1C5C9,RELATED,"Same category/mfg, different size/specs",NONE,CAT-CBL
NEC-MTR-47569,NEC-B-B7E096FB,NOT_EQUIVALENT,Completely different category,CATEGORY_MISMATCH,CAT-MTR
AHM-DUP-47186,AHM-B-090C1A72,RELATED,"Same category/mfg, different size/specs",NONE,CAT-BRG
AHM-GSK-98215,AHM-B-AF99D64E,EXACT_DUPLICATE,"Identical MPN/Attributes, perturbed description",NONE,CAT-GSK
BUS-MTR-70537,BUS-B-09825659,FUNCTIONALLY_EQUIVALENT,"Different Manufacturer/MPN, identical critical attributes",NONE,CAT-MTR
CPI-BRG-18880,CPI-B-B77FFC80,REQUIRES_ENGINEERING_REVIEW,Mismatched conditionally critical attribute,seal_type (Conditional),CAT-BRG
AHM-DUP-23771,AHM-B-678DD949,NOT_EQUIVALENT,"Same category, critical attribute conflict",power,CAT-MTR
CPI-DUP-71676,CPI-B-FD418108,RELATED,"Same category/mfg, different size/specs",NONE,CAT-MTR
NEC-BRG-97071,NEC-B-484747EA,REQUIRES_ENGINEERING_REVIEW,Mismatched conditionally critical attribute,seal_type (Conditional),CAT-BRG
CPI-VLV-24986,CPI-B-C0278CAE,FUNCTIONALLY_EQUIVALENT,"Different Manufacturer/MPN, identical critical attributes",NONE,CAT-VLV
GME-BRG-48161,GME-B-9338A610,REQUIRES_ENGINEERING_REVIEW,Mismatched conditionally critical attribute,seal_type (Conditional),CAT-BRG
NEC-BRG-35183,NEC-B-A2D8ABEA,RELATED,"Same category/mfg, different size/specs",NONE,CAT-BRG
CPI-PIP-77844,CPI-B-91C4264B,NEAR_DUPLICATE,"Identical MPN, perturbed desc, dropped minor field",NONE,CAT-PIP
NEC-ELC-56011,NEC-B-36D85D49,RELATED,"Same category/mfg, different size/specs",NONE,CAT-ELC
BUS-FST-42571,BUS-B-9EF37A28,NOT_EQUIVALENT,Completely different category,CATEGORY_MISMATCH,CAT-FST
AHM-PPE-31745,AHM-B-3F7F6195,EXACT_DUPLICATE,"Identical MPN/Attributes, perturbed description",NONE,CAT-PPE
BUS-PPE-47241,BUS-B-5F95E3C2,FUNCTIONALLY_EQUIVALENT,"Different Manufacturer/MPN, identical critical attributes",NONE,CAT-PPE
CPI-INS-81742,CPI-B-1F9547E4,EXACT_DUPLICATE,"Identical MPN/Attributes, perturbed description",NONE,CAT-INS
NEC-PIP-84467,NEC-B-DDDE75C3,FUNCTIONALLY_EQUIVALENT,"Different Manufacturer/MPN, identical critical attributes",NONE,CAT-PIP
CPI-CBL-90077,CPI-B-2D456760,NOT_EQUIVALENT,"Same category, critical attribute conflict",NONE,CAT-CBL
BUS-BRG-96377,BUS-B-8B89F62A,RELATED,"Same category/mfg, different size/specs",NONE,CAT-BRG
CPI-ELC-68517,CPI-B-7970DE99,RELATED,"Same category/mfg, different size/specs",NONE,CAT-ELC
BUS-BRG-27503,BUS-B-468125B9,REQUIRES_ENGINEERING_REVIEW,Mismatched conditionally critical attribute,seal_type (Conditional),CAT-BRG
AHM-VLV-12540,AHM-B-5298C7D6,EXACT_DUPLICATE,"Identical MPN/Attributes, perturbed description",NONE,CAT-VLV
NEC-BRG-77098,NEC-B-9D19B888,REQUIRES_ENGINEERING_REVIEW,Mismatched conditionally critical attribute,seal_type (Conditional),CAT-BRG
NEC-LUB-26246,NEC-B-27756139,NEAR_DUPLICATE,"Identical MPN, perturbed desc, dropped minor field",NONE,CAT-LUB
GME-ELC-43020,GME-B-E77B09B4,RELATED,"Same category/mfg, different size/specs",NONE,CAT-ELC
GME-ELC-45656,GME-B-CC0C12F2,NOT_EQUIVALENT,"Same category, critical attribute conflict",NONE,CAT-ELC
CPI-PIP-58595,CPI-B-FB6E2E01,NOT_EQUIVALENT,Completely different category,CATEGORY_MISMATCH,CAT-PIP
AHM-FST-97677,AHM-B-D912FD05,NOT_EQUIVALENT,"Same category, critical attribute conflict",NONE,CAT-FST
GME-CBL-51203,GME-B-A2AA5DCC,FUNCTIONALLY_EQUIVALENT,"Different Manufacturer/MPN, identical critical attributes",NONE,CAT-CBL
GME-FST-64417,GME-B-048EBF38,NEAR_DUPLICATE,"Identical MPN, perturbed desc, dropped minor field",NONE,CAT-FST
CPI-BRG-63230,CPI-B-617FDCFD,REQUIRES_ENGINEERING_REVIEW,Mismatched conditionally critical attribute,seal_type (Conditional),CAT-BRG
AHM-FST-54835,AHM-B-AE8532B5,NOT_EQUIVALENT,"Same category, critical attribute conflict",NONE,CAT-FST
BUS-INS-10375,BUS-B-6DCA9E7B,NOT_EQUIVALENT,Completely different category,CATEGORY_MISMATCH,CAT-INS
BUS-PPE-36791,BUS-B-3815BFC5,RELATED,"Same category/mfg, different size/specs",NONE,CAT-PPE
BUS-GSK-64123,BUS-B-7767FBCB,FUNCTIONALLY_EQUIVALENT,"Different Manufacturer/MPN, identical critical attributes",NONE,CAT-GSK
GME-FST-51002,GME-B-3C1F3DC1,NOT_EQUIVALENT,"Same category, critical attribute conflict",NONE,CAT-FST
AHM-DUP-78161,AHM-B-0F38149F,NOT_EQUIVALENT,Completely different category,CATEGORY_MISMATCH,CAT-INS
GME-INS-46244,GME-B-B941D9FF,FUNCTIONALLY_EQUIVALENT,"Different Manufacturer/MPN, identical critical attributes",NONE,CAT-INS
GME-PIP-81288,GME-B-BD07097D,NEAR_DUPLICATE,"Identical MPN, perturbed desc, dropped minor field",NONE,CAT-PIP
AHM-PPE-16820,AHM-B-EAF227F2,NEAR_DUPLICATE,"Identical MPN, perturbed desc, dropped minor field",NONE,CAT-PPE
GME-BRG-40816,GME-B-CC445BCA,REQUIRES_ENGINEERING_REVIEW,Mismatched conditionally critical attribute,seal_type (Conditional),CAT-BRG
BUS-PPE-13817,BUS-B-1D91C4D9,NOT_EQUIVALENT,"Same category, critical attribute conflict",NONE,CAT-PPE
CPI-DUP-28115,CPI-B-30A48034,EXACT_DUPLICATE,"Identical MPN/Attributes, perturbed description",NONE,CAT-CBL
NEC-VLV-39220,NEC-B-D610AC23,EXACT_DUPLICATE,"Identical MPN/Attributes, perturbed description",NONE,CAT-VLV
AHM-CBL-53996,AHM-B-5602C209,FUNCTIONALLY_EQUIVALENT,"Different Manufacturer/MPN, identical critical attributes",NONE,CAT-CBL
BUS-DUP-57947,BUS-B-D0E95A21,FUNCTIONALLY_EQUIVALENT,"Different Manufacturer/MPN, identical critical attributes",NONE,CAT-PIP
BUS-FLG-95920,BUS-B-E84BD8A0,NEAR_DUPLICATE,"Identical MPN, perturbed desc, dropped minor field",NONE,CAT-FLG
NEC-BRG-31978,NEC-B-E66CEB3B,REQUIRES_ENGINEERING_REVIEW,Mismatched conditionally critical attribute,seal_type (Conditional),CAT-BRG
GME-INS-79405,GME-B-6A6F52DB,RELATED,"Same category/mfg, different size/specs",NONE,CAT-INS
NEC-BRG-31874,NEC-B-097EFD82,REQUIRES_ENGINEERING_REVIEW,Mismatched conditionally critical attribute,seal_type (Conditional),CAT-BRG
NEC-GSK-62029,NEC-B-53208EEF,NEAR_DUPLICATE,"Identical MPN, perturbed desc, dropped minor field",NONE,CAT-GSK
AHM-BRG-46999,AHM-B-57E3CD76,REQUIRES_ENGINEERING_REVIEW,Mismatched conditionally critical attribute,seal_type (Conditional),CAT-BRG
CPI-PPE-27846,CPI-B-6DFD6D98,FUNCTIONALLY_EQUIVALENT,"Different Manufacturer/MPN, identical critical attributes",NONE,CAT-PPE
AHM-MTR-39553,AHM-B-C9E5AB06,NEAR_DUPLICATE,"Identical MPN, perturbed desc, dropped minor field",NONE,CAT-MTR
NEC-BRG-39782,NEC-B-1A25C94B,REQUIRES_ENGINEERING_REVIEW,Mismatched conditionally critical attribute,seal_type (Conditional),CAT-BRG
GME-BRG-61251,GME-B-898E2EC1,REQUIRES_ENGINEERING_REVIEW,Mismatched conditionally critical attribute,seal_type (Conditional),CAT-BRG
BUS-ELC-30702,BUS-B-20CC672F,NEAR_DUPLICATE,"Identical MPN, perturbed desc, dropped minor field",NONE,CAT-ELC
NEC-FST-23573,NEC-B-829CF561,NOT_EQUIVALENT,Completely different category,CATEGORY_MISMATCH,CAT-FST
CPI-DUP-86382,CPI-B-0B573053,EXACT_DUPLICATE,"Identical MPN/Attributes, perturbed description",NONE,CAT-LUB
BUS-BRG-96377,BUS-B-194795CB,REQUIRES_ENGINEERING_REVIEW,Mismatched conditionally critical attribute,seal_type (Conditional),CAT-BRG
BUS-DUP-89612,BUS-B-FFB183B7,NEAR_DUPLICATE,"Identical MPN, perturbed desc, dropped minor field",NONE,CAT-LUB
BUS-GSK-34971,BUS-B-06FAC4A1,FUNCTIONALLY_EQUIVALENT,"Different Manufacturer/MPN, identical critical attributes",NONE,CAT-GSK
CPI-VLV-20864,CPI-B-0D0A485D,NEAR_DUPLICATE,"Identical MPN, perturbed desc, dropped minor field",NONE,CAT-VLV
CPI-CBL-82742,CPI-B-10FE3257,RELATED,"Same category/mfg, different size/specs",NONE,CAT-CBL
BUS-FLG-78930,BUS-B-1A6FB81E,RELATED,"Same category/mfg, different size/specs",NONE,CAT-FLG
AHM-LUB-98256,AHM-B-94260FF0,RELATED,"Same category/mfg, different size/specs",NONE,CAT-LUB
NEC-CBL-67775,NEC-B-E9A84167,NEAR_DUPLICATE,"Identical MPN, perturbed desc, dropped minor field",NONE,CAT-CBL
NEC-BRG-73746,NEC-B-3EE8BB19,NOT_EQUIVALENT,Completely different category,CATEGORY_MISMATCH,CAT-BRG
CPI-CFL-59704,CPI-B-31752F0B,REQUIRES_ENGINEERING_REVIEW,Mismatched conditionally critical attribute,seal_type (Conditional),CAT-BRG
CPI-BRG-75568,CPI-B-75EA9DCA,REQUIRES_ENGINEERING_REVIEW,Mismatched conditionally critical attribute,seal_type (Conditional),CAT-BRG
CPI-PMP-20806,CPI-B-268E4033,NEAR_DUPLICATE,"Identical MPN, perturbed desc, dropped minor field",NONE,CAT-PMP
GME-BRG-70699,GME-B-D5E29A5E,EXACT_DUPLICATE,"Identical MPN/Attributes, perturbed description",NONE,CAT-BRG
BUS-BRG-90591,BUS-B-F2A2A681,NOT_EQUIVALENT,"Same category, critical attribute conflict",NONE,CAT-BRG
GME-DUP-57984,GME-B-1286BD37,REQUIRES_ENGINEERING_REVIEW,Mismatched conditionally critical attribute,seal_type (Conditional),CAT-BRG
CPI-CBL-17544,CPI-B-E8100D78,FUNCTIONALLY_EQUIVALENT,"Different Manufacturer/MPN, identical critical attributes",NONE,CAT-CBL
CPI-DUP-82186,CPI-B-CCAD22F9,REQUIRES_ENGINEERING_REVIEW,Mismatched conditionally critical attribute,seal_type (Conditional),CAT-BRG
NEC-ELC-89875,NEC-B-A6B723C3,EXACT_DUPLICATE,"Identical MPN/Attributes, perturbed description",NONE,CAT-ELC
BUS-GSK-31974,BUS-B-027166F7,FUNCTIONALLY_EQUIVALENT,"Different Manufacturer/MPN, identical critical attributes",NONE,CAT-GSK
NEC-BRG-55163,NEC-B-B0C95F43,NEAR_DUPLICATE,"Identical MPN, perturbed desc, dropped minor field",NONE,CAT-BRG
CPI-BRG-65937,CPI-B-90600080,REQUIRES_ENGINEERING_REVIEW,Mismatched conditionally critical attribute,seal_type (Conditional),CAT-BRG
GME-BRG-26384,GME-B-ABE0026C,NEAR_DUPLICATE,"Identical MPN, perturbed desc, dropped minor field",NONE,CAT-BRG
NEC-LUB-61668,NEC-B-0B82F63F,NOT_EQUIVALENT,"Same category, critical attribute conflict",NONE,CAT-LUB
GME-INS-80286,GME-B-6AA4A4E3,NEAR_DUPLICATE,"Identical MPN, perturbed desc, dropped minor field",NONE,CAT-INS
NEC-VLV-46134,NEC-B-E9A8B1F8,FUNCTIONALLY_EQUIVALENT,"Different Manufacturer/MPN, identical critical attributes",NONE,CAT-VLV
NEC-VLV-25209,NEC-B-D7445EAE,EXACT_DUPLICATE,"Identical MPN/Attributes, perturbed description",NONE,CAT-VLV
GME-PPE-96363,GME-B-FDA3A762,FUNCTIONALLY_EQUIVALENT,"Different Manufacturer/MPN, identical critical attributes",NONE,CAT-PPE
BUS-LUB-48231,BUS-B-F21E84C4,EXACT_DUPLICATE,"Identical MPN/Attributes, perturbed description",NONE,CAT-LUB
GME-MTR-58390,GME-B-5E83DA1A,RELATED,"Same category/mfg, different size/specs",NONE,CAT-MTR
BUS-FLG-35436,BUS-B-78B3B721,RELATED,"Same category/mfg, different size/specs",NONE,CAT-FLG
GME-GSK-69039,GME-B-354C79F8,EXACT_DUPLICATE,"Identical MPN/Attributes, perturbed description",NONE,CAT-GSK
CPI-DUP-56721,CPI-B-9D5F4EAF,NOT_EQUIVALENT,Completely different category,CATEGORY_MISMATCH,CAT-GSK
GME-PPE-38363,GME-B-AD9505C6,FUNCTIONALLY_EQUIVALENT,"Different Manufacturer/MPN, identical critical attributes",NONE,CAT-PPE
NEC-DUP-56419,NEC-B-E6E819D8,NOT_EQUIVALENT,Completely different category,CATEGORY_MISMATCH,CAT-MTR
AHM-DUP-52821,AHM-B-A1862D2E,NEAR_DUPLICATE,"Identical MPN, perturbed desc, dropped minor field",NONE,CAT-LUB
GME-ELC-21581,GME-B-175EBD4D,NEAR_DUPLICATE,"Identical MPN, perturbed desc, dropped minor field",NONE,CAT-ELC
BUS-PMP-89515,BUS-B-7634D608,EXACT_DUPLICATE,"Identical MPN/Attributes, perturbed description",NONE,CAT-PMP
CPI-GSK-73782,CPI-B-6FC6F978,RELATED,"Same category/mfg, different size/specs",NONE,CAT-GSK
GME-PPE-90782,GME-B-6EF0FF1D,RELATED,"Same category/mfg, different size/specs",NONE,CAT-PPE
AHM-DUP-80929,AHM-B-777A272A,FUNCTIONALLY_EQUIVALENT,"Different Manufacturer/MPN, identical critical attributes",NONE,CAT-CBL
CPI-INS-40438,CPI-B-0CFC34D8,RELATED,"Same category/mfg, different size/specs",NONE,CAT-INS
CPI-MTR-85399,CPI-B-6D4BB5D8,NEAR_DUPLICATE,"Identical MPN, perturbed desc, dropped minor field",NONE,CAT-MTR
NEC-DUP-55880,NEC-B-4E742D23,FUNCTIONALLY_EQUIVALENT,"Different Manufacturer/MPN, identical critical attributes",NONE,CAT-VLV
AHM-CBL-31082,AHM-B-615FC5C0,EXACT_DUPLICATE,"Identical MPN/Attributes, perturbed description",NONE,CAT-CBL
CPI-FLG-49850,CPI-B-577531F7,FUNCTIONALLY_EQUIVALENT,"Different Manufacturer/MPN, identical critical attributes",NONE,CAT-FLG
NEC-ELC-32483,NEC-B-9AB42868,FUNCTIONALLY_EQUIVALENT,"Different Manufacturer/MPN, identical critical attributes",NONE,CAT-ELC
CPI-INS-54956,CPI-B-4DCD520A,NOT_EQUIVALENT,Completely different category,CATEGORY_MISMATCH,CAT-INS
AHM-DUP-97380,AHM-B-C337B925,RELATED,"Same category/mfg, different size/specs",NONE,CAT-BRG
NEC-GSK-30316,NEC-B-DC8E101B,FUNCTIONALLY_EQUIVALENT,"Different Manufacturer/MPN, identical critical attributes",NONE,CAT-GSK
CPI-DUP-96650,CPI-B-49AE5A13,NEAR_DUPLICATE,"Identical MPN, perturbed desc, dropped minor field",NONE,CAT-GSK
AHM-LUB-48095,AHM-B-CDDE8CF6,RELATED,"Same category/mfg, different size/specs",NONE,CAT-LUB
CPI-BRG-51681,CPI-B-3C4F19CA,REQUIRES_ENGINEERING_REVIEW,Mismatched conditionally critical attribute,seal_type (Conditional),CAT-BRG
GME-FST-61857,GME-B-CA7574C1,EXACT_DUPLICATE,"Identical MPN/Attributes, perturbed description",NONE,CAT-FST
NEC-DUP-48112,NEC-B-05750586,FUNCTIONALLY_EQUIVALENT,"Different Manufacturer/MPN, identical critical attributes",NONE,CAT-PIP
NEC-BRG-18379,NEC-B-FF35A15E,REQUIRES_ENGINEERING_REVIEW,Mismatched conditionally critical attribute,seal_type (Conditional),CAT-BRG
BUS-FLG-85199,BUS-B-2F03ECE0,NEAR_DUPLICATE,"Identical MPN, perturbed desc, dropped minor field",NONE,CAT-FLG
CPI-BRG-69338,CPI-B-12BAE7D3,EXACT_DUPLICATE,"Identical MPN/Attributes, perturbed description",NONE,CAT-BRG
GME-GSK-43247,GME-B-1B99B3AE,EXACT_DUPLICATE,"Identical MPN/Attributes, perturbed description",NONE,CAT-GSK
CPI-BRG-33261,CPI-B-12475949,REQUIRES_ENGINEERING_REVIEW,Mismatched conditionally critical attribute,seal_type (Conditional),CAT-BRG
CPI-BRG-67229,CPI-B-F52DF598,REQUIRES_ENGINEERING_REVIEW,Mismatched conditionally critical attribute,seal_type (Conditional),CAT-BRG
CPI-BRG-25864,CPI-B-2E47E89D,REQUIRES_ENGINEERING_REVIEW,Mismatched conditionally critical attribute,seal_type (Conditional),CAT-BRG
CPI-CBL-51560,CPI-B-8DAE41F6,FUNCTIONALLY_EQUIVALENT,"Different Manufacturer/MPN, identical critical attributes",NONE,CAT-CBL
BUS-PMP-55321,BUS-B-2E38DA4D,NEAR_DUPLICATE,"Identical MPN, perturbed desc, dropped minor field",NONE,CAT-PMP
GME-LUB-16580,GME-B-4C6ADEEA,FUNCTIONALLY_EQUIVALENT,"Different Manufacturer/MPN, identical critical attributes",NONE,CAT-LUB
NEC-VLV-25209,NEC-B-A6EB9A61,FUNCTIONALLY_EQUIVALENT,"Different Manufacturer/MPN, identical critical attributes",NONE,CAT-VLV
NEC-CFL-89125,NEC-B-1FE8BD39,RELATED,"Same category/mfg, different size/specs",NONE,CAT-BRG
GME-MTR-11077,GME-B-E4294756,NOT_EQUIVALENT,"Same category, critical attribute conflict",voltage,CAT-MTR
AHM-VLV-90917,AHM-B-597C246D,EXACT_DUPLICATE,"Identical MPN/Attributes, perturbed description",NONE,CAT-VLV
GME-CBL-40362,GME-B-9AF0B7CD,FUNCTIONALLY_EQUIVALENT,"Different Manufacturer/MPN, identical critical attributes",NONE,CAT-CBL
NEC-CFL-96116,NEC-B-07E9935E,REQUIRES_ENGINEERING_REVIEW,Mismatched conditionally critical attribute,seal_type (Conditional),CAT-BRG
GME-VLV-36951,GME-B-D8E70FA8,NEAR_DUPLICATE,"Identical MPN, perturbed desc, dropped minor field",NONE,CAT-VLV
CPI-DUP-62850,CPI-B-25D04635,NEAR_DUPLICATE,"Identical MPN, perturbed desc, dropped minor field",NONE,CAT-ELC
CPI-PIP-77381,CPI-B-287E32FF,NEAR_DUPLICATE,"Identical MPN, perturbed desc, dropped minor field",NONE,CAT-PIP
BUS-GSK-77551,BUS-B-532B1F77,RELATED,"Same category/mfg, different size/specs",NONE,CAT-GSK
CPI-BRG-13327,CPI-B-425F0309,NEAR_DUPLICATE,"Identical MPN, perturbed desc, dropped minor field",NONE,CAT-BRG
CPI-DUP-81168,CPI-B-3B1413B5,EXACT_DUPLICATE,"Identical MPN/Attributes, perturbed description",NONE,CAT-PPE
GME-BRG-76216,GME-B-B7BC3082,REQUIRES_ENGINEERING_REVIEW,Mismatched conditionally critical attribute,seal_type (Conditional),CAT-BRG
BUS-BRG-49863,BUS-B-2A9707D7,EXACT_DUPLICATE,"Identical MPN/Attributes, perturbed description",NONE,CAT-BRG
AHM-BRG-15698,AHM-B-6D527AAC,REQUIRES_ENGINEERING_REVIEW,Mismatched conditionally critical attribute,seal_type (Conditional),CAT-BRG
NEC-INS-54124,NEC-B-5314B7F6,EXACT_DUPLICATE,"Identical MPN/Attributes, perturbed description",NONE,CAT-INS
CPI-DUP-47906,CPI-B-4168F3CD,FUNCTIONALLY_EQUIVALENT,"Different Manufacturer/MPN, identical critical attributes",NONE,CAT-MTR
NEC-BRG-73117,NEC-B-B5C0FB6F,NEAR_DUPLICATE,"Identical MPN, perturbed desc, dropped minor field",NONE,CAT-BRG
AHM-DUP-88678,AHM-B-D37BE9DA,FUNCTIONALLY_EQUIVALENT,"Different Manufacturer/MPN, identical critical attributes",NONE,CAT-ELC
NEC-CFL-79544,NEC-B-29DD96B8,FUNCTIONALLY_EQUIVALENT,"Different Manufacturer/MPN, identical critical attributes",NONE,CAT-PPE
BUS-GSK-31974,BUS-B-973CE437,RELATED,"Same category/mfg, different size/specs",NONE,CAT-GSK
CPI-DUP-55489,CPI-B-2AC8E4B2,FUNCTIONALLY_EQUIVALENT,"Different Manufacturer/MPN, identical critical attributes",NONE,CAT-INS
CPI-PIP-65938,CPI-B-874D43DE,NOT_EQUIVALENT,Completely different category,CATEGORY_MISMATCH,CAT-PIP
BUS-BRG-45236,BUS-B-CA6122A1,REQUIRES_ENGINEERING_REVIEW,Mismatched conditionally critical attribute,seal_type (Conditional),CAT-BRG
AHM-DUP-57820,AHM-B-3CC4A00B,EXACT_DUPLICATE,"Identical MPN/Attributes, perturbed description",NONE,CAT-ELC
NEC-BRG-23938,NEC-B-59684E71,RELATED,"Same category/mfg, different size/specs",NONE,CAT-BRG
NEC-MTR-12398,NEC-B-D69A920D,EXACT_DUPLICATE,"Identical MPN/Attributes, perturbed description",NONE,CAT-MTR
AHM-ELC-27478,AHM-B-1B0710C7,NOT_EQUIVALENT,Completely different category,CATEGORY_MISMATCH,CAT-ELC
BUS-CFL-10371,BUS-B-830D128F,FUNCTIONALLY_EQUIVALENT,"Different Manufacturer/MPN, identical critical attributes",NONE,CAT-INS
AHM-BRG-51970,AHM-B-546537BD,REQUIRES_ENGINEERING_REVIEW,Mismatched conditionally critical attribute,seal_type (Conditional),CAT-BRG
BUS-FST-35372,BUS-B-AC380598,FUNCTIONALLY_EQUIVALENT,"Different Manufacturer/MPN, identical critical attributes",NONE,CAT-FST
CPI-DUP-77731,CPI-B-6C7E06B4,EXACT_DUPLICATE,"Identical MPN/Attributes, perturbed description",NONE,CAT-GSK
AHM-CFL-70378,AHM-B-24D5E1F8,NOT_EQUIVALENT,Completely different category,CATEGORY_MISMATCH,CAT-PIP
BUS-PPE-68435,BUS-B-A91632D5,NEAR_DUPLICATE,"Identical MPN, perturbed desc, dropped minor field",NONE,CAT-PPE
BUS-MTR-60875,BUS-B-479BB09B,RELATED,"Same category/mfg, different size/specs",NONE,CAT-MTR
GME-MTR-74002,GME-B-350D3738,FUNCTIONALLY_EQUIVALENT,"Different Manufacturer/MPN, identical critical attributes",NONE,CAT-MTR
AHM-PIP-47642,AHM-B-4789355E,EXACT_DUPLICATE,"Identical MPN/Attributes, perturbed description",NONE,CAT-PIP
CPI-CBL-75127,CPI-B-525C72EB,FUNCTIONALLY_EQUIVALENT,"Different Manufacturer/MPN, identical critical attributes",NONE,CAT-CBL
AHM-CFL-77031,AHM-B-6A61E45F,REQUIRES_ENGINEERING_REVIEW,Mismatched conditionally critical attribute,seal_type (Conditional),CAT-BRG
AHM-PIP-28876,AHM-B-3C96D494,NEAR_DUPLICATE,"Identical MPN, perturbed desc, dropped minor field",NONE,CAT-PIP
BUS-INS-11204,BUS-B-FB30BC0F,FUNCTIONALLY_EQUIVALENT,"Different Manufacturer/MPN, identical critical attributes",NONE,CAT-INS
AHM-CBL-11558,AHM-B-FD67083C,NOT_EQUIVALENT,Completely different category,CATEGORY_MISMATCH,CAT-CBL
CPI-PPE-22220,CPI-B-7786E712,FUNCTIONALLY_EQUIVALENT,"Different Manufacturer/MPN, identical critical attributes",NONE,CAT-PPE
GME-INS-38673,GME-B-A1F08EC3,EXACT_DUPLICATE,"Identical MPN/Attributes, perturbed description",NONE,CAT-INS
AHM-CFL-59954,AHM-B-E066771C,REQUIRES_ENGINEERING_REVIEW,Mismatched conditionally critical attribute,seal_type (Conditional),CAT-BRG
AHM-FLG-17386,AHM-B-F325372F,NOT_EQUIVALENT,Completely different category,CATEGORY_MISMATCH,CAT-FLG
CPI-FLG-38058,CPI-B-62156BF5,RELATED,"Same category/mfg, different size/specs",NONE,CAT-FLG
GME-PPE-95430,GME-B-98313EB7,EXACT_DUPLICATE,"Identical MPN/Attributes, perturbed description",NONE,CAT-PPE
AHM-PIP-13303,AHM-B-F3C86DEB,EXACT_DUPLICATE,"Identical MPN/Attributes, perturbed description",NONE,CAT-PIP
NEC-MTR-14911,NEC-B-D15C3D35,NOT_EQUIVALENT,"Same category, critical attribute conflict",voltage,CAT-MTR
GME-PIP-59772,GME-B-76898C62,NOT_EQUIVALENT,Completely different category,CATEGORY_MISMATCH,CAT-PIP
CPI-PIP-57258,CPI-B-49AA2449,NOT_EQUIVALENT,Completely different category,CATEGORY_MISMATCH,CAT-PIP
GME-ELC-58759,GME-B-A59E36A2,RELATED,"Same category/mfg, different size/specs",NONE,CAT-ELC
AHM-CFL-56068,AHM-B-ABD5CADC,EXACT_DUPLICATE,"Identical MPN/Attributes, perturbed description",NONE,CAT-LUB
NEC-ELC-56011,NEC-B-5AE4B9A1,RELATED,"Same category/mfg, different size/specs",NONE,CAT-ELC
CPI-CBL-34147,CPI-B-432292B4,RELATED,"Same category/mfg, different size/specs",NONE,CAT-CBL
BUS-FLG-16869,BUS-B-64750BB3,NEAR_DUPLICATE,"Identical MPN, perturbed desc, dropped minor field",NONE,CAT-FLG
NEC-BRG-26542,NEC-B-48E5FDA7,NOT_EQUIVALENT,"Same category, critical attribute conflict",NONE,CAT-BRG
AHM-MTR-77620,AHM-B-D504B72C,NEAR_DUPLICATE,"Identical MPN, perturbed desc, dropped minor field",NONE,CAT-MTR
NEC-DUP-21834,NEC-B-43E95A6C,REQUIRES_ENGINEERING_REVIEW,Mismatched conditionally critical attribute,seal_type (Conditional),CAT-BRG
CPI-FST-49795,CPI-B-4B408122,FUNCTIONALLY_EQUIVALENT,"Different Manufacturer/MPN, identical critical attributes",NONE,CAT-FST
NEC-DUP-42604,NEC-B-F9CA0918,REQUIRES_ENGINEERING_REVIEW,Mismatched conditionally critical attribute,seal_type (Conditional),CAT-BRG
CPI-ELC-28731,CPI-B-4B793970,NEAR_DUPLICATE,"Identical MPN, perturbed desc, dropped minor field",NONE,CAT-ELC
NEC-GSK-60384,NEC-B-587B6DEF,EXACT_DUPLICATE,"Identical MPN/Attributes, perturbed description",NONE,CAT-GSK
CPI-GSK-37570,CPI-B-615C4CC2,RELATED,"Same category/mfg, different size/specs",NONE,CAT-GSK
BUS-PIP-91433,BUS-B-4A9341CF,NEAR_DUPLICATE,"Identical MPN, perturbed desc, dropped minor field",NONE,CAT-PIP
NEC-BRG-97071,NEC-B-26F2CA57,REQUIRES_ENGINEERING_REVIEW,Mismatched conditionally critical attribute,seal_type (Conditional),CAT-BRG
BUS-PMP-82475,BUS-B-29C7854C,EXACT_DUPLICATE,"Identical MPN/Attributes, perturbed description",NONE,CAT-PMP
GME-INS-39080,GME-B-2CDD30C7,FUNCTIONALLY_EQUIVALENT,"Different Manufacturer/MPN, identical critical attributes",NONE,CAT-INS
GME-BRG-65464,GME-B-240200CE,REQUIRES_ENGINEERING_REVIEW,Mismatched conditionally critical attribute,seal_type (Conditional),CAT-BRG
GME-FLG-88903,GME-B-9B55B2C8,NOT_EQUIVALENT,Completely different category,CATEGORY_MISMATCH,CAT-FLG
NEC-VLV-72666,NEC-B-7D5AD049,FUNCTIONALLY_EQUIVALENT,"Different Manufacturer/MPN, identical critical attributes",NONE,CAT-VLV
CPI-BRG-23769,CPI-B-6782B254,REQUIRES_ENGINEERING_REVIEW,Mismatched conditionally critical attribute,seal_type (Conditional),CAT-BRG
GME-GSK-40100,GME-B-B7B34DD3,NEAR_DUPLICATE,"Identical MPN, perturbed desc, dropped minor field",NONE,CAT-GSK
BUS-FLG-14870,BUS-B-8B42ACBE,NOT_EQUIVALENT,"Same category, critical attribute conflict",NONE,CAT-FLG
GME-FLG-87891,GME-B-E88D90E9,EXACT_DUPLICATE,"Identical MPN/Attributes, perturbed description",NONE,CAT-FLG
CPI-CBL-25907,CPI-B-0244D7EE,FUNCTIONALLY_EQUIVALENT,"Different Manufacturer/MPN, identical critical attributes",NONE,CAT-CBL
GME-CBL-69366,GME-B-8B041B0F,EXACT_DUPLICATE,"Identical MPN/Attributes, perturbed description",NONE,CAT-CBL
NEC-PIP-17933,NEC-B-80D6706B,NEAR_DUPLICATE,"Identical MPN, perturbed desc, dropped minor field",NONE,CAT-PIP
NEC-CFL-10659,NEC-B-57D1FA93,NEAR_DUPLICATE,"Identical MPN, perturbed desc, dropped minor field",NONE,CAT-FST
AHM-VLV-58590,AHM-B-24E8AA02,FUNCTIONALLY_EQUIVALENT,"Different Manufacturer/MPN, identical critical attributes",NONE,CAT-VLV
CPI-VLV-35631,CPI-B-6446E4A5,EXACT_DUPLICATE,"Identical MPN/Attributes, perturbed description",NONE,CAT-VLV
BUS-CBL-42052,BUS-B-08F52429,FUNCTIONALLY_EQUIVALENT,"Different Manufacturer/MPN, identical critical attributes",NONE,CAT-CBL
GME-BRG-75111,GME-B-E7950B4A,NEAR_DUPLICATE,"Identical MPN, perturbed desc, dropped minor field",NONE,CAT-BRG
GME-BRG-73412,GME-B-06CB20E9,REQUIRES_ENGINEERING_REVIEW,Mismatched conditionally critical attribute,seal_type (Conditional),CAT-BRG
GME-BRG-58628,GME-B-F099AD11,REQUIRES_ENGINEERING_REVIEW,Mismatched conditionally critical attribute,seal_type (Conditional),CAT-BRG
NEC-INS-99031,NEC-B-5E061392,NOT_EQUIVALENT,Completely different category,CATEGORY_MISMATCH,CAT-INS
AHM-DUP-18756,AHM-B-DFB3D782,NOT_EQUIVALENT,Completely different category,CATEGORY_MISMATCH,CAT-LUB
AHM-BRG-19891,AHM-B-CB0A1D9C,REQUIRES_ENGINEERING_REVIEW,Mismatched conditionally critical attribute,seal_type (Conditional),CAT-BRG
CPI-BRG-27694,CPI-B-4EACCFFE,NEAR_DUPLICATE,"Identical MPN, perturbed desc, dropped minor field",NONE,CAT-BRG
GME-PIP-38718,GME-B-F3BCC6CD,NEAR_DUPLICATE,"Identical MPN, perturbed desc, dropped minor field",NONE,CAT-PIP
AHM-FST-50216,AHM-B-9661A529,FUNCTIONALLY_EQUIVALENT,"Different Manufacturer/MPN, identical critical attributes",NONE,CAT-FST
AHM-VLV-29442,AHM-B-FD736070,EXACT_DUPLICATE,"Identical MPN/Attributes, perturbed description",NONE,CAT-VLV
NEC-PPE-32192,NEC-B-6972846B,NEAR_DUPLICATE,"Identical MPN, perturbed desc, dropped minor field",NONE,CAT-PPE
NEC-GSK-61601,NEC-B-0019E95F,NOT_EQUIVALENT,"Same category, critical attribute conflict",NONE,CAT-GSK
AHM-CFL-10677,AHM-B-80C221BF,EXACT_DUPLICATE,"Identical MPN/Attributes, perturbed description",NONE,CAT-PMP
NEC-GSK-60127,NEC-B-19288C3A,NOT_EQUIVALENT,Completely different category,CATEGORY_MISMATCH,CAT-GSK
AHM-DUP-52556,AHM-B-5487E695,REQUIRES_ENGINEERING_REVIEW,Mismatched conditionally critical attribute,seal_type (Conditional),CAT-BRG
BUS-CFL-56237,BUS-B-31AC0CFD,FUNCTIONALLY_EQUIVALENT,"Different Manufacturer/MPN, identical critical attributes",NONE,CAT-PPE
BUS-MTR-32670,BUS-B-B65CB429,NOT_EQUIVALENT,Completely different category,CATEGORY_MISMATCH,CAT-MTR
NEC-CFL-20402,NEC-B-8075A702,EXACT_DUPLICATE,"Identical MPN/Attributes, perturbed description",NONE,CAT-FST
CPI-LUB-74165,CPI-B-B104F0CC,FUNCTIONALLY_EQUIVALENT,"Different Manufacturer/MPN, identical critical attributes",NONE,CAT-LUB
GME-PMP-40782,GME-B-6F8C213D,FUNCTIONALLY_EQUIVALENT,"Different Manufacturer/MPN, identical critical attributes",NONE,CAT-PMP
GME-FLG-85440,GME-B-466E7D39,NOT_EQUIVALENT,"Same category, critical attribute conflict",NONE,CAT-FLG
BUS-DUP-36433,BUS-B-2695859E,EXACT_DUPLICATE,"Identical MPN/Attributes, perturbed description",NONE,CAT-GSK
NEC-ELC-74728,NEC-B-60C1B7D9,EXACT_DUPLICATE,"Identical MPN/Attributes, perturbed description",NONE,CAT-ELC
NEC-INS-31735,NEC-B-E0FBA2A9,FUNCTIONALLY_EQUIVALENT,"Different Manufacturer/MPN, identical critical attributes",NONE,CAT-INS
GME-PIP-77842,GME-B-8FC0A4D3,EXACT_DUPLICATE,"Identical MPN/Attributes, perturbed description",NONE,CAT-PIP
CPI-BRG-53324,CPI-B-70C37832,REQUIRES_ENGINEERING_REVIEW,Mismatched conditionally critical attribute,seal_type (Conditional),CAT-BRG
BUS-VLV-94347,BUS-B-8460F79B,EXACT_DUPLICATE,"Identical MPN/Attributes, perturbed description",NONE,CAT-VLV
NEC-VLV-69158,NEC-B-6F33F693,RELATED,"Same category/mfg, different size/specs",NONE,CAT-VLV
GME-GSK-98720,GME-B-FEB72696,EXACT_DUPLICATE,"Identical MPN/Attributes, perturbed description",NONE,CAT-GSK
CPI-FST-63320,CPI-B-530BB670,NEAR_DUPLICATE,"Identical MPN, perturbed desc, dropped minor field",NONE,CAT-FST
GME-ELC-23301,GME-B-A1E6C864,RELATED,"Same category/mfg, different size/specs",NONE,CAT-ELC
CPI-DUP-25137,CPI-B-4F360865,EXACT_DUPLICATE,"Identical MPN/Attributes, perturbed description",NONE,CAT-INS
BUS-FST-36534,BUS-B-6B59C759,NEAR_DUPLICATE,"Identical MPN, perturbed desc, dropped minor field",NONE,CAT-FST
BUS-DUP-63524,BUS-B-4C7C0645,EXACT_DUPLICATE,"Identical MPN/Attributes, perturbed description",NONE,CAT-ELC
CPI-MTR-76002,CPI-B-FF988795,RELATED,"Same category/mfg, different size/specs",NONE,CAT-MTR
GME-BRG-75111,GME-B-69912ABB,NOT_EQUIVALENT,Completely different category,CATEGORY_MISMATCH,CAT-BRG
CPI-CFL-20049,CPI-B-A87FD1B3,REQUIRES_ENGINEERING_REVIEW,Mismatched conditionally critical attribute,seal_type (Conditional),CAT-BRG
AHM-MTR-97259,AHM-B-6E51791C,NOT_EQUIVALENT,"Same category, critical attribute conflict",frequency,CAT-MTR
CPI-BRG-75568,CPI-B-16AFD623,NOT_EQUIVALENT,"Same category, critical attribute conflict",NONE,CAT-BRG
BUS-DUP-25046,BUS-B-F11E5ED7,RELATED,"Same category/mfg, different size/specs",NONE,CAT-VLV
AHM-LUB-40976,AHM-B-B3A4203F,EXACT_DUPLICATE,"Identical MPN/Attributes, perturbed description",NONE,CAT-LUB
GME-PIP-31206,GME-B-32FE7FA0,NOT_EQUIVALENT,"Same category, critical attribute conflict",material_grade,CAT-PIP
NEC-MTR-11779,NEC-B-B4C65454,NOT_EQUIVALENT,"Same category, critical attribute conflict",frequency,CAT-MTR
NEC-FST-70960,NEC-B-81C5F6BE,EXACT_DUPLICATE,"Identical MPN/Attributes, perturbed description",NONE,CAT-FST
GME-BRG-37565,GME-B-12FAAF3F,REQUIRES_ENGINEERING_REVIEW,Mismatched conditionally critical attribute,seal_type (Conditional),CAT-BRG
BUS-MTR-31398,BUS-B-1EC71CD8,EXACT_DUPLICATE,"Identical MPN/Attributes, perturbed description",NONE,CAT-MTR
GME-INS-45075,GME-B-3290710B,NOT_EQUIVALENT,"Same category, critical attribute conflict",NONE,CAT-INS
GME-DUP-58475,GME-B-3506D334,NEAR_DUPLICATE,"Identical MPN, perturbed desc, dropped minor field",NONE,CAT-GSK
BUS-MTR-81725,BUS-B-3660F9E7,NEAR_DUPLICATE,"Identical MPN, perturbed desc, dropped minor field",NONE,CAT-MTR
NEC-MTR-66574,NEC-B-BC3B843D,EXACT_DUPLICATE,"Identical MPN/Attributes, perturbed description",NONE,CAT-MTR
CPI-DUP-82424,CPI-B-6F3C24B9,NOT_EQUIVALENT,Completely different category,CATEGORY_MISMATCH,CAT-PIP
CPI-PMP-55814,CPI-B-66C622C8,NEAR_DUPLICATE,"Identical MPN, perturbed desc, dropped minor field",NONE,CAT-PMP
CPI-BRG-18637,CPI-B-199B1B9B,REQUIRES_ENGINEERING_REVIEW,Mismatched conditionally critical attribute,seal_type (Conditional),CAT-BRG
AHM-DUP-85939,AHM-B-38A0121A,RELATED,"Same category/mfg, different size/specs",NONE,CAT-FLG
NEC-CBL-18416,NEC-B-07E4E8EE,RELATED,"Same category/mfg, different size/specs",NONE,CAT-CBL
BUS-CFL-98074,BUS-B-C709A630,EXACT_DUPLICATE,"Identical MPN/Attributes, perturbed description",NONE,CAT-FLG
NEC-DUP-46174,NEC-B-D6D84A25,FUNCTIONALLY_EQUIVALENT,"Different Manufacturer/MPN, identical critical attributes",NONE,CAT-MTR
GME-CBL-47200,GME-B-1439B53F,RELATED,"Same category/mfg, different size/specs",NONE,CAT-CBL
GME-BRG-78686,GME-B-0D1369C4,REQUIRES_ENGINEERING_REVIEW,Mismatched conditionally critical attribute,seal_type (Conditional),CAT-BRG
AHM-DUP-24979,AHM-B-584D4F76,FUNCTIONALLY_EQUIVALENT,"Different Manufacturer/MPN, identical critical attributes",NONE,CAT-FST
GME-BRG-26384,GME-B-B347EF5E,REQUIRES_ENGINEERING_REVIEW,Mismatched conditionally critical attribute,seal_type (Conditional),CAT-BRG
BUS-DUP-56619,BUS-B-2432EDF5,FUNCTIONALLY_EQUIVALENT,"Different Manufacturer/MPN, identical critical attributes",NONE,CAT-ELC
AHM-LUB-75664,AHM-B-5C56B440,NOT_EQUIVALENT,Completely different category,CATEGORY_MISMATCH,CAT-LUB
AHM-BRG-17123,AHM-B-9E857FFA,FUNCTIONALLY_EQUIVALENT,"Different Manufacturer/MPN, identical critical attributes",NONE,CAT-BRG
CPI-CFL-21694,CPI-B-EFC04560,NOT_EQUIVALENT,Completely different category,CATEGORY_MISMATCH,CAT-GSK
NEC-VLV-92997,NEC-B-4B8DBDE4,NEAR_DUPLICATE,"Identical MPN, perturbed desc, dropped minor field",NONE,CAT-VLV
AHM-BRG-16298,AHM-B-50A52750,REQUIRES_ENGINEERING_REVIEW,Mismatched conditionally critical attribute,seal_type (Conditional),CAT-BRG
NEC-GSK-36441,NEC-B-8766C7B9,NOT_EQUIVALENT,"Same category, critical attribute conflict",NONE,CAT-GSK
CPI-BRG-77630,CPI-B-82056CBB,REQUIRES_ENGINEERING_REVIEW,Mismatched conditionally critical attribute,seal_type (Conditional),CAT-BRG
GME-PPE-88049,GME-B-DB1035F2,NOT_EQUIVALENT,Completely different category,CATEGORY_MISMATCH,CAT-PPE
AHM-BRG-40356,AHM-B-89CF878C,EXACT_DUPLICATE,"Identical MPN/Attributes, perturbed description",NONE,CAT-BRG
CPI-PPE-90443,CPI-B-48A75DA2,EXACT_DUPLICATE,"Identical MPN/Attributes, perturbed description",NONE,CAT-PPE
BUS-LUB-90427,BUS-B-B0CB1AF6,FUNCTIONALLY_EQUIVALENT,"Different Manufacturer/MPN, identical critical attributes",NONE,CAT-LUB
AHM-BRG-67438,AHM-B-EE950F68,REQUIRES_ENGINEERING_REVIEW,Mismatched conditionally critical attribute,seal_type (Conditional),CAT-BRG
BUS-PMP-94493,BUS-B-0E763AA2,NEAR_DUPLICATE,"Identical MPN, perturbed desc, dropped minor field",NONE,CAT-PMP
BUS-CBL-87894,BUS-B-5BD1967F,EXACT_DUPLICATE,"Identical MPN/Attributes, perturbed description",NONE,CAT-CBL
NEC-DUP-63300,NEC-B-0C614C05,EXACT_DUPLICATE,"Identical MPN/Attributes, perturbed description",NONE,CAT-BRG
BUS-DUP-12898,BUS-B-93602E40,REQUIRES_ENGINEERING_REVIEW,Mismatched conditionally critical attribute,seal_type (Conditional),CAT-BRG
CPI-LUB-66170,CPI-B-DD73B7B8,NOT_EQUIVALENT,"Same category, critical attribute conflict",NONE,CAT-LUB
CPI-CBL-88302,CPI-B-EE644936,NEAR_DUPLICATE,"Identical MPN, perturbed desc, dropped minor field",NONE,CAT-CBL
NEC-CFL-74050,NEC-B-56E91D2F,REQUIRES_ENGINEERING_REVIEW,Mismatched conditionally critical attribute,seal_type (Conditional),CAT-BRG
NEC-LUB-44710,NEC-B-16442BC6,FUNCTIONALLY_EQUIVALENT,"Different Manufacturer/MPN, identical critical attributes",NONE,CAT-LUB
BUS-DUP-93634,BUS-B-7EEA9568,REQUIRES_ENGINEERING_REVIEW,Mismatched conditionally critical attribute,seal_type (Conditional),CAT-BRG
GME-CFL-32870,GME-B-78CA9480,NEAR_DUPLICATE,"Identical MPN, perturbed desc, dropped minor field",NONE,CAT-LUB
NEC-DUP-91993,NEC-B-DCCDF45C,NEAR_DUPLICATE,"Identical MPN, perturbed desc, dropped minor field",NONE,CAT-CBL
CPI-FST-73721,CPI-B-8706E0BE,RELATED,"Same category/mfg, different size/specs",NONE,CAT-FST
NEC-DUP-19660,NEC-B-15BF5C73,NOT_EQUIVALENT,"Same category, critical attribute conflict",NONE,CAT-PMP
CPI-LUB-13030,CPI-B-64A1849C,FUNCTIONALLY_EQUIVALENT,"Different Manufacturer/MPN, identical critical attributes",NONE,CAT-LUB
GME-PMP-82328,GME-B-5B0E5ED2,RELATED,"Same category/mfg, different size/specs",NONE,CAT-PMP
BUS-ELC-60751,BUS-B-65CDCC57,NEAR_DUPLICATE,"Identical MPN, perturbed desc, dropped minor field",NONE,CAT-ELC
BUS-BRG-20714,BUS-B-18A8A136,REQUIRES_ENGINEERING_REVIEW,Mismatched conditionally critical attribute,seal_type (Conditional),CAT-BRG
BUS-MTR-81725,BUS-B-967830E4,EXACT_DUPLICATE,"Identical MPN/Attributes, perturbed description",NONE,CAT-MTR
BUS-DUP-38184,BUS-B-FDCC2BC6,NOT_EQUIVALENT,"Same category, critical attribute conflict",diameter,CAT-PIP
AHM-VLV-99359,AHM-B-90A710F9,NOT_EQUIVALENT,Completely different category,CATEGORY_MISMATCH,CAT-VLV
BUS-BRG-13348,BUS-B-C0A851D5,RELATED,"Same category/mfg, different size/specs",NONE,CAT-BRG
GME-ELC-67083,GME-B-F88D7667,FUNCTIONALLY_EQUIVALENT,"Different Manufacturer/MPN, identical critical attributes",NONE,CAT-ELC
NEC-CFL-62454,NEC-B-78EFF686,EXACT_DUPLICATE,"Identical MPN/Attributes, perturbed description",NONE,CAT-INS
AHM-ELC-46624,AHM-B-E4391A5E,FUNCTIONALLY_EQUIVALENT,"Different Manufacturer/MPN, identical critical attributes",NONE,CAT-ELC
AHM-BRG-12608,AHM-B-AA116810,REQUIRES_ENGINEERING_REVIEW,Mismatched conditionally critical attribute,seal_type (Conditional),CAT-BRG
AHM-FST-14959,AHM-B-250AED97,FUNCTIONALLY_EQUIVALENT,"Different Manufacturer/MPN, identical critical attributes",NONE,CAT-FST
CPI-DUP-51360,CPI-B-FBDE12BD,NOT_EQUIVALENT,Completely different category,CATEGORY_MISMATCH,CAT-INS
GME-MTR-76183,GME-B-201FBB99,NEAR_DUPLICATE,"Identical MPN, perturbed desc, dropped minor field",NONE,CAT-MTR
BUS-INS-94811,BUS-B-876F120F,RELATED,"Same category/mfg, different size/specs",NONE,CAT-INS
GME-BRG-11199,GME-B-0EC66949,REQUIRES_ENGINEERING_REVIEW,Mismatched conditionally critical attribute,seal_type (Conditional),CAT-BRG
GME-VLV-37787,GME-B-334A0980,FUNCTIONALLY_EQUIVALENT,"Different Manufacturer/MPN, identical critical attributes",NONE,CAT-VLV
BUS-PMP-95513,BUS-B-030F3CAE,NEAR_DUPLICATE,"Identical MPN, perturbed desc, dropped minor field",NONE,CAT-PMP
CPI-CFL-62203,CPI-B-02EDB00D,FUNCTIONALLY_EQUIVALENT,"Different Manufacturer/MPN, identical critical attributes",NONE,CAT-FST
NEC-FST-68870,NEC-B-4F898A29,EXACT_DUPLICATE,"Identical MPN/Attributes, perturbed description",NONE,CAT-FST
NEC-ELC-61398,NEC-B-30C887C9,NEAR_DUPLICATE,"Identical MPN, perturbed desc, dropped minor field",NONE,CAT-ELC
NEC-PPE-79818,NEC-B-0FA901B9,RELATED,"Same category/mfg, different size/specs",NONE,CAT-PPE
CPI-BRG-74887,CPI-B-6AB7583B,REQUIRES_ENGINEERING_REVIEW,Mismatched conditionally critical attribute,seal_type (Conditional),CAT-BRG
NEC-FST-80771,NEC-B-4017C1C3,NEAR_DUPLICATE,"Identical MPN, perturbed desc, dropped minor field",NONE,CAT-FST
CPI-INS-99837,CPI-B-9704588C,EXACT_DUPLICATE,"Identical MPN/Attributes, perturbed description",NONE,CAT-INS
BUS-CFL-90824,BUS-B-E9B7EC60,NOT_EQUIVALENT,Completely different category,CATEGORY_MISMATCH,CAT-PIP
NEC-BRG-36517,NEC-B-9490F780,REQUIRES_ENGINEERING_REVIEW,Mismatched conditionally critical attribute,seal_type (Conditional),CAT-BRG
NEC-ELC-27548,NEC-B-B8DC92EF,NEAR_DUPLICATE,"Identical MPN, perturbed desc, dropped minor field",NONE,CAT-ELC
AHM-FST-11045,AHM-B-75CE1C98,FUNCTIONALLY_EQUIVALENT,"Different Manufacturer/MPN, identical critical attributes",NONE,CAT-FST
CPI-ELC-85860,CPI-B-E9EE45DD,NOT_EQUIVALENT,"Same category, critical attribute conflict",NONE,CAT-ELC
GME-INS-96609,GME-B-735EE9DE,NOT_EQUIVALENT,Completely different category,CATEGORY_MISMATCH,CAT-INS
BUS-VLV-52535,BUS-B-B87467BF,FUNCTIONALLY_EQUIVALENT,"Different Manufacturer/MPN, identical critical attributes",NONE,CAT-VLV
CPI-BRG-32839,CPI-B-321A612B,REQUIRES_ENGINEERING_REVIEW,Mismatched conditionally critical attribute,seal_type (Conditional),CAT-BRG
NEC-FLG-87710,NEC-B-D490C388,RELATED,"Same category/mfg, different size/specs",NONE,CAT-FLG
AHM-MTR-43560,AHM-B-F318B3A4,NOT_EQUIVALENT,"Same category, critical attribute conflict",voltage,CAT-MTR
BUS-INS-99110,BUS-B-4956AD11,NOT_EQUIVALENT,Completely different category,CATEGORY_MISMATCH,CAT-INS
CPI-CFL-99528,CPI-B-CF0630D2,NOT_EQUIVALENT,Completely different category,CATEGORY_MISMATCH,CAT-PMP
BUS-PMP-67290,BUS-B-780269D9,NOT_EQUIVALENT,"Same category, critical attribute conflict",NONE,CAT-PMP
GME-INS-94818,GME-B-88E5535E,RELATED,"Same category/mfg, different size/specs",NONE,CAT-INS
NEC-FST-45039,NEC-B-BBECAA73,NEAR_DUPLICATE,"Identical MPN, perturbed desc, dropped minor field",NONE,CAT-FST
CPI-BRG-68757,CPI-B-C3EA10D9,REQUIRES_ENGINEERING_REVIEW,Mismatched conditionally critical attribute,seal_type (Conditional),CAT-BRG
AHM-INS-48364,AHM-B-0BF86347,EXACT_DUPLICATE,"Identical MPN/Attributes, perturbed description",NONE,CAT-INS
BUS-PPE-40736,BUS-B-F6B56CE5,NEAR_DUPLICATE,"Identical MPN, perturbed desc, dropped minor field",NONE,CAT-PPE
AHM-BRG-33590,AHM-B-C2FDE8DC,REQUIRES_ENGINEERING_REVIEW,Mismatched conditionally critical attribute,seal_type (Conditional),CAT-BRG
GME-MTR-54752,GME-B-BE4C50DA,NOT_EQUIVALENT,"Same category, critical attribute conflict",power,CAT-MTR
AHM-DUP-73634,AHM-B-BE78979E,NOT_EQUIVALENT,"Same category, critical attribute conflict",NONE,CAT-CBL
BUS-PPE-28662,BUS-B-7CF3CB10,NEAR_DUPLICATE,"Identical MPN, perturbed desc, dropped minor field",NONE,CAT-PPE
AHM-CFL-59954,AHM-B-207498A9,REQUIRES_ENGINEERING_REVIEW,Mismatched conditionally critical attribute,seal_type (Conditional),CAT-BRG
NEC-FLG-94233,NEC-B-2BFA2E6E,NOT_EQUIVALENT,"Same category, critical attribute conflict",NONE,CAT-FLG
CPI-ELC-77161,CPI-B-4F9BC1EB,NEAR_DUPLICATE,"Identical MPN, perturbed desc, dropped minor field",NONE,CAT-ELC
NEC-CFL-18492,NEC-B-702E6765,NOT_EQUIVALENT,Completely different category,CATEGORY_MISMATCH,CAT-CBL
GME-BRG-26384,GME-B-36703953,REQUIRES_ENGINEERING_REVIEW,Mismatched conditionally critical attribute,seal_type (Conditional),CAT-BRG
GME-ELC-90335,GME-B-B6448EAF,EXACT_DUPLICATE,"Identical MPN/Attributes, perturbed description",NONE,CAT-ELC
CPI-GSK-57636,CPI-B-E8AC9A19,NOT_EQUIVALENT,Completely different category,CATEGORY_MISMATCH,CAT-GSK
NEC-LUB-84697,NEC-B-DF63D36F,EXACT_DUPLICATE,"Identical MPN/Attributes, perturbed description",NONE,CAT-LUB
BUS-VLV-17191,BUS-B-A76C6D71,NOT_EQUIVALENT,"Same category, critical attribute conflict",size,CAT-VLV
BUS-BRG-12021,BUS-B-CA6CA30B,REQUIRES_ENGINEERING_REVIEW,Mismatched conditionally critical attribute,seal_type (Conditional),CAT-BRG
BUS-PIP-69141,BUS-B-E22935B9,RELATED,"Same category/mfg, different size/specs",NONE,CAT-PIP
NEC-INS-34828,NEC-B-063B60AD,NEAR_DUPLICATE,"Identical MPN, perturbed desc, dropped minor field",NONE,CAT-INS
BUS-BRG-61983,BUS-B-367073C6,FUNCTIONALLY_EQUIVALENT,"Different Manufacturer/MPN, identical critical attributes",NONE,CAT-BRG
CPI-BRG-99045,CPI-B-7E40AEE6,REQUIRES_ENGINEERING_REVIEW,Mismatched conditionally critical attribute,seal_type (Conditional),CAT-BRG
NEC-FST-83587,NEC-B-81FE4CC6,RELATED,"Same category/mfg, different size/specs",NONE,CAT-FST
GME-FST-52413,GME-B-B8DA0771,EXACT_DUPLICATE,"Identical MPN/Attributes, perturbed description",NONE,CAT-FST
BUS-BRG-47562,BUS-B-DFCDB741,NEAR_DUPLICATE,"Identical MPN, perturbed desc, dropped minor field",NONE,CAT-BRG
AHM-VLV-23531,AHM-B-2456B2A7,RELATED,"Same category/mfg, different size/specs",NONE,CAT-VLV
NEC-MTR-33584,NEC-B-15AD847E,NOT_EQUIVALENT,"Same category, critical attribute conflict",voltage,CAT-MTR
BUS-BRG-27503,BUS-B-D18CD717,REQUIRES_ENGINEERING_REVIEW,Mismatched conditionally critical attribute,seal_type (Conditional),CAT-BRG
AHM-DUP-22646,AHM-B-6DDD7E4D,EXACT_DUPLICATE,"Identical MPN/Attributes, perturbed description",NONE,CAT-MTR
CPI-BRG-34753,CPI-B-EAA09503,RELATED,"Same category/mfg, different size/specs",NONE,CAT-BRG
NEC-BRG-25216,NEC-B-DCD226C4,REQUIRES_ENGINEERING_REVIEW,Mismatched conditionally critical attribute,seal_type (Conditional),CAT-BRG
NEC-BRG-32715,NEC-B-8633D518,REQUIRES_ENGINEERING_REVIEW,Mismatched conditionally critical attribute,seal_type (Conditional),CAT-BRG
NEC-CFL-82809,NEC-B-0C80DC7D,FUNCTIONALLY_EQUIVALENT,"Different Manufacturer/MPN, identical critical attributes",NONE,CAT-INS
NEC-ELC-69734,NEC-B-45BD1EC1,RELATED,"Same category/mfg, different size/specs",NONE,CAT-ELC
AHM-MTR-57565,AHM-B-BE661443,NOT_EQUIVALENT,"Same category, critical attribute conflict",frequency,CAT-MTR
NEC-BRG-49390,NEC-B-F633E4BF,REQUIRES_ENGINEERING_REVIEW,Mismatched conditionally critical attribute,seal_type (Conditional),CAT-BRG
GME-DUP-48691,GME-B-1B7A8186,EXACT_DUPLICATE,"Identical MPN/Attributes, perturbed description",NONE,CAT-FLG
BUS-CFL-54536,BUS-B-46F30744,RELATED,"Same category/mfg, different size/specs",NONE,CAT-VLV
AHM-DUP-97380,AHM-B-1EDD9806,REQUIRES_ENGINEERING_REVIEW,Mismatched conditionally critical attribute,seal_type (Conditional),CAT-BRG
BUS-MTR-24467,BUS-B-699CFF34,EXACT_DUPLICATE,"Identical MPN/Attributes, perturbed description",NONE,CAT-MTR
CPI-VLV-60758,CPI-B-3C0AA615,NEAR_DUPLICATE,"Identical MPN, perturbed desc, dropped minor field",NONE,CAT-VLV
AHM-INS-85549,AHM-B-2D8FFFC4,NOT_EQUIVALENT,"Same category, critical attribute conflict",NONE,CAT-INS
BUS-FST-73034,BUS-B-828B5296,RELATED,"Same category/mfg, different size/specs",NONE,CAT-FST
NEC-INS-31735,NEC-B-AF4AE10B,NOT_EQUIVALENT,Completely different category,CATEGORY_MISMATCH,CAT-INS
BUS-DUP-27237,BUS-B-8C54D53A,FUNCTIONALLY_EQUIVALENT,"Different Manufacturer/MPN, identical critical attributes",NONE,CAT-GSK
NEC-CFL-96116,NEC-B-B90C63BA,REQUIRES_ENGINEERING_REVIEW,Mismatched conditionally critical attribute,seal_type (Conditional),CAT-BRG
GME-BRG-17296,GME-B-6BC43790,REQUIRES_ENGINEERING_REVIEW,Mismatched conditionally critical attribute,seal_type (Conditional),CAT-BRG
AHM-BRG-59838,AHM-B-0E736B5F,REQUIRES_ENGINEERING_REVIEW,Mismatched conditionally critical attribute,seal_type (Conditional),CAT-BRG
CPI-LUB-92350,CPI-B-6E378757,NOT_EQUIVALENT,"Same category, critical attribute conflict",NONE,CAT-LUB
AHM-INS-50193,AHM-B-620A6020,FUNCTIONALLY_EQUIVALENT,"Different Manufacturer/MPN, identical critical attributes",NONE,CAT-INS
BUS-CBL-50729,BUS-B-4E1E9BEA,EXACT_DUPLICATE,"Identical MPN/Attributes, perturbed description",NONE,CAT-CBL
GME-GSK-33595,GME-B-AB85677D,RELATED,"Same category/mfg, different size/specs",NONE,CAT-GSK
AHM-CFL-92122,AHM-B-9EBC53C5,NEAR_DUPLICATE,"Identical MPN, perturbed desc, dropped minor field",NONE,CAT-GSK
NEC-BRG-68047,NEC-B-84B6BF67,NOT_EQUIVALENT,Completely different category,CATEGORY_MISMATCH,CAT-BRG
GME-CBL-54599,GME-B-D7C18DC6,EXACT_DUPLICATE,"Identical MPN/Attributes, perturbed description",NONE,CAT-CBL
CPI-FST-49795,CPI-B-7394248C,FUNCTIONALLY_EQUIVALENT,"Different Manufacturer/MPN, identical critical attributes",NONE,CAT-FST
NEC-DUP-71312,NEC-B-0B748746,RELATED,"Same category/mfg, different size/specs",NONE,CAT-LUB
CPI-CFL-36788,CPI-B-8FF0B0DA,NOT_EQUIVALENT,Completely different category,CATEGORY_MISMATCH,CAT-LUB
NEC-PIP-36842,NEC-B-F1EC0AF6,EXACT_DUPLICATE,"Identical MPN/Attributes, perturbed description",NONE,CAT-PIP
GME-BRG-11841,GME-B-A4F8D9A0,REQUIRES_ENGINEERING_REVIEW,Mismatched conditionally critical attribute,seal_type (Conditional),CAT-BRG
BUS-BRG-94886,BUS-B-F6802796,RELATED,"Same category/mfg, different size/specs",NONE,CAT-BRG
NEC-BRG-18379,NEC-B-1118EFF4,NOT_EQUIVALENT,Completely different category,CATEGORY_MISMATCH,CAT-BRG
GME-FLG-71191,GME-B-29B2BD95,EXACT_DUPLICATE,"Identical MPN/Attributes, perturbed description",NONE,CAT-FLG
AHM-PPE-27010,AHM-B-DBE945A8,NOT_EQUIVALENT,Completely different category,CATEGORY_MISMATCH,CAT-PPE
AHM-DUP-83619,AHM-B-8B072D83,REQUIRES_ENGINEERING_REVIEW,Mismatched conditionally critical attribute,seal_type (Conditional),CAT-BRG
CPI-BRG-18880,CPI-B-4EF43090,REQUIRES_ENGINEERING_REVIEW,Mismatched conditionally critical attribute,seal_type (Conditional),CAT-BRG
CPI-BRG-61209,CPI-B-A3E47067,REQUIRES_ENGINEERING_REVIEW,Mismatched conditionally critical attribute,seal_type (Conditional),CAT-BRG
BUS-DUP-63049,BUS-B-5D66AF75,FUNCTIONALLY_EQUIVALENT,"Different Manufacturer/MPN, identical critical attributes",NONE,CAT-CBL
AHM-BRG-83064,AHM-B-29A182EA,REQUIRES_ENGINEERING_REVIEW,Mismatched conditionally critical attribute,seal_type (Conditional),CAT-BRG
BUS-DUP-72416,BUS-B-E2DB0023,NOT_EQUIVALENT,"Same category, critical attribute conflict",NONE,CAT-FLG
GME-BRG-78686,GME-B-DD8648B4,FUNCTIONALLY_EQUIVALENT,"Different Manufacturer/MPN, identical critical attributes",NONE,CAT-BRG
CPI-ELC-43792,CPI-B-E83C3B55,RELATED,"Same category/mfg, different size/specs",NONE,CAT-ELC
BUS-LUB-78513,BUS-B-FCEB23B6,EXACT_DUPLICATE,"Identical MPN/Attributes, perturbed description",NONE,CAT-LUB
GME-GSK-47507,GME-B-BB7F8545,NOT_EQUIVALENT,Completely different category,CATEGORY_MISMATCH,CAT-GSK
GME-FST-13850,GME-B-1E6E23A3,FUNCTIONALLY_EQUIVALENT,"Different Manufacturer/MPN, identical critical attributes",NONE,CAT-FST
GME-LUB-14403,GME-B-28F7E707,FUNCTIONALLY_EQUIVALENT,"Different Manufacturer/MPN, identical critical attributes",NONE,CAT-LUB
BUS-DUP-42494,BUS-B-C863EAF6,FUNCTIONALLY_EQUIVALENT,"Different Manufacturer/MPN, identical critical attributes",NONE,CAT-LUB
CPI-PMP-45167,CPI-B-64D68481,RELATED,"Same category/mfg, different size/specs",NONE,CAT-PMP
CPI-PMP-97096,CPI-B-37B4FC12,FUNCTIONALLY_EQUIVALENT,"Different Manufacturer/MPN, identical critical attributes",NONE,CAT-PMP
NEC-VLV-42545,NEC-B-6B4C415D,RELATED,"Same category/mfg, different size/specs",NONE,CAT-VLV
CPI-CFL-59704,CPI-B-9A45F245,REQUIRES_ENGINEERING_REVIEW,Mismatched conditionally critical attribute,seal_type (Conditional),CAT-BRG
GME-CFL-52870,GME-B-05F0B369,REQUIRES_ENGINEERING_REVIEW,Mismatched conditionally critical attribute,seal_type (Conditional),CAT-BRG
AHM-FST-73313,AHM-B-35BF5774,FUNCTIONALLY_EQUIVALENT,"Different Manufacturer/MPN, identical critical attributes",NONE,CAT-FST
CPI-INS-53309,CPI-B-2CAF5F29,NEAR_DUPLICATE,"Identical MPN, perturbed desc, dropped minor field",NONE,CAT-INS
BUS-FLG-75646,BUS-B-3DDBB02D,NEAR_DUPLICATE,"Identical MPN, perturbed desc, dropped minor field",NONE,CAT-FLG
AHM-BRG-99934,AHM-B-2F2F9E1D,REQUIRES_ENGINEERING_REVIEW,Mismatched conditionally critical attribute,seal_type (Conditional),CAT-BRG
CPI-DUP-77852,CPI-B-DF288303,NEAR_DUPLICATE,"Identical MPN, perturbed desc, dropped minor field",NONE,CAT-FLG
AHM-BRG-17445,AHM-B-59C13479,REQUIRES_ENGINEERING_REVIEW,Mismatched conditionally critical attribute,seal_type (Conditional),CAT-BRG
BUS-DUP-65720,BUS-B-B2D4DB91,FUNCTIONALLY_EQUIVALENT,"Different Manufacturer/MPN, identical critical attributes",NONE,CAT-PIP
CPI-CBL-85682,CPI-B-995D6741,EXACT_DUPLICATE,"Identical MPN/Attributes, perturbed description",NONE,CAT-CBL
CPI-ELC-76631,CPI-B-9BBE045A,NOT_EQUIVALENT,Completely different category,CATEGORY_MISMATCH,CAT-ELC
AHM-DUP-49295,AHM-B-FB943ABC,REQUIRES_ENGINEERING_REVIEW,Mismatched conditionally critical attribute,seal_type (Conditional),CAT-BRG
NEC-DUP-60685,NEC-B-327D4088,FUNCTIONALLY_EQUIVALENT,"Different Manufacturer/MPN, identical critical attributes",NONE,CAT-BRG
BUS-CFL-46313,BUS-B-7B6EA04C,NEAR_DUPLICATE,"Identical MPN, perturbed desc, dropped minor field",NONE,CAT-GSK
CPI-FST-17389,CPI-B-D595DB87,NEAR_DUPLICATE,"Identical MPN, perturbed desc, dropped minor field",NONE,CAT-FST
CPI-MTR-94372,CPI-B-47C736DF,RELATED,"Same category/mfg, different size/specs",NONE,CAT-MTR
BUS-MTR-98162,BUS-B-6ACB76BA,FUNCTIONALLY_EQUIVALENT,"Different Manufacturer/MPN, identical critical attributes",NONE,CAT-MTR
BUS-CBL-99923,BUS-B-8AFACA68,NEAR_DUPLICATE,"Identical MPN, perturbed desc, dropped minor field",NONE,CAT-CBL
BUS-BRG-20615,BUS-B-A02F8618,FUNCTIONALLY_EQUIVALENT,"Different Manufacturer/MPN, identical critical attributes",NONE,CAT-BRG
AHM-BRG-45115,AHM-B-93562580,REQUIRES_ENGINEERING_REVIEW,Mismatched conditionally critical attribute,seal_type (Conditional),CAT-BRG
GME-FLG-48518,GME-B-81590514,RELATED,"Same category/mfg, different size/specs",NONE,CAT-FLG
CPI-PIP-32368,CPI-B-D67992DC,RELATED,"Same category/mfg, different size/specs",NONE,CAT-PIP
GME-CFL-44788,GME-B-ADE411DF,NEAR_DUPLICATE,"Identical MPN, perturbed desc, dropped minor field",NONE,CAT-INS
AHM-DUP-40034,AHM-B-1DC1B275,EXACT_DUPLICATE,"Identical MPN/Attributes, perturbed description",NONE,CAT-PPE
BUS-BRG-26049,BUS-B-32DC4C41,EXACT_DUPLICATE,"Identical MPN/Attributes, perturbed description",NONE,CAT-BRG
CPI-BRG-14098,CPI-B-63FF06AE,NEAR_DUPLICATE,"Identical MPN, perturbed desc, dropped minor field",NONE,CAT-BRG
BUS-VLV-80201,BUS-B-5855E64B,NOT_EQUIVALENT,Completely different category,CATEGORY_MISMATCH,CAT-VLV
GME-BRG-76039,GME-B-773C6DC5,REQUIRES_ENGINEERING_REVIEW,Mismatched conditionally critical attribute,seal_type (Conditional),CAT-BRG
NEC-PMP-70928,NEC-B-526D5CF7,EXACT_DUPLICATE,"Identical MPN/Attributes, perturbed description",NONE,CAT-PMP
AHM-LUB-75102,AHM-B-D0B75114,FUNCTIONALLY_EQUIVALENT,"Different Manufacturer/MPN, identical critical attributes",NONE,CAT-LUB
CPI-BRG-18416,CPI-B-112BEDEF,REQUIRES_ENGINEERING_REVIEW,Mismatched conditionally critical attribute,seal_type (Conditional),CAT-BRG
BUS-GSK-62267,BUS-B-90AE866D,NEAR_DUPLICATE,"Identical MPN, perturbed desc, dropped minor field",NONE,CAT-GSK
BUS-ELC-28116,BUS-B-2D80FD57,RELATED,"Same category/mfg, different size/specs",NONE,CAT-ELC
BUS-BRG-88727,BUS-B-AEE5677A,REQUIRES_ENGINEERING_REVIEW,Mismatched conditionally critical attribute,seal_type (Conditional),CAT-BRG
GME-PMP-68563,GME-B-FB5EDC9A,FUNCTIONALLY_EQUIVALENT,"Different Manufacturer/MPN, identical critical attributes",NONE,CAT-PMP
NEC-CBL-54488,NEC-B-67017A3B,NOT_EQUIVALENT,"Same category, critical attribute conflict",NONE,CAT-CBL
BUS-DUP-65362,BUS-B-87C5D072,NEAR_DUPLICATE,"Identical MPN, perturbed desc, dropped minor field",NONE,CAT-FLG
GME-CFL-78100,GME-B-3C354B59,NEAR_DUPLICATE,"Identical MPN, perturbed desc, dropped minor field",NONE,CAT-PIP
GME-CFL-32228,GME-B-5424AA6F,FUNCTIONALLY_EQUIVALENT,"Different Manufacturer/MPN, identical critical attributes",NONE,CAT-INS
CPI-BRG-46174,CPI-B-CB83E9B0,EXACT_DUPLICATE,"Identical MPN/Attributes, perturbed description",NONE,CAT-BRG
BUS-LUB-26970,BUS-B-6A550F59,RELATED,"Same category/mfg, different size/specs",NONE,CAT-LUB
NEC-VLV-99755,NEC-B-1ED20226,FUNCTIONALLY_EQUIVALENT,"Different Manufacturer/MPN, identical critical attributes",NONE,CAT-VLV
NEC-PMP-20824,NEC-B-6AE6A657,NOT_EQUIVALENT,"Same category, critical attribute conflict",NONE,CAT-PMP
NEC-BRG-31978,NEC-B-3149A008,REQUIRES_ENGINEERING_REVIEW,Mismatched conditionally critical attribute,seal_type (Conditional),CAT-BRG
AHM-VLV-35148,AHM-B-20119D19,NEAR_DUPLICATE,"Identical MPN, perturbed desc, dropped minor field",NONE,CAT-VLV
NEC-PMP-42490,NEC-B-8E2F822A,RELATED,"Same category/mfg, different size/specs",NONE,CAT-PMP
AHM-DUP-84145,AHM-B-25761DF2,FUNCTIONALLY_EQUIVALENT,"Different Manufacturer/MPN, identical critical attributes",NONE,CAT-BRG
AHM-PIP-25433,AHM-B-96FA1134,RELATED,"Same category/mfg, different size/specs",NONE,CAT-PIP
CPI-DUP-69222,CPI-B-1126850C,EXACT_DUPLICATE,"Identical MPN/Attributes, perturbed description",NONE,CAT-LUB
CPI-GSK-91327,CPI-B-3C6112DA,FUNCTIONALLY_EQUIVALENT,"Different Manufacturer/MPN, identical critical attributes",NONE,CAT-GSK
GME-INS-38673,GME-B-88C20996,NEAR_DUPLICATE,"Identical MPN, perturbed desc, dropped minor field",NONE,CAT-INS
GME-BRG-79732,GME-B-7B48BB3C,REQUIRES_ENGINEERING_REVIEW,Mismatched conditionally critical attribute,seal_type (Conditional),CAT-BRG
CPI-PPE-34347,CPI-B-077B8353,NOT_EQUIVALENT,Completely different category,CATEGORY_MISMATCH,CAT-PPE
GME-FST-60241,GME-B-F267603A,NOT_EQUIVALENT,"Same category, critical attribute conflict",NONE,CAT-FST
NEC-VLV-48373,NEC-B-DAC41E49,NEAR_DUPLICATE,"Identical MPN, perturbed desc, dropped minor field",NONE,CAT-VLV
GME-PIP-56945,GME-B-90AC603C,FUNCTIONALLY_EQUIVALENT,"Different Manufacturer/MPN, identical critical attributes",NONE,CAT-PIP
BUS-DUP-99788,BUS-B-D4EA1855,RELATED,"Same category/mfg, different size/specs",NONE,CAT-LUB
AHM-VLV-79557,AHM-B-F567CD7E,EXACT_DUPLICATE,"Identical MPN/Attributes, perturbed description",NONE,CAT-VLV
CPI-GSK-71822,CPI-B-929D1845,NEAR_DUPLICATE,"Identical MPN, perturbed desc, dropped minor field",NONE,CAT-GSK
NEC-FST-41982,NEC-B-A31B3F0A,EXACT_DUPLICATE,"Identical MPN/Attributes, perturbed description",NONE,CAT-FST
NEC-PPE-26238,NEC-B-7BFF4EE7,EXACT_DUPLICATE,"Identical MPN/Attributes, perturbed description",NONE,CAT-PPE
AHM-GSK-54582,AHM-B-646B637B,RELATED,"Same category/mfg, different size/specs",NONE,CAT-GSK
CPI-BRG-66890,CPI-B-3864DB36,EXACT_DUPLICATE,"Identical MPN/Attributes, perturbed description",NONE,CAT-BRG
BUS-PIP-56530,BUS-B-45C5664F,RELATED,"Same category/mfg, different size/specs",NONE,CAT-PIP
CPI-DUP-57545,CPI-B-08FAC3AD,EXACT_DUPLICATE,"Identical MPN/Attributes, perturbed description",NONE,CAT-CBL
GME-BRG-16558,GME-B-FAB61359,REQUIRES_ENGINEERING_REVIEW,Mismatched conditionally critical attribute,seal_type (Conditional),CAT-BRG
CPI-FST-43910,CPI-B-7B7732EB,NOT_EQUIVALENT,"Same category, critical attribute conflict",NONE,CAT-FST
BUS-FLG-68884,BUS-B-658B2E4C,RELATED,"Same category/mfg, different size/specs",NONE,CAT-FLG
AHM-PIP-88414,AHM-B-08206EA8,NEAR_DUPLICATE,"Identical MPN, perturbed desc, dropped minor field",NONE,CAT-PIP
AHM-MTR-52364,AHM-B-743EEF44,EXACT_DUPLICATE,"Identical MPN/Attributes, perturbed description",NONE,CAT-MTR
NEC-DUP-42604,NEC-B-0AF74753,EXACT_DUPLICATE,"Identical MPN/Attributes, perturbed description",NONE,CAT-BRG
CPI-INS-24762,CPI-B-13852058,NEAR_DUPLICATE,"Identical MPN, perturbed desc, dropped minor field",NONE,CAT-INS
BUS-BRG-27503,BUS-B-1EECA7A4,REQUIRES_ENGINEERING_REVIEW,Mismatched conditionally critical attribute,seal_type (Conditional),CAT-BRG
GME-BRG-46480,GME-B-35FB42C9,REQUIRES_ENGINEERING_REVIEW,Mismatched conditionally critical attribute,seal_type (Conditional),CAT-BRG
GME-DUP-35903,GME-B-FBD57B12,EXACT_DUPLICATE,"Identical MPN/Attributes, perturbed description",NONE,CAT-INS
GME-BRG-11199,GME-B-D2C298EE,NOT_EQUIVALENT,"Same category, critical attribute conflict",NONE,CAT-BRG
CPI-INS-22609,CPI-B-7A03766F,NOT_EQUIVALENT,Completely different category,CATEGORY_MISMATCH,CAT-INS
BUS-DUP-59460,BUS-B-EAB0B85F,NOT_EQUIVALENT,Completely different category,CATEGORY_MISMATCH,CAT-ELC
CPI-CFL-20049,CPI-B-00EC9F54,NOT_EQUIVALENT,Completely different category,CATEGORY_MISMATCH,CAT-BRG
GME-BRG-96232,GME-B-B8C867CF,NEAR_DUPLICATE,"Identical MPN, perturbed desc, dropped minor field",NONE,CAT-BRG
NEC-BRG-97071,NEC-B-CD1371CE,REQUIRES_ENGINEERING_REVIEW,Mismatched conditionally critical attribute,seal_type (Conditional),CAT-BRG
GME-BRG-64627,GME-B-DA706D60,REQUIRES_ENGINEERING_REVIEW,Mismatched conditionally critical attribute,seal_type (Conditional),CAT-BRG
BUS-CFL-22512,BUS-B-EB84E28A,FUNCTIONALLY_EQUIVALENT,"Different Manufacturer/MPN, identical critical attributes",NONE,CAT-INS
GME-DUP-78254,GME-B-6E5E6425,EXACT_DUPLICATE,"Identical MPN/Attributes, perturbed description",NONE,CAT-PPE
AHM-DUP-13172,AHM-B-E34975AD,REQUIRES_ENGINEERING_REVIEW,Mismatched conditionally critical attribute,seal_type (Conditional),CAT-BRG
AHM-PIP-88889,AHM-B-FA6AD522,EXACT_DUPLICATE,"Identical MPN/Attributes, perturbed description",NONE,CAT-PIP
NEC-DUP-33259,NEC-B-1BC3F839,FUNCTIONALLY_EQUIVALENT,"Different Manufacturer/MPN, identical critical attributes",NONE,CAT-BRG
GME-VLV-24871,GME-B-D14749CC,RELATED,"Same category/mfg, different size/specs",NONE,CAT-VLV
BUS-DUP-98267,BUS-B-D0A66D0D,NOT_EQUIVALENT,"Same category, critical attribute conflict",NONE,CAT-LUB
NEC-BRG-68007,NEC-B-C80852EE,REQUIRES_ENGINEERING_REVIEW,Mismatched conditionally critical attribute,seal_type (Conditional),CAT-BRG
GME-BRG-75629,GME-B-A89D9FA7,REQUIRES_ENGINEERING_REVIEW,Mismatched conditionally critical attribute,seal_type (Conditional),CAT-BRG
NEC-DUP-93283,NEC-B-9B8BAD9F,RELATED,"Same category/mfg, different size/specs",NONE,CAT-PIP
BUS-BRG-13704,BUS-B-241E3A41,NEAR_DUPLICATE,"Identical MPN, perturbed desc, dropped minor field",NONE,CAT-BRG
NEC-FST-13734,NEC-B-3AF30D1E,NOT_EQUIVALENT,"Same category, critical attribute conflict",NONE,CAT-FST
AHM-PIP-65716,AHM-B-B0543F66,RELATED,"Same category/mfg, different size/specs",NONE,CAT-PIP
AHM-FLG-81847,AHM-B-4311F3EC,NOT_EQUIVALENT,Completely different category,CATEGORY_MISMATCH,CAT-FLG
AHM-PMP-52164,AHM-B-4247E259,NEAR_DUPLICATE,"Identical MPN, perturbed desc, dropped minor field",NONE,CAT-PMP
BUS-CFL-22512,BUS-B-2C9A8318,EXACT_DUPLICATE,"Identical MPN/Attributes, perturbed description",NONE,CAT-INS
GME-PPE-13784,GME-B-B36E3BD8,NOT_EQUIVALENT,"Same category, critical attribute conflict",NONE,CAT-PPE
AHM-BRG-31471,AHM-B-033F335C,REQUIRES_ENGINEERING_REVIEW,Mismatched conditionally critical attribute,seal_type (Conditional),CAT-BRG
NEC-FST-87011,NEC-B-125E5AE8,EXACT_DUPLICATE,"Identical MPN/Attributes, perturbed description",NONE,CAT-FST
AHM-FST-30337,AHM-B-2DCEA48E,NOT_EQUIVALENT,"Same category, critical attribute conflict",NONE,CAT-FST
CPI-FST-69991,CPI-B-2C7CA8CF,RELATED,"Same category/mfg, different size/specs",NONE,CAT-FST
AHM-INS-16316,AHM-B-F398457E,NEAR_DUPLICATE,"Identical MPN, perturbed desc, dropped minor field",NONE,CAT-INS
CPI-LUB-14469,CPI-B-EB1B1011,FUNCTIONALLY_EQUIVALENT,"Different Manufacturer/MPN, identical critical attributes",NONE,CAT-LUB
BUS-DUP-11408,BUS-B-9C8F46ED,NOT_EQUIVALENT,Completely different category,CATEGORY_MISMATCH,CAT-FLG
NEC-DUP-42604,NEC-B-A4EC927A,REQUIRES_ENGINEERING_REVIEW,Mismatched conditionally critical attribute,seal_type (Conditional),CAT-BRG
GME-FLG-69770,GME-B-DC4ABED8,NEAR_DUPLICATE,"Identical MPN, perturbed desc, dropped minor field",NONE,CAT-FLG
NEC-FST-94120,NEC-B-8D551770,NOT_EQUIVALENT,Completely different category,CATEGORY_MISMATCH,CAT-FST
GME-PMP-32376,GME-B-F08C9060,RELATED,"Same category/mfg, different size/specs",NONE,CAT-PMP
BUS-VLV-19542,BUS-B-481AFB79,EXACT_DUPLICATE,"Identical MPN/Attributes, perturbed description",NONE,CAT-VLV
BUS-BRG-44211,BUS-B-DC9AEF04,REQUIRES_ENGINEERING_REVIEW,Mismatched conditionally critical attribute,seal_type (Conditional),CAT-BRG
GME-MTR-53540,GME-B-78397C83,NEAR_DUPLICATE,"Identical MPN, perturbed desc, dropped minor field",NONE,CAT-MTR
BUS-FLG-44838,BUS-B-F4E5D993,NOT_EQUIVALENT,Completely different category,CATEGORY_MISMATCH,CAT-FLG
BUS-MTR-90322,BUS-B-E3432725,NEAR_DUPLICATE,"Identical MPN, perturbed desc, dropped minor field",NONE,CAT-MTR
AHM-DUP-41326,AHM-B-43BF3913,REQUIRES_ENGINEERING_REVIEW,Mismatched conditionally critical attribute,seal_type (Conditional),CAT-BRG
GME-BRG-87376,GME-B-83584684,NEAR_DUPLICATE,"Identical MPN, perturbed desc, dropped minor field",NONE,CAT-BRG
NEC-PMP-14105,NEC-B-E022ADED,NOT_EQUIVALENT,Completely different category,CATEGORY_MISMATCH,CAT-PMP
NEC-GSK-26699,NEC-B-871A0FEE,RELATED,"Same category/mfg, different size/specs",NONE,CAT-GSK
CPI-DUP-80611,CPI-B-5A58FE42,REQUIRES_ENGINEERING_REVIEW,Mismatched conditionally critical attribute,seal_type (Conditional),CAT-BRG
AHM-PMP-76765,AHM-B-BD236D30,NOT_EQUIVALENT,Completely different category,CATEGORY_MISMATCH,CAT-PMP
AHM-CFL-42716,AHM-B-FBBEEB57,NEAR_DUPLICATE,"Identical MPN, perturbed desc, dropped minor field",NONE,CAT-MTR
NEC-DUP-11693,NEC-B-5E460FF3,FUNCTIONALLY_EQUIVALENT,"Different Manufacturer/MPN, identical critical attributes",NONE,CAT-MTR
NEC-PPE-76361,NEC-B-A0F3611F,NEAR_DUPLICATE,"Identical MPN, perturbed desc, dropped minor field",NONE,CAT-PPE
GME-PPE-17251,GME-B-D81198BC,EXACT_DUPLICATE,"Identical MPN/Attributes, perturbed description",NONE,CAT-PPE
NEC-LUB-29793,NEC-B-1093F63B,FUNCTIONALLY_EQUIVALENT,"Different Manufacturer/MPN, identical critical attributes",NONE,CAT-LUB
GME-INS-88035,GME-B-CD71C3CB,NOT_EQUIVALENT,Completely different category,CATEGORY_MISMATCH,CAT-INS
AHM-PIP-15173,AHM-B-F057CA7B,NOT_EQUIVALENT,"Same category, critical attribute conflict",material_grade,CAT-PIP
NEC-BRG-72385,NEC-B-2A39901C,NOT_EQUIVALENT,Completely different category,CATEGORY_MISMATCH,CAT-BRG
CPI-MTR-91261,CPI-B-1B3D1EAA,FUNCTIONALLY_EQUIVALENT,"Different Manufacturer/MPN, identical critical attributes",NONE,CAT-MTR
AHM-BRG-56593,AHM-B-BB643531,REQUIRES_ENGINEERING_REVIEW,Mismatched conditionally critical attribute,seal_type (Conditional),CAT-BRG
AHM-BRG-79570,AHM-B-3D4CC249,REQUIRES_ENGINEERING_REVIEW,Mismatched conditionally critical attribute,seal_type (Conditional),CAT-BRG
NEC-MTR-91172,NEC-B-F3BC0827,NEAR_DUPLICATE,"Identical MPN, perturbed desc, dropped minor field",NONE,CAT-MTR
GME-CBL-48991,GME-B-D12EBC8D,EXACT_DUPLICATE,"Identical MPN/Attributes, perturbed description",NONE,CAT-CBL
BUS-DUP-38783,BUS-B-7388DA12,RELATED,"Same category/mfg, different size/specs",NONE,CAT-GSK
GME-CBL-44774,GME-B-7797C513,NEAR_DUPLICATE,"Identical MPN, perturbed desc, dropped minor field",NONE,CAT-CBL
AHM-CFL-92122,AHM-B-FEF06F42,NEAR_DUPLICATE,"Identical MPN, perturbed desc, dropped minor field",NONE,CAT-GSK
GME-BRG-97235,GME-B-D0798613,REQUIRES_ENGINEERING_REVIEW,Mismatched conditionally critical attribute,seal_type (Conditional),CAT-BRG
GME-CBL-35100,GME-B-2EF716F5,NOT_EQUIVALENT,Completely different category,CATEGORY_MISMATCH,CAT-CBL
CPI-BRG-77685,CPI-B-59E79337,REQUIRES_ENGINEERING_REVIEW,Mismatched conditionally critical attribute,seal_type (Conditional),CAT-BRG
CPI-FST-49180,CPI-B-0A9404A0,EXACT_DUPLICATE,"Identical MPN/Attributes, perturbed description",NONE,CAT-FST
GME-GSK-77904,GME-B-3944BD3C,NOT_EQUIVALENT,"Same category, critical attribute conflict",NONE,CAT-GSK
AHM-DUP-42919,AHM-B-E8EC3983,NEAR_DUPLICATE,"Identical MPN, perturbed desc, dropped minor field",NONE,CAT-INS
GME-DUP-50609,GME-B-122BB84D,NOT_EQUIVALENT,"Same category, critical attribute conflict",NONE,CAT-FST
AHM-PMP-68532,AHM-B-8547015E,FUNCTIONALLY_EQUIVALENT,"Different Manufacturer/MPN, identical critical attributes",NONE,CAT-PMP
CPI-GSK-97907,CPI-B-61DA16C5,NEAR_DUPLICATE,"Identical MPN, perturbed desc, dropped minor field",NONE,CAT-GSK
CPI-INS-54075,CPI-B-7194BEF5,NOT_EQUIVALENT,Completely different category,CATEGORY_MISMATCH,CAT-INS
GME-BRG-38035,GME-B-BFF31F76,REQUIRES_ENGINEERING_REVIEW,Mismatched conditionally critical attribute,seal_type (Conditional),CAT-BRG
GME-LUB-79917,GME-B-70C87BD0,RELATED,"Same category/mfg, different size/specs",NONE,CAT-LUB
GME-DUP-31115,GME-B-955EA742,FUNCTIONALLY_EQUIVALENT,"Different Manufacturer/MPN, identical critical attributes",NONE,CAT-INS
GME-DUP-11276,GME-B-AA0D6A59,RELATED,"Same category/mfg, different size/specs",NONE,CAT-CBL
GME-BRG-27100,GME-B-1305A1D7,REQUIRES_ENGINEERING_REVIEW,Mismatched conditionally critical attribute,seal_type (Conditional),CAT-BRG
NEC-PPE-73053,NEC-B-10CE1677,EXACT_DUPLICATE,"Identical MPN/Attributes, perturbed description",NONE,CAT-PPE
BUS-PPE-29705,BUS-B-5540BCF8,EXACT_DUPLICATE,"Identical MPN/Attributes, perturbed description",NONE,CAT-PPE
AHM-PPE-18965,AHM-B-3F53338C,NOT_EQUIVALENT,Completely different category,CATEGORY_MISMATCH,CAT-PPE
GME-DUP-69079,GME-B-EFB7915D,FUNCTIONALLY_EQUIVALENT,"Different Manufacturer/MPN, identical critical attributes",NONE,CAT-PMP
GME-PPE-15303,GME-B-A16766C1,RELATED,"Same category/mfg, different size/specs",NONE,CAT-PPE
BUS-PMP-82475,BUS-B-AE0B82EB,NEAR_DUPLICATE,"Identical MPN, perturbed desc, dropped minor field",NONE,CAT-PMP
GME-DUP-45499,GME-B-376C3FFF,NEAR_DUPLICATE,"Identical MPN, perturbed desc, dropped minor field",NONE,CAT-INS
GME-GSK-35352,GME-B-AAEAFCEB,NEAR_DUPLICATE,"Identical MPN, perturbed desc, dropped minor field",NONE,CAT-GSK
AHM-PPE-64952,AHM-B-EFFFB9EE,NEAR_DUPLICATE,"Identical MPN, perturbed desc, dropped minor field",NONE,CAT-PPE
CPI-PPE-95811,CPI-B-7CC95EB7,FUNCTIONALLY_EQUIVALENT,"Different Manufacturer/MPN, identical critical attributes",NONE,CAT-PPE
GME-CBL-52825,GME-B-CD1425F9,FUNCTIONALLY_EQUIVALENT,"Different Manufacturer/MPN, identical critical attributes",NONE,CAT-CBL
AHM-MTR-83970,AHM-B-F5D34BC1,NEAR_DUPLICATE,"Identical MPN, perturbed desc, dropped minor field",NONE,CAT-MTR
AHM-PPE-95937,AHM-B-7D5C9AAD,RELATED,"Same category/mfg, different size/specs",NONE,CAT-PPE
BUS-PPE-37039,BUS-B-29C87B3D,NEAR_DUPLICATE,"Identical MPN, perturbed desc, dropped minor field",NONE,CAT-PPE
AHM-GSK-60883,AHM-B-8A45A246,NEAR_DUPLICATE,"Identical MPN, perturbed desc, dropped minor field",NONE,CAT-GSK
AHM-CBL-66157,AHM-B-F17F4507,FUNCTIONALLY_EQUIVALENT,"Different Manufacturer/MPN, identical critical attributes",NONE,CAT-CBL
BUS-ELC-81848,BUS-B-8E49B2CE,FUNCTIONALLY_EQUIVALENT,"Different Manufacturer/MPN, identical critical attributes",NONE,CAT-ELC
CPI-FST-60776,CPI-B-DF400463,FUNCTIONALLY_EQUIVALENT,"Different Manufacturer/MPN, identical critical attributes",NONE,CAT-FST
BUS-PIP-78702,BUS-B-0A1C1745,EXACT_DUPLICATE,"Identical MPN/Attributes, perturbed description",NONE,CAT-PIP
CPI-BRG-15750,CPI-B-A8776E60,REQUIRES_ENGINEERING_REVIEW,Mismatched conditionally critical attribute,seal_type (Conditional),CAT-BRG
GME-INS-58337,GME-B-384294EC,FUNCTIONALLY_EQUIVALENT,"Different Manufacturer/MPN, identical critical attributes",NONE,CAT-INS
GME-PMP-30625,GME-B-6994EF14,EXACT_DUPLICATE,"Identical MPN/Attributes, perturbed description",NONE,CAT-PMP
AHM-FLG-23600,AHM-B-A085FB2E,RELATED,"Same category/mfg, different size/specs",NONE,CAT-FLG
BUS-BRG-56645,BUS-B-B29DBAAA,REQUIRES_ENGINEERING_REVIEW,Mismatched conditionally critical attribute,seal_type (Conditional),CAT-BRG
GME-BRG-27100,GME-B-2E732E04,NOT_EQUIVALENT,Completely different category,CATEGORY_MISMATCH,CAT-BRG
AHM-PMP-95937,AHM-B-6E32171F,FUNCTIONALLY_EQUIVALENT,"Different Manufacturer/MPN, identical critical attributes",NONE,CAT-PMP
GME-CFL-74053,GME-B-F896C88F,EXACT_DUPLICATE,"Identical MPN/Attributes, perturbed description",NONE,CAT-LUB
BUS-CBL-77438,BUS-B-71B641DD,FUNCTIONALLY_EQUIVALENT,"Different Manufacturer/MPN, identical critical attributes",NONE,CAT-CBL
AHM-ELC-49726,AHM-B-E9344B98,FUNCTIONALLY_EQUIVALENT,"Different Manufacturer/MPN, identical critical attributes",NONE,CAT-ELC
GME-BRG-63092,GME-B-D41278BF,REQUIRES_ENGINEERING_REVIEW,Mismatched conditionally critical attribute,seal_type (Conditional),CAT-BRG
BUS-CFL-26733,BUS-B-0571FA94,REQUIRES_ENGINEERING_REVIEW,Mismatched conditionally critical attribute,seal_type (Conditional),CAT-BRG
BUS-FLG-23317,BUS-B-7399E3E2,NOT_EQUIVALENT,"Same category, critical attribute conflict",NONE,CAT-FLG
NEC-VLV-59526,NEC-B-82B74577,NEAR_DUPLICATE,"Identical MPN, perturbed desc, dropped minor field",NONE,CAT-VLV
AHM-PPE-47571,AHM-B-89FB5FBE,RELATED,"Same category/mfg, different size/specs",NONE,CAT-PPE
CPI-BRG-65340,CPI-B-A825F414,REQUIRES_ENGINEERING_REVIEW,Mismatched conditionally critical attribute,seal_type (Conditional),CAT-BRG
NEC-FLG-44147,NEC-B-B38FD311,EXACT_DUPLICATE,"Identical MPN/Attributes, perturbed description",NONE,CAT-FLG
NEC-DUP-74110,NEC-B-05DD9D7D,RELATED,"Same category/mfg, different size/specs",NONE,CAT-CBL
GME-VLV-45810,GME-B-F12DA4DB,RELATED,"Same category/mfg, different size/specs",NONE,CAT-VLV
GME-BRG-17296,GME-B-C1BDE3FC,REQUIRES_ENGINEERING_REVIEW,Mismatched conditionally critical attribute,seal_type (Conditional),CAT-BRG
AHM-DUP-29771,AHM-B-75628CFF,EXACT_DUPLICATE,"Identical MPN/Attributes, perturbed description",NONE,CAT-CBL
GME-BRG-76216,GME-B-50BB2DF7,FUNCTIONALLY_EQUIVALENT,"Different Manufacturer/MPN, identical critical attributes",NONE,CAT-BRG
CPI-LUB-75778,CPI-B-0C3E02A7,EXACT_DUPLICATE,"Identical MPN/Attributes, perturbed description",NONE,CAT-LUB
CPI-BRG-47506,CPI-B-70F48B90,REQUIRES_ENGINEERING_REVIEW,Mismatched conditionally critical attribute,seal_type (Conditional),CAT-BRG
NEC-BRG-82356,NEC-B-EA9D3D09,REQUIRES_ENGINEERING_REVIEW,Mismatched conditionally critical attribute,seal_type (Conditional),CAT-BRG
AHM-DUP-21944,AHM-B-638C6853,FUNCTIONALLY_EQUIVALENT,"Different Manufacturer/MPN, identical critical attributes",NONE,CAT-INS
BUS-GSK-52411,BUS-B-FCF0D93F,NEAR_DUPLICATE,"Identical MPN, perturbed desc, dropped minor field",NONE,CAT-GSK
CPI-INS-70067,CPI-B-EB4D4825,RELATED,"Same category/mfg, different size/specs",NONE,CAT-INS
BUS-INS-66537,BUS-B-B533DB5E,NEAR_DUPLICATE,"Identical MPN, perturbed desc, dropped minor field",NONE,CAT-INS
NEC-FLG-11954,NEC-B-99064BD4,EXACT_DUPLICATE,"Identical MPN/Attributes, perturbed description",NONE,CAT-FLG
NEC-DUP-91993,NEC-B-9426BD15,RELATED,"Same category/mfg, different size/specs",NONE,CAT-CBL
AHM-MTR-86923,AHM-B-EFC25507,NEAR_DUPLICATE,"Identical MPN, perturbed desc, dropped minor field",NONE,CAT-MTR
AHM-BRG-71910,AHM-B-DCB0B472,NOT_EQUIVALENT,"Same category, critical attribute conflict",NONE,CAT-BRG
AHM-INS-92620,AHM-B-9AC7067A,FUNCTIONALLY_EQUIVALENT,"Different Manufacturer/MPN, identical critical attributes",NONE,CAT-INS
NEC-VLV-32351,NEC-B-227E2602,NEAR_DUPLICATE,"Identical MPN, perturbed desc, dropped minor field",NONE,CAT-VLV
AHM-BRG-30273,AHM-B-54915E5A,REQUIRES_ENGINEERING_REVIEW,Mismatched conditionally critical attribute,seal_type (Conditional),CAT-BRG
NEC-DUP-41198,NEC-B-CEA0288B,NEAR_DUPLICATE,"Identical MPN, perturbed desc, dropped minor field",NONE,CAT-ELC
GME-CFL-59077,GME-B-666967DE,REQUIRES_ENGINEERING_REVIEW,Mismatched conditionally critical attribute,seal_type (Conditional),CAT-BRG
NEC-PPE-95112,NEC-B-BCDE35B7,NOT_EQUIVALENT,Completely different category,CATEGORY_MISMATCH,CAT-PPE
NEC-LUB-23322,NEC-B-6EFEBA93,EXACT_DUPLICATE,"Identical MPN/Attributes, perturbed description",NONE,CAT-LUB
AHM-PMP-24319,AHM-B-EE89BFD6,RELATED,"Same category/mfg, different size/specs",NONE,CAT-PMP
BUS-BRG-24139,BUS-B-AA0BCE95,REQUIRES_ENGINEERING_REVIEW,Mismatched conditionally critical attribute,seal_type (Conditional),CAT-BRG
BUS-MTR-81634,BUS-B-5F48AB09,NOT_EQUIVALENT,Completely different category,CATEGORY_MISMATCH,CAT-MTR
BUS-LUB-23162,BUS-B-CC7E7AFA,NEAR_DUPLICATE,"Identical MPN, perturbed desc, dropped minor field",NONE,CAT-LUB
BUS-FLG-43175,BUS-B-1DF11563,EXACT_DUPLICATE,"Identical MPN/Attributes, perturbed description",NONE,CAT-FLG
AHM-PIP-54789,AHM-B-8E3C753B,RELATED,"Same category/mfg, different size/specs",NONE,CAT-PIP
CPI-BRG-73246,CPI-B-9A4C20AF,REQUIRES_ENGINEERING_REVIEW,Mismatched conditionally critical attribute,seal_type (Conditional),CAT-BRG
GME-ELC-64049,GME-B-1DC1E216,NOT_EQUIVALENT,"Same category, critical attribute conflict",NONE,CAT-ELC
NEC-PIP-14553,NEC-B-8E545B3E,FUNCTIONALLY_EQUIVALENT,"Different Manufacturer/MPN, identical critical attributes",NONE,CAT-PIP
GME-DUP-26420,GME-B-0DC8A591,EXACT_DUPLICATE,"Identical MPN/Attributes, perturbed description",NONE,CAT-LUB
GME-FST-63841,GME-B-D1E45186,EXACT_DUPLICATE,"Identical MPN/Attributes, perturbed description",NONE,CAT-FST
GME-BRG-83541,GME-B-B5BF58AD,REQUIRES_ENGINEERING_REVIEW,Mismatched conditionally critical attribute,seal_type (Conditional),CAT-BRG
GME-LUB-76628,GME-B-099FBB1E,FUNCTIONALLY_EQUIVALENT,"Different Manufacturer/MPN, identical critical attributes",NONE,CAT-LUB
GME-VLV-39518,GME-B-62BC4203,FUNCTIONALLY_EQUIVALENT,"Different Manufacturer/MPN, identical critical attributes",NONE,CAT-VLV
CPI-BRG-59535,CPI-B-7D0DEA7C,REQUIRES_ENGINEERING_REVIEW,Mismatched conditionally critical attribute,seal_type (Conditional),CAT-BRG
GME-CBL-35100,GME-B-2F57B2DD,EXACT_DUPLICATE,"Identical MPN/Attributes, perturbed description",NONE,CAT-CBL
GME-BRG-67902,GME-B-3679EC76,NOT_EQUIVALENT,"Same category, critical attribute conflict",NONE,CAT-BRG
BUS-MTR-16030,BUS-B-72DD6DB3,EXACT_DUPLICATE,"Identical MPN/Attributes, perturbed description",NONE,CAT-MTR
BUS-DUP-64706,BUS-B-B2502371,FUNCTIONALLY_EQUIVALENT,"Different Manufacturer/MPN, identical critical attributes",NONE,CAT-CBL
NEC-LUB-20536,NEC-B-4B583BB1,EXACT_DUPLICATE,"Identical MPN/Attributes, perturbed description",NONE,CAT-LUB
BUS-CFL-46974,BUS-B-EC43C618,NEAR_DUPLICATE,"Identical MPN, perturbed desc, dropped minor field",NONE,CAT-BRG
BUS-BRG-38217,BUS-B-7D2087F2,REQUIRES_ENGINEERING_REVIEW,Mismatched conditionally critical attribute,seal_type (Conditional),CAT-BRG
GME-DUP-62946,GME-B-58E155D9,RELATED,"Same category/mfg, different size/specs",NONE,CAT-GSK
AHM-INS-28618,AHM-B-7732846F,NOT_EQUIVALENT,"Same category, critical attribute conflict",NONE,CAT-INS
NEC-CFL-15193,NEC-B-9187E73E,REQUIRES_ENGINEERING_REVIEW,Mismatched conditionally critical attribute,seal_type (Conditional),CAT-BRG
NEC-ELC-61398,NEC-B-2ABB5F78,FUNCTIONALLY_EQUIVALENT,"Different Manufacturer/MPN, identical critical attributes",NONE,CAT-ELC
GME-GSK-47871,GME-B-597AC5F5,EXACT_DUPLICATE,"Identical MPN/Attributes, perturbed description",NONE,CAT-GSK
CPI-PIP-73809,CPI-B-53FBCADA,NEAR_DUPLICATE,"Identical MPN, perturbed desc, dropped minor field",NONE,CAT-PIP
AHM-LUB-85171,AHM-B-A6B6226C,RELATED,"Same category/mfg, different size/specs",NONE,CAT-LUB
CPI-PIP-33385,CPI-B-9CA158F2,NOT_EQUIVALENT,"Same category, critical attribute conflict",schedule,CAT-PIP
CPI-ELC-95698,CPI-B-6BAB92B7,NOT_EQUIVALENT,Completely different category,CATEGORY_MISMATCH,CAT-ELC
GME-PMP-76527,GME-B-5AEE4D30,NOT_EQUIVALENT,Completely different category,CATEGORY_MISMATCH,CAT-PMP
GME-BRG-45489,GME-B-A16E3DB1,REQUIRES_ENGINEERING_REVIEW,Mismatched conditionally critical attribute,seal_type (Conditional),CAT-BRG
CPI-CFL-40940,CPI-B-3B4B00D3,NOT_EQUIVALENT,Completely different category,CATEGORY_MISMATCH,CAT-PIP
AHM-DUP-14666,AHM-B-D75820F6,EXACT_DUPLICATE,"Identical MPN/Attributes, perturbed description",NONE,CAT-VLV
CPI-LUB-87561,CPI-B-8293F2CC,NOT_EQUIVALENT,Completely different category,CATEGORY_MISMATCH,CAT-LUB
NEC-FST-89924,NEC-B-8916CB91,EXACT_DUPLICATE,"Identical MPN/Attributes, perturbed description",NONE,CAT-FST
GME-DUP-33351,GME-B-2780C156,EXACT_DUPLICATE,"Identical MPN/Attributes, perturbed description",NONE,CAT-GSK
AHM-BRG-15698,AHM-B-D45D5EB2,REQUIRES_ENGINEERING_REVIEW,Mismatched conditionally critical attribute,seal_type (Conditional),CAT-BRG
AHM-ELC-43789,AHM-B-87C25A35,NEAR_DUPLICATE,"Identical MPN, perturbed desc, dropped minor field",NONE,CAT-ELC
NEC-INS-26231,NEC-B-825B19F4,EXACT_DUPLICATE,"Identical MPN/Attributes, perturbed description",NONE,CAT-INS
NEC-BRG-88539,NEC-B-7F04B957,RELATED,"Same category/mfg, different size/specs",NONE,CAT-BRG
NEC-BRG-18641,NEC-B-A84445FA,REQUIRES_ENGINEERING_REVIEW,Mismatched conditionally critical attribute,seal_type (Conditional),CAT-BRG
AHM-BRG-90822,AHM-B-25C94E33,REQUIRES_ENGINEERING_REVIEW,Mismatched conditionally critical attribute,seal_type (Conditional),CAT-BRG
AHM-CFL-66985,AHM-B-903EE98A,REQUIRES_ENGINEERING_REVIEW,Mismatched conditionally critical attribute,seal_type (Conditional),CAT-BRG
NEC-VLV-87140,NEC-B-1DE16B2C,FUNCTIONALLY_EQUIVALENT,"Different Manufacturer/MPN, identical critical attributes",NONE,CAT-VLV
CPI-PMP-24117,CPI-B-61D9E000,FUNCTIONALLY_EQUIVALENT,"Different Manufacturer/MPN, identical critical attributes",NONE,CAT-PMP
AHM-ELC-93361,AHM-B-9989921F,NOT_EQUIVALENT,Completely different category,CATEGORY_MISMATCH,CAT-ELC
AHM-PIP-52293,AHM-B-AA2190F0,EXACT_DUPLICATE,"Identical MPN/Attributes, perturbed description",NONE,CAT-PIP
NEC-FST-45039,NEC-B-97DAD925,NEAR_DUPLICATE,"Identical MPN, perturbed desc, dropped minor field",NONE,CAT-FST
NEC-VLV-54591,NEC-B-1BB45090,NEAR_DUPLICATE,"Identical MPN, perturbed desc, dropped minor field",NONE,CAT-VLV
GME-BRG-22278,GME-B-252F049A,REQUIRES_ENGINEERING_REVIEW,Mismatched conditionally critical attribute,seal_type (Conditional),CAT-BRG
CPI-BRG-61209,CPI-B-AB75AB90,EXACT_DUPLICATE,"Identical MPN/Attributes, perturbed description",NONE,CAT-BRG
BUS-MTR-31398,BUS-B-68F46892,EXACT_DUPLICATE,"Identical MPN/Attributes, perturbed description",NONE,CAT-MTR
GME-ELC-74039,GME-B-8F7F0F1B,RELATED,"Same category/mfg, different size/specs",NONE,CAT-ELC
AHM-PPE-95471,AHM-B-271759DC,RELATED,"Same category/mfg, different size/specs",NONE,CAT-PPE
GME-FLG-80890,GME-B-B51E1FD4,EXACT_DUPLICATE,"Identical MPN/Attributes, perturbed description",NONE,CAT-FLG
CPI-BRG-51681,CPI-B-A65C7ACB,RELATED,"Same category/mfg, different size/specs",NONE,CAT-BRG
BUS-FLG-14870,BUS-B-61AA4857,FUNCTIONALLY_EQUIVALENT,"Different Manufacturer/MPN, identical critical attributes",NONE,CAT-FLG
GME-VLV-39518,GME-B-A1235CE6,FUNCTIONALLY_EQUIVALENT,"Different Manufacturer/MPN, identical critical attributes",NONE,CAT-VLV
CPI-PPE-23801,CPI-B-FE23EEB0,NEAR_DUPLICATE,"Identical MPN, perturbed desc, dropped minor field",NONE,CAT-PPE
BUS-CFL-10091,BUS-B-EDE05E07,EXACT_DUPLICATE,"Identical MPN/Attributes, perturbed description",NONE,CAT-FST
BUS-PIP-10929,BUS-B-8AA6FD97,FUNCTIONALLY_EQUIVALENT,"Different Manufacturer/MPN, identical critical attributes",NONE,CAT-PIP
AHM-MTR-71005,AHM-B-34BF4F50,NOT_EQUIVALENT,Completely different category,CATEGORY_MISMATCH,CAT-MTR
CPI-ELC-21413,CPI-B-879C4CB6,FUNCTIONALLY_EQUIVALENT,"Different Manufacturer/MPN, identical critical attributes",NONE,CAT-ELC
NEC-DUP-29496,NEC-B-947D63DD,NEAR_DUPLICATE,"Identical MPN, perturbed desc, dropped minor field",NONE,CAT-LUB
CPI-DUP-93643,CPI-B-8E5A33B6,NOT_EQUIVALENT,"Same category, critical attribute conflict",NONE,CAT-CBL
AHM-BRG-31471,AHM-B-42BE98FF,REQUIRES_ENGINEERING_REVIEW,Mismatched conditionally critical attribute,seal_type (Conditional),CAT-BRG
GME-PMP-87547,GME-B-DE2240F2,EXACT_DUPLICATE,"Identical MPN/Attributes, perturbed description",NONE,CAT-PMP
NEC-DUP-13418,NEC-B-60A01C3F,EXACT_DUPLICATE,"Identical MPN/Attributes, perturbed description",NONE,CAT-MTR
BUS-VLV-19742,BUS-B-4FFF8259,RELATED,"Same category/mfg, different size/specs",NONE,CAT-VLV
BUS-BRG-84381,BUS-B-C9E237A4,REQUIRES_ENGINEERING_REVIEW,Mismatched conditionally critical attribute,seal_type (Conditional),CAT-BRG
GME-LUB-38731,GME-B-3B42C6BE,FUNCTIONALLY_EQUIVALENT,"Different Manufacturer/MPN, identical critical attributes",NONE,CAT-LUB
GME-DUP-74826,GME-B-83B00726,FUNCTIONALLY_EQUIVALENT,"Different Manufacturer/MPN, identical critical attributes",NONE,CAT-GSK
CPI-GSK-34931,CPI-B-0E7303D2,FUNCTIONALLY_EQUIVALENT,"Different Manufacturer/MPN, identical critical attributes",NONE,CAT-GSK
BUS-DUP-76854,BUS-B-61BCF387,NOT_EQUIVALENT,Completely different category,CATEGORY_MISMATCH,CAT-PIP
CPI-FLG-38058,CPI-B-55574CDE,RELATED,"Same category/mfg, different size/specs",NONE,CAT-FLG
AHM-VLV-33785,AHM-B-CFFE39E0,NEAR_DUPLICATE,"Identical MPN, perturbed desc, dropped minor field",NONE,CAT-VLV
BUS-VLV-34387,BUS-B-E24C891F,NEAR_DUPLICATE,"Identical MPN, perturbed desc, dropped minor field",NONE,CAT-VLV
AHM-DUP-47212,AHM-B-26EF3DE1,FUNCTIONALLY_EQUIVALENT,"Different Manufacturer/MPN, identical critical attributes",NONE,CAT-GSK
BUS-BRG-26175,BUS-B-0A856549,REQUIRES_ENGINEERING_REVIEW,Mismatched conditionally critical attribute,seal_type (Conditional),CAT-BRG
GME-BRG-17980,GME-B-69935FA0,REQUIRES_ENGINEERING_REVIEW,Mismatched conditionally critical attribute,seal_type (Conditional),CAT-BRG
AHM-ELC-18207,AHM-B-BCE36042,RELATED,"Same category/mfg, different size/specs",NONE,CAT-ELC
NEC-ELC-89875,NEC-B-B63B8E08,EXACT_DUPLICATE,"Identical MPN/Attributes, perturbed description",NONE,CAT-ELC
GME-VLV-51650,GME-B-78D7D038,EXACT_DUPLICATE,"Identical MPN/Attributes, perturbed description",NONE,CAT-VLV
NEC-CFL-97878,NEC-B-CB317859,RELATED,"Same category/mfg, different size/specs",NONE,CAT-CBL
CPI-PMP-47030,CPI-B-4739BE66,EXACT_DUPLICATE,"Identical MPN/Attributes, perturbed description",NONE,CAT-PMP
GME-BRG-76216,GME-B-44E0A63A,REQUIRES_ENGINEERING_REVIEW,Mismatched conditionally critical attribute,seal_type (Conditional),CAT-BRG
AHM-FLG-47413,AHM-B-20AA0213,FUNCTIONALLY_EQUIVALENT,"Different Manufacturer/MPN, identical critical attributes",NONE,CAT-FLG
NEC-FST-24547,NEC-B-0C684EFB,FUNCTIONALLY_EQUIVALENT,"Different Manufacturer/MPN, identical critical attributes",NONE,CAT-FST
CPI-PIP-41940,CPI-B-AC7203C1,FUNCTIONALLY_EQUIVALENT,"Different Manufacturer/MPN, identical critical attributes",NONE,CAT-PIP
BUS-CFL-26505,BUS-B-0DF0D868,NEAR_DUPLICATE,"Identical MPN, perturbed desc, dropped minor field",NONE,CAT-FST
NEC-DUP-91806,NEC-B-32C8B655,FUNCTIONALLY_EQUIVALENT,"Different Manufacturer/MPN, identical critical attributes",NONE,CAT-VLV
CPI-INS-58473,CPI-B-243942B4,NOT_EQUIVALENT,"Same category, critical attribute conflict",NONE,CAT-INS
NEC-PIP-37905,NEC-B-183FDC38,NOT_EQUIVALENT,Completely different category,CATEGORY_MISMATCH,CAT-PIP
GME-CBL-70063,GME-B-452F37F0,NEAR_DUPLICATE,"Identical MPN, perturbed desc, dropped minor field",NONE,CAT-CBL
BUS-PPE-22953,BUS-B-764A2240,NEAR_DUPLICATE,"Identical MPN, perturbed desc, dropped minor field",NONE,CAT-PPE
AHM-BRG-25928,AHM-B-5A6B0D28,REQUIRES_ENGINEERING_REVIEW,Mismatched conditionally critical attribute,seal_type (Conditional),CAT-BRG
GME-VLV-36641,GME-B-6EC6C494,EXACT_DUPLICATE,"Identical MPN/Attributes, perturbed description",NONE,CAT-VLV
GME-DUP-63150,GME-B-DD2244AE,EXACT_DUPLICATE,"Identical MPN/Attributes, perturbed description",NONE,CAT-PPE
GME-ELC-56439,GME-B-AD3C9B28,EXACT_DUPLICATE,"Identical MPN/Attributes, perturbed description",NONE,CAT-ELC
NEC-DUP-69927,NEC-B-116F55CB,EXACT_DUPLICATE,"Identical MPN/Attributes, perturbed description",NONE,CAT-ELC
CPI-FLG-26011,CPI-B-BEBF6DF7,RELATED,"Same category/mfg, different size/specs",NONE,CAT-FLG
BUS-INS-73851,BUS-B-E16AC16A,FUNCTIONALLY_EQUIVALENT,"Different Manufacturer/MPN, identical critical attributes",NONE,CAT-INS
GME-GSK-50682,GME-B-ECEF8EB0,NEAR_DUPLICATE,"Identical MPN, perturbed desc, dropped minor field",NONE,CAT-GSK
GME-FLG-48050,GME-B-E89A9CD1,FUNCTIONALLY_EQUIVALENT,"Different Manufacturer/MPN, identical critical attributes",NONE,CAT-FLG
BUS-VLV-83440,BUS-B-F467E4E4,NEAR_DUPLICATE,"Identical MPN, perturbed desc, dropped minor field",NONE,CAT-VLV
BUS-ELC-48567,BUS-B-4476969B,NOT_EQUIVALENT,"Same category, critical attribute conflict",NONE,CAT-ELC
BUS-FST-83504,BUS-B-409B07E9,RELATED,"Same category/mfg, different size/specs",NONE,CAT-FST
BUS-MTR-55067,BUS-B-A58DF5B6,RELATED,"Same category/mfg, different size/specs",NONE,CAT-MTR
GME-PIP-48972,GME-B-9029ACE8,NEAR_DUPLICATE,"Identical MPN, perturbed desc, dropped minor field",NONE,CAT-PIP
BUS-DUP-80838,BUS-B-95F8D343,RELATED,"Same category/mfg, different size/specs",NONE,CAT-MTR
CPI-INS-78371,CPI-B-B92DC656,RELATED,"Same category/mfg, different size/specs",NONE,CAT-INS
CPI-VLV-81841,CPI-B-6291AD9D,FUNCTIONALLY_EQUIVALENT,"Different Manufacturer/MPN, identical critical attributes",NONE,CAT-VLV
NEC-PIP-94435,NEC-B-9B3B7096,NEAR_DUPLICATE,"Identical MPN, perturbed desc, dropped minor field",NONE,CAT-PIP
BUS-PMP-15565,BUS-B-02FA04C5,NOT_EQUIVALENT,"Same category, critical attribute conflict",NONE,CAT-PMP
GME-INS-69656,GME-B-719EDCF6,EXACT_DUPLICATE,"Identical MPN/Attributes, perturbed description",NONE,CAT-INS
BUS-PIP-60833,BUS-B-05ECCFC4,EXACT_DUPLICATE,"Identical MPN/Attributes, perturbed description",NONE,CAT-PIP
NEC-VLV-76835,NEC-B-9A0284E0,FUNCTIONALLY_EQUIVALENT,"Different Manufacturer/MPN, identical critical attributes",NONE,CAT-VLV
BUS-PMP-78127,BUS-B-490876C5,EXACT_DUPLICATE,"Identical MPN/Attributes, perturbed description",NONE,CAT-PMP
BUS-LUB-90427,BUS-B-959B3FD5,NOT_EQUIVALENT,Completely different category,CATEGORY_MISMATCH,CAT-LUB
BUS-FST-10622,BUS-B-A1F0AF1F,NEAR_DUPLICATE,"Identical MPN, perturbed desc, dropped minor field",NONE,CAT-FST
AHM-FLG-37555,AHM-B-57C1C6DD,NOT_EQUIVALENT,Completely different category,CATEGORY_MISMATCH,CAT-FLG
CPI-PMP-25170,CPI-B-8D038C8D,NEAR_DUPLICATE,"Identical MPN, perturbed desc, dropped minor field",NONE,CAT-PMP
CPI-DUP-92686,CPI-B-B6949387,RELATED,"Same category/mfg, different size/specs",NONE,CAT-ELC
NEC-LUB-50379,NEC-B-D83EB2E7,NOT_EQUIVALENT,"Same category, critical attribute conflict",NONE,CAT-LUB
BUS-BRG-97973,BUS-B-C79C0C3C,EXACT_DUPLICATE,"Identical MPN/Attributes, perturbed description",NONE,CAT-BRG
CPI-MTR-63738,CPI-B-553A5E46,NOT_EQUIVALENT,Completely different category,CATEGORY_MISMATCH,CAT-MTR
GME-BRG-82808,GME-B-28470E08,REQUIRES_ENGINEERING_REVIEW,Mismatched conditionally critical attribute,seal_type (Conditional),CAT-BRG
AHM-FLG-75356,AHM-B-764DAC0C,NOT_EQUIVALENT,"Same category, critical attribute conflict",NONE,CAT-FLG
AHM-PMP-76900,AHM-B-CBD0D8C2,NEAR_DUPLICATE,"Identical MPN, perturbed desc, dropped minor field",NONE,CAT-PMP
AHM-CFL-70635,AHM-B-B7270D17,EXACT_DUPLICATE,"Identical MPN/Attributes, perturbed description",NONE,CAT-INS
GME-CFL-32341,GME-B-B4B5CEB4,RELATED,"Same category/mfg, different size/specs",NONE,CAT-FLG
CPI-BRG-76366,CPI-B-0E4EBA1C,REQUIRES_ENGINEERING_REVIEW,Mismatched conditionally critical attribute,seal_type (Conditional),CAT-BRG
NEC-DUP-52909,NEC-B-917E52AE,NOT_EQUIVALENT,Completely different category,CATEGORY_MISMATCH,CAT-FLG
GME-PPE-31306,GME-B-0E15A4C2,FUNCTIONALLY_EQUIVALENT,"Different Manufacturer/MPN, identical critical attributes",NONE,CAT-PPE
NEC-DUP-11548,NEC-B-80286846,FUNCTIONALLY_EQUIVALENT,"Different Manufacturer/MPN, identical critical attributes",NONE,CAT-MTR
NEC-BRG-88539,NEC-B-ECA26493,REQUIRES_ENGINEERING_REVIEW,Mismatched conditionally critical attribute,seal_type (Conditional),CAT-BRG
GME-PPE-10171,GME-B-23DB6DE2,FUNCTIONALLY_EQUIVALENT,"Different Manufacturer/MPN, identical critical attributes",NONE,CAT-PPE
GME-LUB-94897,GME-B-81D39205,NOT_EQUIVALENT,"Same category, critical attribute conflict",NONE,CAT-LUB
BUS-BRG-78084,BUS-B-3D9D181E,NEAR_DUPLICATE,"Identical MPN, perturbed desc, dropped minor field",NONE,CAT-BRG
CPI-PIP-89605,CPI-B-5DF1B7CC,NOT_EQUIVALENT,"Same category, critical attribute conflict",diameter,CAT-PIP
CPI-ELC-85597,CPI-B-EA46761D,RELATED,"Same category/mfg, different size/specs",NONE,CAT-ELC
GME-BRG-54785,GME-B-BEFB8C00,FUNCTIONALLY_EQUIVALENT,"Different Manufacturer/MPN, identical critical attributes",NONE,CAT-BRG
AHM-INS-39018,AHM-B-21A90C1F,NEAR_DUPLICATE,"Identical MPN, perturbed desc, dropped minor field",NONE,CAT-INS
CPI-INS-30909,CPI-B-F1A0FF38,NOT_EQUIVALENT,"Same category, critical attribute conflict",NONE,CAT-INS
BUS-FST-85574,BUS-B-60DDBCD4,RELATED,"Same category/mfg, different size/specs",NONE,CAT-FST
CPI-ELC-69571,CPI-B-74EEF572,RELATED,"Same category/mfg, different size/specs",NONE,CAT-ELC
GME-INS-74602,GME-B-4A9F6F27,FUNCTIONALLY_EQUIVALENT,"Different Manufacturer/MPN, identical critical attributes",NONE,CAT-INS
NEC-BRG-88539,NEC-B-3FA2CA4E,REQUIRES_ENGINEERING_REVIEW,Mismatched conditionally critical attribute,seal_type (Conditional),CAT-BRG
BUS-PMP-81360,BUS-B-CC72BB88,NOT_EQUIVALENT,Completely different category,CATEGORY_MISMATCH,CAT-PMP
AHM-PMP-64707,AHM-B-49C9F071,RELATED,"Same category/mfg, different size/specs",NONE,CAT-PMP
CPI-INS-94976,CPI-B-3F07C91E,NEAR_DUPLICATE,"Identical MPN, perturbed desc, dropped minor field",NONE,CAT-INS
AHM-DUP-61539,AHM-B-AF86B8F0,FUNCTIONALLY_EQUIVALENT,"Different Manufacturer/MPN, identical critical attributes",NONE,CAT-PMP
CPI-VLV-58500,CPI-B-F0D7044A,RELATED,"Same category/mfg, different size/specs",NONE,CAT-VLV
AHM-PMP-15131,AHM-B-CC7455CC,RELATED,"Same category/mfg, different size/specs",NONE,CAT-PMP
AHM-ELC-53831,AHM-B-986A9800,EXACT_DUPLICATE,"Identical MPN/Attributes, perturbed description",NONE,CAT-ELC
AHM-ELC-74254,AHM-B-971127DD,EXACT_DUPLICATE,"Identical MPN/Attributes, perturbed description",NONE,CAT-ELC
CPI-CBL-95103,CPI-B-5D060C38,NOT_EQUIVALENT,"Same category, critical attribute conflict",NONE,CAT-CBL
CPI-DUP-29359,CPI-B-A07CDDAE,RELATED,"Same category/mfg, different size/specs",NONE,CAT-INS
CPI-INS-71482,CPI-B-0F7C3854,NEAR_DUPLICATE,"Identical MPN, perturbed desc, dropped minor field",NONE,CAT-INS
BUS-ELC-40724,BUS-B-C6EDE075,FUNCTIONALLY_EQUIVALENT,"Different Manufacturer/MPN, identical critical attributes",NONE,CAT-ELC
CPI-FST-49348,CPI-B-B471AE98,NEAR_DUPLICATE,"Identical MPN, perturbed desc, dropped minor field",NONE,CAT-FST
AHM-BRG-34834,AHM-B-3711491B,REQUIRES_ENGINEERING_REVIEW,Mismatched conditionally critical attribute,seal_type (Conditional),CAT-BRG
GME-PPE-66632,GME-B-DB2DC70D,EXACT_DUPLICATE,"Identical MPN/Attributes, perturbed description",NONE,CAT-PPE
AHM-PPE-48973,AHM-B-81D85D74,NEAR_DUPLICATE,"Identical MPN, perturbed desc, dropped minor field",NONE,CAT-PPE
NEC-PPE-61642,NEC-B-19C4E1C6,RELATED,"Same category/mfg, different size/specs",NONE,CAT-PPE
AHM-PPE-82294,AHM-B-C8C2882C,NEAR_DUPLICATE,"Identical MPN, perturbed desc, dropped minor field",NONE,CAT-PPE
AHM-CBL-64827,AHM-B-091A286D,NEAR_DUPLICATE,"Identical MPN, perturbed desc, dropped minor field",NONE,CAT-CBL
CPI-CBL-96361,CPI-B-AC441818,NEAR_DUPLICATE,"Identical MPN, perturbed desc, dropped minor field",NONE,CAT-CBL
NEC-GSK-81061,NEC-B-88EA94BC,NEAR_DUPLICATE,"Identical MPN, perturbed desc, dropped minor field",NONE,CAT-GSK
CPI-FST-85451,CPI-B-15EE03BA,RELATED,"Same category/mfg, different size/specs",NONE,CAT-FST
CPI-PMP-11183,CPI-B-BDB62375,NEAR_DUPLICATE,"Identical MPN, perturbed desc, dropped minor field",NONE,CAT-PMP
AHM-BRG-45116,AHM-B-B5C2AAD5,REQUIRES_ENGINEERING_REVIEW,Mismatched conditionally critical attribute,seal_type (Conditional),CAT-BRG
NEC-BRG-71729,NEC-B-E01CAB75,REQUIRES_ENGINEERING_REVIEW,Mismatched conditionally critical attribute,seal_type (Conditional),CAT-BRG
GME-DUP-74129,GME-B-8A21BCA7,RELATED,"Same category/mfg, different size/specs",NONE,CAT-LUB
BUS-VLV-62662,BUS-B-30BF3417,FUNCTIONALLY_EQUIVALENT,"Different Manufacturer/MPN, identical critical attributes",NONE,CAT-VLV
AHM-DUP-22646,AHM-B-D8D7C74E,NOT_EQUIVALENT,"Same category, critical attribute conflict",power,CAT-MTR
NEC-DUP-11963,NEC-B-BCDE5827,RELATED,"Same category/mfg, different size/specs",NONE,CAT-GSK
NEC-PMP-74320,NEC-B-B497F4D8,EXACT_DUPLICATE,"Identical MPN/Attributes, perturbed description",NONE,CAT-PMP
CPI-CFL-11733,CPI-B-29979948,FUNCTIONALLY_EQUIVALENT,"Different Manufacturer/MPN, identical critical attributes",NONE,CAT-BRG
AHM-CBL-87537,AHM-B-595F95F0,NOT_EQUIVALENT,"Same category, critical attribute conflict",NONE,CAT-CBL
BUS-INS-97422,BUS-B-6FBDB006,NEAR_DUPLICATE,"Identical MPN, perturbed desc, dropped minor field",NONE,CAT-INS
AHM-PIP-25024,AHM-B-D3485DF9,NEAR_DUPLICATE,"Identical MPN, perturbed desc, dropped minor field",NONE,CAT-PIP
BUS-ELC-46499,BUS-B-85D13171,FUNCTIONALLY_EQUIVALENT,"Different Manufacturer/MPN, identical critical attributes",NONE,CAT-ELC
BUS-DUP-93342,BUS-B-90C302B9,NEAR_DUPLICATE,"Identical MPN, perturbed desc, dropped minor field",NONE,CAT-PMP
GME-FLG-60213,GME-B-8AD3DF16,NOT_EQUIVALENT,"Same category, critical attribute conflict",NONE,CAT-FLG
CPI-INS-49521,CPI-B-7C9DE46D,RELATED,"Same category/mfg, different size/specs",NONE,CAT-INS
GME-DUP-90611,GME-B-3D3A54DF,NEAR_DUPLICATE,"Identical MPN, perturbed desc, dropped minor field",NONE,CAT-ELC
AHM-CBL-83080,AHM-B-FA39071F,FUNCTIONALLY_EQUIVALENT,"Different Manufacturer/MPN, identical critical attributes",NONE,CAT-CBL
AHM-FLG-66370,AHM-B-6A07E888,NOT_EQUIVALENT,Completely different category,CATEGORY_MISMATCH,CAT-FLG
CPI-CBL-55829,CPI-B-1EA82609,RELATED,"Same category/mfg, different size/specs",NONE,CAT-CBL
GME-MTR-41141,GME-B-E089AAB1,NOT_EQUIVALENT,Completely different category,CATEGORY_MISMATCH,CAT-MTR
GME-PIP-99960,GME-B-35933BBF,FUNCTIONALLY_EQUIVALENT,"Different Manufacturer/MPN, identical critical attributes",NONE,CAT-PIP
NEC-INS-68275,NEC-B-5ACCDAB4,FUNCTIONALLY_EQUIVALENT,"Different Manufacturer/MPN, identical critical attributes",NONE,CAT-INS
GME-FLG-36435,GME-B-E6B5BC28,NEAR_DUPLICATE,"Identical MPN, perturbed desc, dropped minor field",NONE,CAT-FLG
AHM-BRG-19180,AHM-B-512370A6,REQUIRES_ENGINEERING_REVIEW,Mismatched conditionally critical attribute,seal_type (Conditional),CAT-BRG
AHM-BRG-78627,AHM-B-FAB007F3,REQUIRES_ENGINEERING_REVIEW,Mismatched conditionally critical attribute,seal_type (Conditional),CAT-BRG
NEC-PPE-56616,NEC-B-00692E75,FUNCTIONALLY_EQUIVALENT,"Different Manufacturer/MPN, identical critical attributes",NONE,CAT-PPE
BUS-DUP-36434,BUS-B-693FE3D8,FUNCTIONALLY_EQUIVALENT,"Different Manufacturer/MPN, identical critical attributes",NONE,CAT-FST
GME-BRG-16528,GME-B-88B2601E,REQUIRES_ENGINEERING_REVIEW,Mismatched conditionally critical attribute,seal_type (Conditional),CAT-BRG
GME-PMP-28254,GME-B-831B8BB7,NOT_EQUIVALENT,Completely different category,CATEGORY_MISMATCH,CAT-PMP
GME-FLG-52605,GME-B-01B37AC2,EXACT_DUPLICATE,"Identical MPN/Attributes, perturbed description",NONE,CAT-FLG
BUS-INS-90865,BUS-B-CD674A82,NEAR_DUPLICATE,"Identical MPN, perturbed desc, dropped minor field",NONE,CAT-INS
AHM-DUP-76761,AHM-B-FC86566E,RELATED,"Same category/mfg, different size/specs",NONE,CAT-FST
GME-BRG-54382,GME-B-0D3BA06A,FUNCTIONALLY_EQUIVALENT,"Different Manufacturer/MPN, identical critical attributes",NONE,CAT-BRG
AHM-CBL-47204,AHM-B-4499BF91,RELATED,"Same category/mfg, different size/specs",NONE,CAT-CBL
NEC-CFL-26103,NEC-B-903812D3,NOT_EQUIVALENT,"Same category, critical attribute conflict",NONE,CAT-PMP
NEC-GSK-88003,NEC-B-F03389F8,EXACT_DUPLICATE,"Identical MPN/Attributes, perturbed description",NONE,CAT-GSK
GME-INS-65373,GME-B-EFBD2B8C,EXACT_DUPLICATE,"Identical MPN/Attributes, perturbed description",NONE,CAT-INS
CPI-LUB-66927,CPI-B-6B6B5A2C,NEAR_DUPLICATE,"Identical MPN, perturbed desc, dropped minor field",NONE,CAT-LUB
NEC-BRG-49390,NEC-B-D69D6B6C,REQUIRES_ENGINEERING_REVIEW,Mismatched conditionally critical attribute,seal_type (Conditional),CAT-BRG
GME-LUB-91181,GME-B-F97FDE99,FUNCTIONALLY_EQUIVALENT,"Different Manufacturer/MPN, identical critical attributes",NONE,CAT-LUB
CPI-FST-16139,CPI-B-8438784D,FUNCTIONALLY_EQUIVALENT,"Different Manufacturer/MPN, identical critical attributes",NONE,CAT-FST
CPI-VLV-19588,CPI-B-FBE49A81,NEAR_DUPLICATE,"Identical MPN, perturbed desc, dropped minor field",NONE,CAT-VLV
CPI-DUP-73055,CPI-B-1EE322A5,NOT_EQUIVALENT,"Same category, critical attribute conflict",NONE,CAT-PMP
CPI-BRG-47898,CPI-B-59ABA1CD,REQUIRES_ENGINEERING_REVIEW,Mismatched conditionally critical attribute,seal_type (Conditional),CAT-BRG
AHM-BRG-84946,AHM-B-FC5D2F15,REQUIRES_ENGINEERING_REVIEW,Mismatched conditionally critical attribute,seal_type (Conditional),CAT-BRG
AHM-BRG-38647,AHM-B-E12D6AEC,NEAR_DUPLICATE,"Identical MPN, perturbed desc, dropped minor field",NONE,CAT-BRG
AHM-LUB-18109,AHM-B-ADE0F448,EXACT_DUPLICATE,"Identical MPN/Attributes, perturbed description",NONE,CAT-LUB
CPI-BRG-74887,CPI-B-BEC35F7F,REQUIRES_ENGINEERING_REVIEW,Mismatched conditionally critical attribute,seal_type (Conditional),CAT-BRG
AHM-LUB-35774,AHM-B-A5B11429,RELATED,"Same category/mfg, different size/specs",NONE,CAT-LUB
AHM-PIP-84207,AHM-B-7AF67F24,NOT_EQUIVALENT,Completely different category,CATEGORY_MISMATCH,CAT-PIP
NEC-PMP-70928,NEC-B-1C08972B,NOT_EQUIVALENT,Completely different category,CATEGORY_MISMATCH,CAT-PMP
AHM-INS-28618,AHM-B-547C856D,FUNCTIONALLY_EQUIVALENT,"Different Manufacturer/MPN, identical critical attributes",NONE,CAT-INS
CPI-CBL-79971,CPI-B-C8CF370E,NOT_EQUIVALENT,Completely different category,CATEGORY_MISMATCH,CAT-CBL
BUS-CFL-50617,BUS-B-E4A3921F,NOT_EQUIVALENT,"Same category, critical attribute conflict",material_grade,CAT-PIP
AHM-FST-70566,AHM-B-A9ACFA74,NEAR_DUPLICATE,"Identical MPN, perturbed desc, dropped minor field",NONE,CAT-FST
GME-FST-78137,GME-B-F063D397,FUNCTIONALLY_EQUIVALENT,"Different Manufacturer/MPN, identical critical attributes",NONE,CAT-FST
CPI-BRG-40622,CPI-B-00160C02,REQUIRES_ENGINEERING_REVIEW,Mismatched conditionally critical attribute,seal_type (Conditional),CAT-BRG
GME-INS-72768,GME-B-0D1E719F,NOT_EQUIVALENT,Completely different category,CATEGORY_MISMATCH,CAT-INS
NEC-MTR-59995,NEC-B-E01E488B,EXACT_DUPLICATE,"Identical MPN/Attributes, perturbed description",NONE,CAT-MTR
CPI-DUP-31435,CPI-B-147492E4,NEAR_DUPLICATE,"Identical MPN, perturbed desc, dropped minor field",NONE,CAT-ELC
GME-FST-22725,GME-B-BE221348,EXACT_DUPLICATE,"Identical MPN/Attributes, perturbed description",NONE,CAT-FST
CPI-VLV-96347,CPI-B-A54AFDFA,NEAR_DUPLICATE,"Identical MPN, perturbed desc, dropped minor field",NONE,CAT-VLV
CPI-MTR-84957,CPI-B-3E82AAA3,FUNCTIONALLY_EQUIVALENT,"Different Manufacturer/MPN, identical critical attributes",NONE,CAT-MTR
BUS-MTR-52521,BUS-B-A67ABA00,NOT_EQUIVALENT,"Same category, critical attribute conflict",voltage,CAT-MTR
NEC-PMP-64116,NEC-B-3E322D49,NOT_EQUIVALENT,"Same category, critical attribute conflict",NONE,CAT-PMP
BUS-MTR-65175,BUS-B-7459E032,EXACT_DUPLICATE,"Identical MPN/Attributes, perturbed description",NONE,CAT-MTR
AHM-DUP-61442,AHM-B-47E243ED,REQUIRES_ENGINEERING_REVIEW,Mismatched conditionally critical attribute,seal_type (Conditional),CAT-BRG
NEC-DUP-71423,NEC-B-BF32E842,FUNCTIONALLY_EQUIVALENT,"Different Manufacturer/MPN, identical critical attributes",NONE,CAT-CBL
NEC-BRG-65330,NEC-B-385CC530,REQUIRES_ENGINEERING_REVIEW,Mismatched conditionally critical attribute,seal_type (Conditional),CAT-BRG
BUS-ELC-67451,BUS-B-2A675768,RELATED,"Same category/mfg, different size/specs",NONE,CAT-ELC
BUS-CFL-10088,BUS-B-2891CB77,FUNCTIONALLY_EQUIVALENT,"Different Manufacturer/MPN, identical critical attributes",NONE,CAT-VLV
GME-INS-22605,GME-B-41FFA8B2,FUNCTIONALLY_EQUIVALENT,"Different Manufacturer/MPN, identical critical attributes",NONE,CAT-INS
NEC-MTR-84244,NEC-B-377E147E,NEAR_DUPLICATE,"Identical MPN, perturbed desc, dropped minor field",NONE,CAT-MTR
AHM-BRG-54684,AHM-B-FE87E723,FUNCTIONALLY_EQUIVALENT,"Different Manufacturer/MPN, identical critical attributes",NONE,CAT-BRG
CPI-PPE-61473,CPI-B-EA182010,RELATED,"Same category/mfg, different size/specs",NONE,CAT-PPE
GME-CBL-36295,GME-B-5047CCAD,EXACT_DUPLICATE,"Identical MPN/Attributes, perturbed description",NONE,CAT-CBL
CPI-INS-62193,CPI-B-B7AE9C88,FUNCTIONALLY_EQUIVALENT,"Different Manufacturer/MPN, identical critical attributes",NONE,CAT-INS
BUS-BRG-37323,BUS-B-AFBB3F00,RELATED,"Same category/mfg, different size/specs",NONE,CAT-BRG
CPI-PMP-89473,CPI-B-26AB15F2,EXACT_DUPLICATE,"Identical MPN/Attributes, perturbed description",NONE,CAT-PMP
AHM-CFL-99614,AHM-B-EE47CD66,NOT_EQUIVALENT,"Same category, critical attribute conflict",NONE,CAT-FLG
BUS-FST-63897,BUS-B-F41CC2AC,RELATED,"Same category/mfg, different size/specs",NONE,CAT-FST
AHM-VLV-20596,AHM-B-760F16FF,RELATED,"Same category/mfg, different size/specs",NONE,CAT-VLV
NEC-LUB-29793,NEC-B-1AA4BCC1,NOT_EQUIVALENT,"Same category, critical attribute conflict",NONE,CAT-LUB
AHM-VLV-77804,AHM-B-AF70FAA0,EXACT_DUPLICATE,"Identical MPN/Attributes, perturbed description",NONE,CAT-VLV
BUS-BRG-33520,BUS-B-9AADCE41,REQUIRES_ENGINEERING_REVIEW,Mismatched conditionally critical attribute,seal_type (Conditional),CAT-BRG
BUS-DUP-80471,BUS-B-AE7D4F02,REQUIRES_ENGINEERING_REVIEW,Mismatched conditionally critical attribute,seal_type (Conditional),CAT-BRG
AHM-GSK-52133,AHM-B-525DD728,RELATED,"Same category/mfg, different size/specs",NONE,CAT-GSK
GME-DUP-50013,GME-B-C41048DE,EXACT_DUPLICATE,"Identical MPN/Attributes, perturbed description",NONE,CAT-BRG
CPI-GSK-34931,CPI-B-FFCBEDE2,FUNCTIONALLY_EQUIVALENT,"Different Manufacturer/MPN, identical critical attributes",NONE,CAT-GSK
NEC-PIP-30822,NEC-B-470706AF,NOT_EQUIVALENT,"Same category, critical attribute conflict",schedule,CAT-PIP
BUS-CBL-84483,BUS-B-95527971,NOT_EQUIVALENT,"Same category, critical attribute conflict",NONE,CAT-CBL
AHM-CFL-46427,AHM-B-D4B31A2E,NEAR_DUPLICATE,"Identical MPN, perturbed desc, dropped minor field",NONE,CAT-ELC
BUS-PIP-63171,BUS-B-610133E1,FUNCTIONALLY_EQUIVALENT,"Different Manufacturer/MPN, identical critical attributes",NONE,CAT-PIP
GME-DUP-60028,GME-B-523EF5E9,RELATED,"Same category/mfg, different size/specs",NONE,CAT-GSK
GME-DUP-21845,GME-B-6E654941,EXACT_DUPLICATE,"Identical MPN/Attributes, perturbed description",NONE,CAT-MTR
GME-PIP-42226,GME-B-A327A7D1,RELATED,"Same category/mfg, different size/specs",NONE,CAT-PIP
NEC-CFL-72333,NEC-B-0BB92E09,FUNCTIONALLY_EQUIVALENT,"Different Manufacturer/MPN, identical critical attributes",NONE,CAT-INS
NEC-PMP-53988,NEC-B-C6C99EAB,EXACT_DUPLICATE,"Identical MPN/Attributes, perturbed description",NONE,CAT-PMP
BUS-BRG-92577,BUS-B-D96C1658,REQUIRES_ENGINEERING_REVIEW,Mismatched conditionally critical attribute,seal_type (Conditional),CAT-BRG
GME-VLV-55871,GME-B-07D659E5,FUNCTIONALLY_EQUIVALENT,"Different Manufacturer/MPN, identical critical attributes",NONE,CAT-VLV
CPI-VLV-88994,CPI-B-90117FB7,NEAR_DUPLICATE,"Identical MPN, perturbed desc, dropped minor field",NONE,CAT-VLV
AHM-BRG-31471,AHM-B-F8095AF4,REQUIRES_ENGINEERING_REVIEW,Mismatched conditionally critical attribute,seal_type (Conditional),CAT-BRG
NEC-ELC-17776,NEC-B-01535526,NEAR_DUPLICATE,"Identical MPN, perturbed desc, dropped minor field",NONE,CAT-ELC
NEC-GSK-89447,NEC-B-73EF0F1E,EXACT_DUPLICATE,"Identical MPN/Attributes, perturbed description",NONE,CAT-GSK
AHM-FST-54835,AHM-B-3C4F52C7,NOT_EQUIVALENT,"Same category, critical attribute conflict",NONE,CAT-FST
BUS-FST-51460,BUS-B-B6CB7348,RELATED,"Same category/mfg, different size/specs",NONE,CAT-FST
BUS-CFL-10371,BUS-B-03926FB3,EXACT_DUPLICATE,"Identical MPN/Attributes, perturbed description",NONE,CAT-INS
NEC-DUP-50915,NEC-B-5C167E73,NEAR_DUPLICATE,"Identical MPN, perturbed desc, dropped minor field",NONE,CAT-LUB
CPI-GSK-59035,CPI-B-877FBE6B,EXACT_DUPLICATE,"Identical MPN/Attributes, perturbed description",NONE,CAT-GSK
CPI-CBL-57696,CPI-B-80A63C4E,EXACT_DUPLICATE,"Identical MPN/Attributes, perturbed description",NONE,CAT-CBL
CPI-VLV-10625,CPI-B-11AF8EF8,RELATED,"Same category/mfg, different size/specs",NONE,CAT-VLV
AHM-BRG-82387,AHM-B-9E8FAEBC,REQUIRES_ENGINEERING_REVIEW,Mismatched conditionally critical attribute,seal_type (Conditional),CAT-BRG
GME-ELC-30027,GME-B-8F765E2C,FUNCTIONALLY_EQUIVALENT,"Different Manufacturer/MPN, identical critical attributes",NONE,CAT-ELC
AHM-CFL-56874,AHM-B-F0D03B5D,NEAR_DUPLICATE,"Identical MPN, perturbed desc, dropped minor field",NONE,CAT-FST
GME-BRG-40111,GME-B-52DFCC5A,REQUIRES_ENGINEERING_REVIEW,Mismatched conditionally critical attribute,seal_type (Conditional),CAT-BRG
BUS-DUP-17803,BUS-B-688BA4C2,NEAR_DUPLICATE,"Identical MPN, perturbed desc, dropped minor field",NONE,CAT-CBL
BUS-FLG-72676,BUS-B-BC332D6C,RELATED,"Same category/mfg, different size/specs",NONE,CAT-FLG
BUS-PIP-35047,BUS-B-6BEC3230,RELATED,"Same category/mfg, different size/specs",NONE,CAT-PIP
BUS-FST-39019,BUS-B-7C00A009,EXACT_DUPLICATE,"Identical MPN/Attributes, perturbed description",NONE,CAT-FST
GME-LUB-37567,GME-B-A78DA039,NOT_EQUIVALENT,"Same category, critical attribute conflict",NONE,CAT-LUB
GME-ELC-66344,GME-B-07D78B5E,NOT_EQUIVALENT,"Same category, critical attribute conflict",NONE,CAT-ELC
GME-BRG-96232,GME-B-AD342A73,REQUIRES_ENGINEERING_REVIEW,Mismatched conditionally critical attribute,seal_type (Conditional),CAT-BRG
NEC-FLG-90192,NEC-B-C8D96DAF,RELATED,"Same category/mfg, different size/specs",NONE,CAT-FLG
GME-DUP-81545,GME-B-27DA7791,NOT_EQUIVALENT,Completely different category,CATEGORY_MISMATCH,CAT-INS
AHM-FLG-36033,AHM-B-C6F489CA,NEAR_DUPLICATE,"Identical MPN, perturbed desc, dropped minor field",NONE,CAT-FLG
NEC-PIP-38775,NEC-B-55850D5A,FUNCTIONALLY_EQUIVALENT,"Different Manufacturer/MPN, identical critical attributes",NONE,CAT-PIP
BUS-VLV-59883,BUS-B-047D6601,NEAR_DUPLICATE,"Identical MPN, perturbed desc, dropped minor field",NONE,CAT-VLV
BUS-DUP-10686,BUS-B-C0442D7E,REQUIRES_ENGINEERING_REVIEW,Mismatched conditionally critical attribute,seal_type (Conditional),CAT-BRG
BUS-PPE-10265,BUS-B-86840C1A,RELATED,"Same category/mfg, different size/specs",NONE,CAT-PPE
NEC-CBL-81437,NEC-B-406668D3,FUNCTIONALLY_EQUIVALENT,"Different Manufacturer/MPN, identical critical attributes",NONE,CAT-CBL
CPI-BRG-65340,CPI-B-07069120,REQUIRES_ENGINEERING_REVIEW,Mismatched conditionally critical attribute,seal_type (Conditional),CAT-BRG
AHM-BRG-40595,AHM-B-932D752B,REQUIRES_ENGINEERING_REVIEW,Mismatched conditionally critical attribute,seal_type (Conditional),CAT-BRG
CPI-BRG-67229,CPI-B-34048AC4,REQUIRES_ENGINEERING_REVIEW,Mismatched conditionally critical attribute,seal_type (Conditional),CAT-BRG
BUS-CFL-40192,BUS-B-6F2FB719,NEAR_DUPLICATE,"Identical MPN, perturbed desc, dropped minor field",NONE,CAT-FLG
BUS-FLG-53092,BUS-B-9FD84240,NOT_EQUIVALENT,"Same category, critical attribute conflict",NONE,CAT-FLG
AHM-BRG-39514,AHM-B-CE66280A,REQUIRES_ENGINEERING_REVIEW,Mismatched conditionally critical attribute,seal_type (Conditional),CAT-BRG
AHM-ELC-88826,AHM-B-E5BB0E82,NOT_EQUIVALENT,"Same category, critical attribute conflict",NONE,CAT-ELC
NEC-PPE-89298,NEC-B-93F495E8,EXACT_DUPLICATE,"Identical MPN/Attributes, perturbed description",NONE,CAT-PPE
GME-PIP-22867,GME-B-04CCC649,RELATED,"Same category/mfg, different size/specs",NONE,CAT-PIP
GME-BRG-51419,GME-B-3FA0F2E3,NOT_EQUIVALENT,"Same category, critical attribute conflict",NONE,CAT-BRG
CPI-BRG-86818,CPI-B-3A6DA841,REQUIRES_ENGINEERING_REVIEW,Mismatched conditionally critical attribute,seal_type (Conditional),CAT-BRG
CPI-BRG-30299,CPI-B-BCD9978B,EXACT_DUPLICATE,"Identical MPN/Attributes, perturbed description",NONE,CAT-BRG
GME-GSK-34762,GME-B-13A56E31,FUNCTIONALLY_EQUIVALENT,"Different Manufacturer/MPN, identical critical attributes",NONE,CAT-GSK
AHM-PPE-31427,AHM-B-69D2AAE1,NOT_EQUIVALENT,"Same category, critical attribute conflict",NONE,CAT-PPE
BUS-FST-62483,BUS-B-B76D66F2,RELATED,"Same category/mfg, different size/specs",NONE,CAT-FST
NEC-PMP-34103,NEC-B-90F571F3,EXACT_DUPLICATE,"Identical MPN/Attributes, perturbed description",NONE,CAT-PMP
CPI-CFL-43281,CPI-B-796873D0,EXACT_DUPLICATE,"Identical MPN/Attributes, perturbed description",NONE,CAT-CBL
BUS-DUP-83803,BUS-B-65D64DB9,NOT_EQUIVALENT,"Same category, critical attribute conflict",NONE,CAT-PMP
CPI-LUB-55587,CPI-B-A531C427,EXACT_DUPLICATE,"Identical MPN/Attributes, perturbed description",NONE,CAT-LUB
CPI-DUP-10504,CPI-B-79070054,RELATED,"Same category/mfg, different size/specs",NONE,CAT-CBL
AHM-FLG-12776,AHM-B-C336BBB8,RELATED,"Same category/mfg, different size/specs",NONE,CAT-FLG
AHM-PPE-51829,AHM-B-8DF9D9C1,EXACT_DUPLICATE,"Identical MPN/Attributes, perturbed description",NONE,CAT-PPE
BUS-BRG-41820,BUS-B-5E0F1075,NEAR_DUPLICATE,"Identical MPN, perturbed desc, dropped minor field",NONE,CAT-BRG
BUS-FST-12988,BUS-B-048F8709,RELATED,"Same category/mfg, different size/specs",NONE,CAT-FST
BUS-CFL-88941,BUS-B-80616DC0,EXACT_DUPLICATE,"Identical MPN/Attributes, perturbed description",NONE,CAT-CBL
GME-PIP-29919,GME-B-B69133A7,FUNCTIONALLY_EQUIVALENT,"Different Manufacturer/MPN, identical critical attributes",NONE,CAT-PIP
AHM-ELC-26979,AHM-B-1B41548A,EXACT_DUPLICATE,"Identical MPN/Attributes, perturbed description",NONE,CAT-ELC
AHM-DUP-26631,AHM-B-BC969099,FUNCTIONALLY_EQUIVALENT,"Different Manufacturer/MPN, identical critical attributes",NONE,CAT-LUB
GME-DUP-53315,GME-B-C5C7E2FC,RELATED,"Same category/mfg, different size/specs",NONE,CAT-PPE
CPI-PMP-54346,CPI-B-7C8FF737,FUNCTIONALLY_EQUIVALENT,"Different Manufacturer/MPN, identical critical attributes",NONE,CAT-PMP
CPI-PIP-20814,CPI-B-6FCBA241,NOT_EQUIVALENT,"Same category, critical attribute conflict",material_grade,CAT-PIP
CPI-CBL-40408,CPI-B-C8E24FF8,EXACT_DUPLICATE,"Identical MPN/Attributes, perturbed description",NONE,CAT-CBL
AHM-LUB-32557,AHM-B-3E75DB46,FUNCTIONALLY_EQUIVALENT,"Different Manufacturer/MPN, identical critical attributes",NONE,CAT-LUB
CPI-LUB-51262,CPI-B-6591C4D4,NOT_EQUIVALENT,"Same category, critical attribute conflict",NONE,CAT-LUB
GME-LUB-76628,GME-B-0B7D19BD,RELATED,"Same category/mfg, different size/specs",NONE,CAT-LUB
AHM-DUP-95866,AHM-B-6BC22E07,NEAR_DUPLICATE,"Identical MPN, perturbed desc, dropped minor field",NONE,CAT-ELC
BUS-BRG-98911,BUS-B-2AD85DD6,EXACT_DUPLICATE,"Identical MPN/Attributes, perturbed description",NONE,CAT-BRG
NEC-GSK-41004,NEC-B-A6223F13,FUNCTIONALLY_EQUIVALENT,"Different Manufacturer/MPN, identical critical attributes",NONE,CAT-GSK
AHM-FLG-37549,AHM-B-DB524FF5,RELATED,"Same category/mfg, different size/specs",NONE,CAT-FLG
GME-FST-59746,GME-B-44977F3A,NEAR_DUPLICATE,"Identical MPN, perturbed desc, dropped minor field",NONE,CAT-FST
NEC-LUB-25787,NEC-B-0D72610A,FUNCTIONALLY_EQUIVALENT,"Different Manufacturer/MPN, identical critical attributes",NONE,CAT-LUB
AHM-CFL-56874,AHM-B-850446C6,FUNCTIONALLY_EQUIVALENT,"Different Manufacturer/MPN, identical critical attributes",NONE,CAT-FST
NEC-CBL-53528,NEC-B-B5274FC6,RELATED,"Same category/mfg, different size/specs",NONE,CAT-CBL
BUS-PPE-11271,BUS-B-23795768,RELATED,"Same category/mfg, different size/specs",NONE,CAT-PPE
BUS-FST-46002,BUS-B-071412AA,NOT_EQUIVALENT,"Same category, critical attribute conflict",NONE,CAT-FST
AHM-BRG-69733,AHM-B-C66F8202,REQUIRES_ENGINEERING_REVIEW,Mismatched conditionally critical attribute,seal_type (Conditional),CAT-BRG
CPI-BRG-81463,CPI-B-AB049DA0,EXACT_DUPLICATE,"Identical MPN/Attributes, perturbed description",NONE,CAT-BRG
GME-BRG-46480,GME-B-3EA3AEAF,REQUIRES_ENGINEERING_REVIEW,Mismatched conditionally critical attribute,seal_type (Conditional),CAT-BRG
AHM-INS-98115,AHM-B-0D58DDE6,NOT_EQUIVALENT,Completely different category,CATEGORY_MISMATCH,CAT-INS
BUS-CFL-62222,BUS-B-962ABE6F,FUNCTIONALLY_EQUIVALENT,"Different Manufacturer/MPN, identical critical attributes",NONE,CAT-INS
CPI-PIP-46897,CPI-B-21B216DA,RELATED,"Same category/mfg, different size/specs",NONE,CAT-PIP
AHM-VLV-46691,AHM-B-5A827D0F,NOT_EQUIVALENT,Completely different category,CATEGORY_MISMATCH,CAT-VLV
CPI-PMP-76382,CPI-B-9CDEFBD7,NOT_EQUIVALENT,Completely different category,CATEGORY_MISMATCH,CAT-PMP
CPI-BRG-40622,CPI-B-CE1612FA,NOT_EQUIVALENT,Completely different category,CATEGORY_MISMATCH,CAT-BRG
AHM-LUB-33606,AHM-B-85F1E0B3,NOT_EQUIVALENT,Completely different category,CATEGORY_MISMATCH,CAT-LUB
CPI-INS-49521,CPI-B-89DD0D6A,EXACT_DUPLICATE,"Identical MPN/Attributes, perturbed description",NONE,CAT-INS
AHM-CBL-68641,AHM-B-EB945BC1,RELATED,"Same category/mfg, different size/specs",NONE,CAT-CBL
AHM-FST-22184,AHM-B-A62272C2,NOT_EQUIVALENT,Completely different category,CATEGORY_MISMATCH,CAT-FST
NEC-LUB-80949,NEC-B-FEB3BF6D,RELATED,"Same category/mfg, different size/specs",NONE,CAT-LUB
NEC-VLV-19624,NEC-B-89DA816D,RELATED,"Same category/mfg, different size/specs",NONE,CAT-VLV
NEC-VLV-80596,NEC-B-2E127AFE,FUNCTIONALLY_EQUIVALENT,"Different Manufacturer/MPN, identical critical attributes",NONE,CAT-VLV
CPI-ELC-97548,CPI-B-ACF4C9C9,NOT_EQUIVALENT,"Same category, critical attribute conflict",NONE,CAT-ELC
AHM-BRG-71910,AHM-B-476E85B7,REQUIRES_ENGINEERING_REVIEW,Mismatched conditionally critical attribute,seal_type (Conditional),CAT-BRG
GME-CFL-51874,GME-B-342B878F,RELATED,"Same category/mfg, different size/specs",NONE,CAT-PMP
NEC-DUP-72399,NEC-B-995349F9,NEAR_DUPLICATE,"Identical MPN, perturbed desc, dropped minor field",NONE,CAT-FST
AHM-DUP-47186,AHM-B-3A018A4A,REQUIRES_ENGINEERING_REVIEW,Mismatched conditionally critical attribute,seal_type (Conditional),CAT-BRG
CPI-PPE-86181,CPI-B-F2B3FF63,NOT_EQUIVALENT,"Same category, critical attribute conflict",NONE,CAT-PPE
GME-INS-38031,GME-B-EE06D731,NOT_EQUIVALENT,"Same category, critical attribute conflict",NONE,CAT-INS
CPI-INS-68637,CPI-B-FF3FB35E,NEAR_DUPLICATE,"Identical MPN, perturbed desc, dropped minor field",NONE,CAT-INS
AHM-GSK-65245,AHM-B-532154FA,NOT_EQUIVALENT,"Same category, critical attribute conflict",NONE,CAT-GSK
GME-BRG-16195,GME-B-79AFDB4E,REQUIRES_ENGINEERING_REVIEW,Mismatched conditionally critical attribute,seal_type (Conditional),CAT-BRG
AHM-FLG-96653,AHM-B-81DB89BC,NOT_EQUIVALENT,Completely different category,CATEGORY_MISMATCH,CAT-FLG
CPI-FLG-32571,CPI-B-D9ECA88A,FUNCTIONALLY_EQUIVALENT,"Different Manufacturer/MPN, identical critical attributes",NONE,CAT-FLG
BUS-LUB-38009,BUS-B-9FFBEC3B,NEAR_DUPLICATE,"Identical MPN, perturbed desc, dropped minor field",NONE,CAT-LUB
NEC-LUB-91290,NEC-B-4340C26B,NOT_EQUIVALENT,"Same category, critical attribute conflict",NONE,CAT-LUB
NEC-MTR-86615,NEC-B-2F2A8BC9,RELATED,"Same category/mfg, different size/specs",NONE,CAT-MTR
GME-BRG-17936,GME-B-2D986699,REQUIRES_ENGINEERING_REVIEW,Mismatched conditionally critical attribute,seal_type (Conditional),CAT-BRG
AHM-CFL-73649,AHM-B-A1CD37D0,NOT_EQUIVALENT,"Same category, critical attribute conflict",voltage,CAT-MTR
GME-MTR-72873,GME-B-9D8C89AD,NOT_EQUIVALENT,"Same category, critical attribute conflict",voltage,CAT-MTR
BUS-DUP-33737,BUS-B-54937181,FUNCTIONALLY_EQUIVALENT,"Different Manufacturer/MPN, identical critical attributes",NONE,CAT-LUB
CPI-CBL-38517,CPI-B-173F7C32,NOT_EQUIVALENT,"Same category, critical attribute conflict",NONE,CAT-CBL
AHM-INS-16012,AHM-B-8429443C,EXACT_DUPLICATE,"Identical MPN/Attributes, perturbed description",NONE,CAT-INS
GME-PPE-97880,GME-B-E5D2BC09,NEAR_DUPLICATE,"Identical MPN, perturbed desc, dropped minor field",NONE,CAT-PPE
AHM-DUP-74842,AHM-B-214FD648,FUNCTIONALLY_EQUIVALENT,"Different Manufacturer/MPN, identical critical attributes",NONE,CAT-MTR
GME-BRG-98129,GME-B-FA89CE77,NOT_EQUIVALENT,Completely different category,CATEGORY_MISMATCH,CAT-BRG
CPI-PIP-82249,CPI-B-BAC0CB2E,NEAR_DUPLICATE,"Identical MPN, perturbed desc, dropped minor field",NONE,CAT-PIP
NEC-FLG-85063,NEC-B-318F780B,RELATED,"Same category/mfg, different size/specs",NONE,CAT-FLG
GME-CBL-25003,GME-B-7F9452EF,RELATED,"Same category/mfg, different size/specs",NONE,CAT-CBL
BUS-ELC-85897,BUS-B-709DB7B2,FUNCTIONALLY_EQUIVALENT,"Different Manufacturer/MPN, identical critical attributes",NONE,CAT-ELC
AHM-CBL-37108,AHM-B-4B0CFBC5,RELATED,"Same category/mfg, different size/specs",NONE,CAT-CBL
AHM-BRG-34388,AHM-B-4183A177,RELATED,"Same category/mfg, different size/specs",NONE,CAT-BRG
GME-PIP-77350,GME-B-E619C15B,NOT_EQUIVALENT,Completely different category,CATEGORY_MISMATCH,CAT-PIP
CPI-DUP-23998,CPI-B-73BC1687,NEAR_DUPLICATE,"Identical MPN, perturbed desc, dropped minor field",NONE,CAT-MTR
GME-LUB-85832,GME-B-F742A267,FUNCTIONALLY_EQUIVALENT,"Different Manufacturer/MPN, identical critical attributes",NONE,CAT-LUB
GME-MTR-97573,GME-B-B1DFA9B6,NEAR_DUPLICATE,"Identical MPN, perturbed desc, dropped minor field",NONE,CAT-MTR
CPI-PPE-13047,CPI-B-5E6404A1,RELATED,"Same category/mfg, different size/specs",NONE,CAT-PPE
BUS-BRG-41820,BUS-B-C49A9F06,REQUIRES_ENGINEERING_REVIEW,Mismatched conditionally critical attribute,seal_type (Conditional),CAT-BRG
CPI-ELC-93505,CPI-B-028BDD35,NOT_EQUIVALENT,"Same category, critical attribute conflict",NONE,CAT-ELC
BUS-ELC-41324,BUS-B-73E870BA,FUNCTIONALLY_EQUIVALENT,"Different Manufacturer/MPN, identical critical attributes",NONE,CAT-ELC
BUS-DUP-31397,BUS-B-50FD0EA2,NEAR_DUPLICATE,"Identical MPN, perturbed desc, dropped minor field",NONE,CAT-CBL
NEC-CFL-82266,NEC-B-2828F142,RELATED,"Same category/mfg, different size/specs",NONE,CAT-GSK
NEC-BRG-82356,NEC-B-44FC7157,REQUIRES_ENGINEERING_REVIEW,Mismatched conditionally critical attribute,seal_type (Conditional),CAT-BRG
BUS-DUP-45464,BUS-B-3EA82575,EXACT_DUPLICATE,"Identical MPN/Attributes, perturbed description",NONE,CAT-VLV
NEC-FLG-93019,NEC-B-2A49DD47,EXACT_DUPLICATE,"Identical MPN/Attributes, perturbed description",NONE,CAT-FLG
GME-BRG-55324,GME-B-335C17C4,NEAR_DUPLICATE,"Identical MPN, perturbed desc, dropped minor field",NONE,CAT-BRG
AHM-DUP-31250,AHM-B-061E7E41,EXACT_DUPLICATE,"Identical MPN/Attributes, perturbed description",NONE,CAT-FST
AHM-LUB-77991,AHM-B-505075E8,NOT_EQUIVALENT,Completely different category,CATEGORY_MISMATCH,CAT-LUB
NEC-PMP-43292,NEC-B-EC979AEB,RELATED,"Same category/mfg, different size/specs",NONE,CAT-PMP
BUS-ELC-95912,BUS-B-633DECBB,NEAR_DUPLICATE,"Identical MPN, perturbed desc, dropped minor field",NONE,CAT-ELC
AHM-VLV-58403,AHM-B-B902279B,NEAR_DUPLICATE,"Identical MPN, perturbed desc, dropped minor field",NONE,CAT-VLV
CPI-PPE-57574,CPI-B-DD931539,NOT_EQUIVALENT,Completely different category,CATEGORY_MISMATCH,CAT-PPE
AHM-ELC-51989,AHM-B-150A86F4,EXACT_DUPLICATE,"Identical MPN/Attributes, perturbed description",NONE,CAT-ELC
CPI-FLG-22767,CPI-B-BE154466,NEAR_DUPLICATE,"Identical MPN, perturbed desc, dropped minor field",NONE,CAT-FLG
NEC-DUP-57114,NEC-B-BC864F53,NOT_EQUIVALENT,"Same category, critical attribute conflict",NONE,CAT-ELC
CPI-BRG-74887,CPI-B-4437C33B,REQUIRES_ENGINEERING_REVIEW,Mismatched conditionally critical attribute,seal_type (Conditional),CAT-BRG
CPI-VLV-57728,CPI-B-81996DB3,NOT_EQUIVALENT,Completely different category,CATEGORY_MISMATCH,CAT-VLV
GME-DUP-45381,GME-B-ED4F8638,EXACT_DUPLICATE,"Identical MPN/Attributes, perturbed description",NONE,CAT-CBL
GME-ELC-67083,GME-B-7D42672A,NEAR_DUPLICATE,"Identical MPN, perturbed desc, dropped minor field",NONE,CAT-ELC
GME-DUP-18220,GME-B-091204AE,RELATED,"Same category/mfg, different size/specs",NONE,CAT-ELC
CPI-DUP-88565,CPI-B-B89554F0,EXACT_DUPLICATE,"Identical MPN/Attributes, perturbed description",NONE,CAT-MTR
CPI-PIP-78417,CPI-B-207EC451,EXACT_DUPLICATE,"Identical MPN/Attributes, perturbed description",NONE,CAT-PIP
AHM-INS-53918,AHM-B-276F7890,NEAR_DUPLICATE,"Identical MPN, perturbed desc, dropped minor field",NONE,CAT-INS
NEC-CFL-97171,NEC-B-0C5A2B4C,FUNCTIONALLY_EQUIVALENT,"Different Manufacturer/MPN, identical critical attributes",NONE,CAT-FLG
BUS-DUP-97477,BUS-B-57DE31A8,RELATED,"Same category/mfg, different size/specs",NONE,CAT-MTR
CPI-LUB-44839,CPI-B-5B542B4C,RELATED,"Same category/mfg, different size/specs",NONE,CAT-LUB
NEC-GSK-55066,NEC-B-434E55EA,RELATED,"Same category/mfg, different size/specs",NONE,CAT-GSK
BUS-CFL-35390,BUS-B-3C05E1EF,RELATED,"Same category/mfg, different size/specs",NONE,CAT-ELC
CPI-FLG-57223,CPI-B-ED5A4F60,NOT_EQUIVALENT,"Same category, critical attribute conflict",NONE,CAT-FLG
BUS-BRG-15831,BUS-B-4BAEC4DA,FUNCTIONALLY_EQUIVALENT,"Different Manufacturer/MPN, identical critical attributes",NONE,CAT-BRG
AHM-GSK-12791,AHM-B-CEB786F9,FUNCTIONALLY_EQUIVALENT,"Different Manufacturer/MPN, identical critical attributes",NONE,CAT-GSK
NEC-PMP-38606,NEC-B-BE0B4355,EXACT_DUPLICATE,"Identical MPN/Attributes, perturbed description",NONE,CAT-PMP
GME-INS-55402,GME-B-8229ACB9,NOT_EQUIVALENT,"Same category, critical attribute conflict",NONE,CAT-INS
NEC-CBL-61906,NEC-B-01CE2AC9,NEAR_DUPLICATE,"Identical MPN, perturbed desc, dropped minor field",NONE,CAT-CBL
NEC-DUP-26953,NEC-B-DA9D3004,RELATED,"Same category/mfg, different size/specs",NONE,CAT-CBL
NEC-CBL-18416,NEC-B-A60A3328,FUNCTIONALLY_EQUIVALENT,"Different Manufacturer/MPN, identical critical attributes",NONE,CAT-CBL
BUS-DUP-96277,BUS-B-9E36744F,FUNCTIONALLY_EQUIVALENT,"Different Manufacturer/MPN, identical critical attributes",NONE,CAT-CBL
BUS-FST-60417,BUS-B-45D06091,RELATED,"Same category/mfg, different size/specs",NONE,CAT-FST
GME-PIP-92580,GME-B-C40FF6BA,NOT_EQUIVALENT,"Same category, critical attribute conflict",schedule,CAT-PIP
NEC-FST-70788,NEC-B-C585015C,EXACT_DUPLICATE,"Identical MPN/Attributes, perturbed description",NONE,CAT-FST
NEC-CFL-18492,NEC-B-EDE2F819,EXACT_DUPLICATE,"Identical MPN/Attributes, perturbed description",NONE,CAT-CBL
CPI-FLG-10481,CPI-B-AE2A92FD,NOT_EQUIVALENT,"Same category, critical attribute conflict",NONE,CAT-FLG
NEC-DUP-64502,NEC-B-7EA874B5,EXACT_DUPLICATE,"Identical MPN/Attributes, perturbed description",NONE,CAT-LUB
NEC-PPE-24281,NEC-B-F50675F1,FUNCTIONALLY_EQUIVALENT,"Different Manufacturer/MPN, identical critical attributes",NONE,CAT-PPE
GME-CBL-59775,GME-B-6D592DFD,NOT_EQUIVALENT,"Same category, critical attribute conflict",NONE,CAT-CBL
BUS-BRG-91809,BUS-B-67104853,REQUIRES_ENGINEERING_REVIEW,Mismatched conditionally critical attribute,seal_type (Conditional),CAT-BRG
GME-GSK-22012,GME-B-9CE313E2,EXACT_DUPLICATE,"Identical MPN/Attributes, perturbed description",NONE,CAT-GSK
NEC-PPE-68745,NEC-B-759AD7D7,EXACT_DUPLICATE,"Identical MPN/Attributes, perturbed description",NONE,CAT-PPE
NEC-VLV-87062,NEC-B-2F0FAA91,NOT_EQUIVALENT,"Same category, critical attribute conflict",size,CAT-VLV
AHM-DUP-62860,AHM-B-0EDF53D2,NOT_EQUIVALENT,Completely different category,CATEGORY_MISMATCH,CAT-GSK
AHM-ELC-51640,AHM-B-32A433EA,RELATED,"Same category/mfg, different size/specs",NONE,CAT-ELC
BUS-VLV-93237,BUS-B-979CEB3E,FUNCTIONALLY_EQUIVALENT,"Different Manufacturer/MPN, identical critical attributes",NONE,CAT-VLV
AHM-INS-20750,AHM-B-DA214694,FUNCTIONALLY_EQUIVALENT,"Different Manufacturer/MPN, identical critical attributes",NONE,CAT-INS
BUS-DUP-39038,BUS-B-F0891A65,NOT_EQUIVALENT,"Same category, critical attribute conflict",NONE,CAT-PPE
NEC-BRG-10947,NEC-B-F3432974,REQUIRES_ENGINEERING_REVIEW,Mismatched conditionally critical attribute,seal_type (Conditional),CAT-BRG
AHM-DUP-66505,AHM-B-F4678C28,REQUIRES_ENGINEERING_REVIEW,Mismatched conditionally critical attribute,seal_type (Conditional),CAT-BRG
GME-BRG-31748,GME-B-A545EB43,REQUIRES_ENGINEERING_REVIEW,Mismatched conditionally critical attribute,seal_type (Conditional),CAT-BRG
GME-CBL-37165,GME-B-3DCC2F94,NOT_EQUIVALENT,"Same category, critical attribute conflict",NONE,CAT-CBL
GME-BRG-22797,GME-B-244102F1,REQUIRES_ENGINEERING_REVIEW,Mismatched conditionally critical attribute,seal_type (Conditional),CAT-BRG
CPI-BRG-63187,CPI-B-9693E495,FUNCTIONALLY_EQUIVALENT,"Different Manufacturer/MPN, identical critical attributes",NONE,CAT-BRG
GME-VLV-73638,GME-B-20630060,EXACT_DUPLICATE,"Identical MPN/Attributes, perturbed description",NONE,CAT-VLV
AHM-MTR-21370,AHM-B-436B0C13,NEAR_DUPLICATE,"Identical MPN, perturbed desc, dropped minor field",NONE,CAT-MTR
GME-BRG-69076,GME-B-89C38890,REQUIRES_ENGINEERING_REVIEW,Mismatched conditionally critical attribute,seal_type (Conditional),CAT-BRG
CPI-PPE-44598,CPI-B-F1AAA424,FUNCTIONALLY_EQUIVALENT,"Different Manufacturer/MPN, identical critical attributes",NONE,CAT-PPE
CPI-FST-77759,CPI-B-0B2C55D3,FUNCTIONALLY_EQUIVALENT,"Different Manufacturer/MPN, identical critical attributes",NONE,CAT-FST
AHM-LUB-76222,AHM-B-2E27DEF3,NEAR_DUPLICATE,"Identical MPN, perturbed desc, dropped minor field",NONE,CAT-LUB
AHM-BRG-82110,AHM-B-ACB02517,REQUIRES_ENGINEERING_REVIEW,Mismatched conditionally critical attribute,seal_type (Conditional),CAT-BRG
AHM-DUP-13172,AHM-B-29E2AF16,NOT_EQUIVALENT,Completely different category,CATEGORY_MISMATCH,CAT-BRG
AHM-DUP-57307,AHM-B-A728C407,NEAR_DUPLICATE,"Identical MPN, perturbed desc, dropped minor field",NONE,CAT-FST
AHM-DUP-84756,AHM-B-F97BD81F,FUNCTIONALLY_EQUIVALENT,"Different Manufacturer/MPN, identical critical attributes",NONE,CAT-LUB
AHM-BRG-99934,AHM-B-30B87E88,REQUIRES_ENGINEERING_REVIEW,Mismatched conditionally critical attribute,seal_type (Conditional),CAT-BRG
CPI-GSK-97496,CPI-B-D09F9BF5,FUNCTIONALLY_EQUIVALENT,"Different Manufacturer/MPN, identical critical attributes",NONE,CAT-GSK
NEC-FST-28903,NEC-B-2129B4DC,EXACT_DUPLICATE,"Identical MPN/Attributes, perturbed description",NONE,CAT-FST
BUS-INS-32587,BUS-B-6906CBFB,NEAR_DUPLICATE,"Identical MPN, perturbed desc, dropped minor field",NONE,CAT-INS
GME-BRG-92448,GME-B-8B831A63,RELATED,"Same category/mfg, different size/specs",NONE,CAT-BRG
AHM-PPE-47238,AHM-B-3F7045CB,NEAR_DUPLICATE,"Identical MPN, perturbed desc, dropped minor field",NONE,CAT-PPE
CPI-ELC-59817,CPI-B-4500821D,EXACT_DUPLICATE,"Identical MPN/Attributes, perturbed description",NONE,CAT-ELC
AHM-PMP-56782,AHM-B-1D353F38,NEAR_DUPLICATE,"Identical MPN, perturbed desc, dropped minor field",NONE,CAT-PMP
CPI-VLV-29630,CPI-B-A06FE37B,EXACT_DUPLICATE,"Identical MPN/Attributes, perturbed description",NONE,CAT-VLV
GME-LUB-97400,GME-B-9E6EF346,FUNCTIONALLY_EQUIVALENT,"Different Manufacturer/MPN, identical critical attributes",NONE,CAT-LUB
BUS-BRG-55998,BUS-B-9D7DE9B3,REQUIRES_ENGINEERING_REVIEW,Mismatched conditionally critical attribute,seal_type (Conditional),CAT-BRG
NEC-LUB-99299,NEC-B-B5549919,FUNCTIONALLY_EQUIVALENT,"Different Manufacturer/MPN, identical critical attributes",NONE,CAT-LUB
CPI-BRG-32839,CPI-B-6866B39B,REQUIRES_ENGINEERING_REVIEW,Mismatched conditionally critical attribute,seal_type (Conditional),CAT-BRG
NEC-DUP-86581,NEC-B-511712D4,EXACT_DUPLICATE,"Identical MPN/Attributes, perturbed description",NONE,CAT-VLV
BUS-LUB-73075,BUS-B-48181067,NOT_EQUIVALENT,"Same category, critical attribute conflict",NONE,CAT-LUB
CPI-ELC-17769,CPI-B-80E9D506,EXACT_DUPLICATE,"Identical MPN/Attributes, perturbed description",NONE,CAT-ELC
AHM-ELC-98754,AHM-B-749C26AA,NOT_EQUIVALENT,Completely different category,CATEGORY_MISMATCH,CAT-ELC
AHM-PMP-76381,AHM-B-37252B57,NOT_EQUIVALENT,"Same category, critical attribute conflict",NONE,CAT-PMP
BUS-CFL-43373,BUS-B-61C7E734,FUNCTIONALLY_EQUIVALENT,"Different Manufacturer/MPN, identical critical attributes",NONE,CAT-FLG
CPI-MTR-31070,CPI-B-A0E9EE53,RELATED,"Same category/mfg, different size/specs",NONE,CAT-MTR
NEC-BRG-91627,NEC-B-393E4D28,RELATED,"Same category/mfg, different size/specs",NONE,CAT-BRG
NEC-BRG-64206,NEC-B-179BFB03,REQUIRES_ENGINEERING_REVIEW,Mismatched conditionally critical attribute,seal_type (Conditional),CAT-BRG
NEC-INS-34828,NEC-B-79016BDA,EXACT_DUPLICATE,"Identical MPN/Attributes, perturbed description",NONE,CAT-INS
CPI-INS-60716,CPI-B-A7970FB6,NOT_EQUIVALENT,Completely different category,CATEGORY_MISMATCH,CAT-INS
GME-VLV-17875,GME-B-AE2F4ED7,NOT_EQUIVALENT,"Same category, critical attribute conflict",size,CAT-VLV
AHM-FLG-57256,AHM-B-56EFB370,RELATED,"Same category/mfg, different size/specs",NONE,CAT-FLG
AHM-BRG-73799,AHM-B-E2FEC557,REQUIRES_ENGINEERING_REVIEW,Mismatched conditionally critical attribute,seal_type (Conditional),CAT-BRG
AHM-ELC-78203,AHM-B-B02AA42F,FUNCTIONALLY_EQUIVALENT,"Different Manufacturer/MPN, identical critical attributes",NONE,CAT-ELC
NEC-LUB-91290,NEC-B-A9DDF807,NOT_EQUIVALENT,Completely different category,CATEGORY_MISMATCH,CAT-LUB
AHM-VLV-92733,AHM-B-6E7CA3DD,NEAR_DUPLICATE,"Identical MPN, perturbed desc, dropped minor field",NONE,CAT-VLV
AHM-ELC-71623,AHM-B-FEB04072,RELATED,"Same category/mfg, different size/specs",NONE,CAT-ELC
AHM-CBL-56027,AHM-B-3E9EC74B,NEAR_DUPLICATE,"Identical MPN, perturbed desc, dropped minor field",NONE,CAT-CBL
NEC-BRG-58338,NEC-B-FD020E6E,REQUIRES_ENGINEERING_REVIEW,Mismatched conditionally critical attribute,seal_type (Conditional),CAT-BRG
NEC-MTR-19895,NEC-B-EF0D3A92,NEAR_DUPLICATE,"Identical MPN, perturbed desc, dropped minor field",NONE,CAT-MTR
BUS-FST-40475,BUS-B-C5C3AE8F,FUNCTIONALLY_EQUIVALENT,"Different Manufacturer/MPN, identical critical attributes",NONE,CAT-FST
AHM-LUB-25517,AHM-B-93962F61,NEAR_DUPLICATE,"Identical MPN, perturbed desc, dropped minor field",NONE,CAT-LUB
AHM-PPE-35175,AHM-B-B04B6F7A,NOT_EQUIVALENT,"Same category, critical attribute conflict",NONE,CAT-PPE
NEC-FST-24302,NEC-B-A36831C7,EXACT_DUPLICATE,"Identical MPN/Attributes, perturbed description",NONE,CAT-FST
NEC-PPE-54273,NEC-B-EFF088C5,NOT_EQUIVALENT,"Same category, critical attribute conflict",NONE,CAT-PPE
GME-LUB-97586,GME-B-D17CD1FA,NOT_EQUIVALENT,"Same category, critical attribute conflict",NONE,CAT-LUB
GME-DUP-89726,GME-B-53F90D14,EXACT_DUPLICATE,"Identical MPN/Attributes, perturbed description",NONE,CAT-VLV
BUS-VLV-56202,BUS-B-46B2BE30,NOT_EQUIVALENT,Completely different category,CATEGORY_MISMATCH,CAT-VLV
AHM-GSK-57868,AHM-B-D84E2C37,NOT_EQUIVALENT,"Same category, critical attribute conflict",NONE,CAT-GSK
GME-FST-69968,GME-B-B2FA2A9F,NOT_EQUIVALENT,Completely different category,CATEGORY_MISMATCH,CAT-FST
CPI-PIP-22536,CPI-B-330C1464,FUNCTIONALLY_EQUIVALENT,"Different Manufacturer/MPN, identical critical attributes",NONE,CAT-PIP
GME-FLG-36435,GME-B-B27147C8,RELATED,"Same category/mfg, different size/specs",NONE,CAT-FLG
CPI-VLV-63931,CPI-B-33D669DC,FUNCTIONALLY_EQUIVALENT,"Different Manufacturer/MPN, identical critical attributes",NONE,CAT-VLV
BUS-MTR-10100,BUS-B-CBA7AA6B,NOT_EQUIVALENT,Completely different category,CATEGORY_MISMATCH,CAT-MTR
AHM-DUP-57718,AHM-B-53A30637,RELATED,"Same category/mfg, different size/specs",NONE,CAT-BRG
GME-LUB-25042,GME-B-65B178CF,NOT_EQUIVALENT,"Same category, critical attribute conflict",NONE,CAT-LUB
AHM-MTR-87036,AHM-B-1EE500A3,FUNCTIONALLY_EQUIVALENT,"Different Manufacturer/MPN, identical critical attributes",NONE,CAT-MTR
BUS-ELC-99103,BUS-B-2E6EA6CF,NEAR_DUPLICATE,"Identical MPN, perturbed desc, dropped minor field",NONE,CAT-ELC
AHM-INS-99243,AHM-B-B4F89609,RELATED,"Same category/mfg, different size/specs",NONE,CAT-INS
AHM-BRG-63060,AHM-B-6EC11374,REQUIRES_ENGINEERING_REVIEW,Mismatched conditionally critical attribute,seal_type (Conditional),CAT-BRG
CPI-DUP-67896,CPI-B-74C18C21,NOT_EQUIVALENT,Completely different category,CATEGORY_MISMATCH,CAT-VLV
AHM-FLG-12392,AHM-B-EE021CC7,NEAR_DUPLICATE,"Identical MPN, perturbed desc, dropped minor field",NONE,CAT-FLG
NEC-PIP-14772,NEC-B-97105D0A,EXACT_DUPLICATE,"Identical MPN/Attributes, perturbed description",NONE,CAT-PIP
GME-ELC-42493,GME-B-A3CF6C16,RELATED,"Same category/mfg, different size/specs",NONE,CAT-ELC
GME-BRG-55758,GME-B-F9ACE281,REQUIRES_ENGINEERING_REVIEW,Mismatched conditionally critical attribute,seal_type (Conditional),CAT-BRG
GME-DUP-11828,GME-B-6283A272,FUNCTIONALLY_EQUIVALENT,"Different Manufacturer/MPN, identical critical attributes",NONE,CAT-MTR
NEC-BRG-85939,NEC-B-C456C7A3,REQUIRES_ENGINEERING_REVIEW,Mismatched conditionally critical attribute,seal_type (Conditional),CAT-BRG
BUS-INS-97422,BUS-B-B051A6F4,RELATED,"Same category/mfg, different size/specs",NONE,CAT-INS
NEC-VLV-18442,NEC-B-11EB0DE8,FUNCTIONALLY_EQUIVALENT,"Different Manufacturer/MPN, identical critical attributes",NONE,CAT-VLV
GME-INS-46733,GME-B-65CE394C,NOT_EQUIVALENT,"Same category, critical attribute conflict",NONE,CAT-INS
AHM-DUP-41973,AHM-B-256394B9,FUNCTIONALLY_EQUIVALENT,"Different Manufacturer/MPN, identical critical attributes",NONE,CAT-GSK
NEC-MTR-85592,NEC-B-8304EB46,EXACT_DUPLICATE,"Identical MPN/Attributes, perturbed description",NONE,CAT-MTR
CPI-BRG-34784,CPI-B-A614D2B8,REQUIRES_ENGINEERING_REVIEW,Mismatched conditionally critical attribute,seal_type (Conditional),CAT-BRG
NEC-ELC-36135,NEC-B-5309E71B,FUNCTIONALLY_EQUIVALENT,"Different Manufacturer/MPN, identical critical attributes",NONE,CAT-ELC
BUS-DUP-17278,BUS-B-5F387099,NOT_EQUIVALENT,"Same category, critical attribute conflict",NONE,CAT-INS
AHM-DUP-47156,AHM-B-420096B1,FUNCTIONALLY_EQUIVALENT,"Different Manufacturer/MPN, identical critical attributes",NONE,CAT-PMP
NEC-CBL-42807,NEC-B-F80F8516,EXACT_DUPLICATE,"Identical MPN/Attributes, perturbed description",NONE,CAT-CBL
BUS-DUP-45464,BUS-B-A32FF6DF,RELATED,"Same category/mfg, different size/specs",NONE,CAT-VLV
BUS-BRG-72004,BUS-B-4687B0A4,REQUIRES_ENGINEERING_REVIEW,Mismatched conditionally critical attribute,seal_type (Conditional),CAT-BRG
CPI-BRG-89836,CPI-B-C6934FB0,REQUIRES_ENGINEERING_REVIEW,Mismatched conditionally critical attribute,seal_type (Conditional),CAT-BRG
BUS-BRG-49863,BUS-B-589DBE59,EXACT_DUPLICATE,"Identical MPN/Attributes, perturbed description",NONE,CAT-BRG
NEC-DUP-76147,NEC-B-DF47DE11,REQUIRES_ENGINEERING_REVIEW,Mismatched conditionally critical attribute,seal_type (Conditional),CAT-BRG
CPI-FLG-66286,CPI-B-700BE968,NEAR_DUPLICATE,"Identical MPN, perturbed desc, dropped minor field",NONE,CAT-FLG
CPI-INS-85157,CPI-B-152FA6CA,NOT_EQUIVALENT,"Same category, critical attribute conflict",NONE,CAT-INS
NEC-ELC-11346,NEC-B-85417A63,EXACT_DUPLICATE,"Identical MPN/Attributes, perturbed description",NONE,CAT-ELC
GME-ELC-69809,GME-B-731E8130,EXACT_DUPLICATE,"Identical MPN/Attributes, perturbed description",NONE,CAT-ELC
GME-BRG-69310,GME-B-48933E19,REQUIRES_ENGINEERING_REVIEW,Mismatched conditionally critical attribute,seal_type (Conditional),CAT-BRG
GME-LUB-97683,GME-B-979E520D,RELATED,"Same category/mfg, different size/specs",NONE,CAT-LUB
NEC-CFL-13482,NEC-B-59941F3D,REQUIRES_ENGINEERING_REVIEW,Mismatched conditionally critical attribute,seal_type (Conditional),CAT-BRG
NEC-INS-83816,NEC-B-B39BF862,EXACT_DUPLICATE,"Identical MPN/Attributes, perturbed description",NONE,CAT-INS
NEC-GSK-26699,NEC-B-0E08B715,NEAR_DUPLICATE,"Identical MPN, perturbed desc, dropped minor field",NONE,CAT-GSK
NEC-CBL-91310,NEC-B-B9C0DBD4,FUNCTIONALLY_EQUIVALENT,"Different Manufacturer/MPN, identical critical attributes",NONE,CAT-CBL
BUS-FLG-58575,BUS-B-64A8DBFB,RELATED,"Same category/mfg, different size/specs",NONE,CAT-FLG
GME-PIP-90159,GME-B-37D4A6FC,FUNCTIONALLY_EQUIVALENT,"Different Manufacturer/MPN, identical critical attributes",NONE,CAT-PIP
GME-FLG-22922,GME-B-65291D7F,NOT_EQUIVALENT,Completely different category,CATEGORY_MISMATCH,CAT-FLG
AHM-PMP-14745,AHM-B-18C2E145,EXACT_DUPLICATE,"Identical MPN/Attributes, perturbed description",NONE,CAT-PMP
GME-DUP-31521,GME-B-EE5C4EC1,RELATED,"Same category/mfg, different size/specs",NONE,CAT-PIP
CPI-FLG-78204,CPI-B-D1601725,NOT_EQUIVALENT,"Same category, critical attribute conflict",NONE,CAT-FLG
CPI-DUP-56729,CPI-B-30A03397,EXACT_DUPLICATE,"Identical MPN/Attributes, perturbed description",NONE,CAT-MTR
AHM-BRG-87590,AHM-B-1BD79A36,NOT_EQUIVALENT,Completely different category,CATEGORY_MISMATCH,CAT-BRG
GME-ELC-58759,GME-B-B71581EA,RELATED,"Same category/mfg, different size/specs",NONE,CAT-ELC
NEC-VLV-14568,NEC-B-9D0A89C1,EXACT_DUPLICATE,"Identical MPN/Attributes, perturbed description",NONE,CAT-VLV
CPI-PMP-47030,CPI-B-B75961DE,FUNCTIONALLY_EQUIVALENT,"Different Manufacturer/MPN, identical critical attributes",NONE,CAT-PMP
AHM-ELC-81882,AHM-B-099F8066,NEAR_DUPLICATE,"Identical MPN, perturbed desc, dropped minor field",NONE,CAT-ELC
NEC-CFL-82266,NEC-B-12E3C837,NOT_EQUIVALENT,Completely different category,CATEGORY_MISMATCH,CAT-GSK
AHM-CBL-61063,AHM-B-B43DD641,NOT_EQUIVALENT,"Same category, critical attribute conflict",NONE,CAT-CBL
CPI-PIP-55429,CPI-B-123C6346,EXACT_DUPLICATE,"Identical MPN/Attributes, perturbed description",NONE,CAT-PIP
BUS-CFL-10455,BUS-B-62F5AE4A,RELATED,"Same category/mfg, different size/specs",NONE,CAT-VLV
NEC-PIP-69184,NEC-B-8E8B89DE,RELATED,"Same category/mfg, different size/specs",NONE,CAT-PIP
GME-MTR-40347,GME-B-DD630BE8,RELATED,"Same category/mfg, different size/specs",NONE,CAT-MTR
NEC-DUP-74301,NEC-B-ED90A323,EXACT_DUPLICATE,"Identical MPN/Attributes, perturbed description",NONE,CAT-ELC
AHM-INS-45228,AHM-B-5CFDD10C,RELATED,"Same category/mfg, different size/specs",NONE,CAT-INS
NEC-INS-14994,NEC-B-F2C5974A,FUNCTIONALLY_EQUIVALENT,"Different Manufacturer/MPN, identical critical attributes",NONE,CAT-INS
BUS-BRG-33532,BUS-B-19B3CBB9,REQUIRES_ENGINEERING_REVIEW,Mismatched conditionally critical attribute,seal_type (Conditional),CAT-BRG
CPI-CFL-17692,CPI-B-00515B18,REQUIRES_ENGINEERING_REVIEW,Mismatched conditionally critical attribute,seal_type (Conditional),CAT-BRG
GME-LUB-68749,GME-B-4FC2047B,RELATED,"Same category/mfg, different size/specs",NONE,CAT-LUB
AHM-ELC-12059,AHM-B-905338CE,NEAR_DUPLICATE,"Identical MPN, perturbed desc, dropped minor field",NONE,CAT-ELC
CPI-CFL-11733,CPI-B-990228FC,RELATED,"Same category/mfg, different size/specs",NONE,CAT-BRG
AHM-DUP-18073,AHM-B-5E618F53,FUNCTIONALLY_EQUIVALENT,"Different Manufacturer/MPN, identical critical attributes",NONE,CAT-ELC
AHM-GSK-38686,AHM-B-AFE85A69,EXACT_DUPLICATE,"Identical MPN/Attributes, perturbed description",NONE,CAT-GSK
AHM-CFL-27577,AHM-B-A808271C,FUNCTIONALLY_EQUIVALENT,"Different Manufacturer/MPN, identical critical attributes",NONE,CAT-LUB
CPI-ELC-29331,CPI-B-26DCDDBD,RELATED,"Same category/mfg, different size/specs",NONE,CAT-ELC
AHM-BRG-54684,AHM-B-BF090DCB,REQUIRES_ENGINEERING_REVIEW,Mismatched conditionally critical attribute,seal_type (Conditional),CAT-BRG
CPI-INS-60425,CPI-B-67F5C4F9,EXACT_DUPLICATE,"Identical MPN/Attributes, perturbed description",NONE,CAT-INS
NEC-BRG-65924,NEC-B-BA5C7565,REQUIRES_ENGINEERING_REVIEW,Mismatched conditionally critical attribute,seal_type (Conditional),CAT-BRG
CPI-CBL-55599,CPI-B-7E95E7DE,FUNCTIONALLY_EQUIVALENT,"Different Manufacturer/MPN, identical critical attributes",NONE,CAT-CBL
GME-BRG-54807,GME-B-01D52246,REQUIRES_ENGINEERING_REVIEW,Mismatched conditionally critical attribute,seal_type (Conditional),CAT-BRG
AHM-PIP-94780,AHM-B-3AEEBC3B,NOT_EQUIVALENT,Completely different category,CATEGORY_MISMATCH,CAT-PIP
CPI-GSK-14947,CPI-B-BF0C3379,NEAR_DUPLICATE,"Identical MPN, perturbed desc, dropped minor field",NONE,CAT-GSK
BUS-MTR-48778,BUS-B-5BA0221E,FUNCTIONALLY_EQUIVALENT,"Different Manufacturer/MPN, identical critical attributes",NONE,CAT-MTR
CPI-MTR-72242,CPI-B-A19FE769,NEAR_DUPLICATE,"Identical MPN, perturbed desc, dropped minor field",NONE,CAT-MTR
CPI-DUP-43433,CPI-B-EDCA95BF,NOT_EQUIVALENT,"Same category, critical attribute conflict",NONE,CAT-CBL
GME-INS-57491,GME-B-B752DA2B,NEAR_DUPLICATE,"Identical MPN, perturbed desc, dropped minor field",NONE,CAT-INS
BUS-FST-65704,BUS-B-A18BAD25,RELATED,"Same category/mfg, different size/specs",NONE,CAT-FST
GME-BRG-45489,GME-B-E375A468,REQUIRES_ENGINEERING_REVIEW,Mismatched conditionally critical attribute,seal_type (Conditional),CAT-BRG
BUS-PIP-76287,BUS-B-E2460262,FUNCTIONALLY_EQUIVALENT,"Different Manufacturer/MPN, identical critical attributes",NONE,CAT-PIP
NEC-BRG-69229,NEC-B-2F7F35D3,REQUIRES_ENGINEERING_REVIEW,Mismatched conditionally critical attribute,seal_type (Conditional),CAT-BRG
GME-FLG-36437,GME-B-B120ED4E,FUNCTIONALLY_EQUIVALENT,"Different Manufacturer/MPN, identical critical attributes",NONE,CAT-FLG
NEC-DUP-16446,NEC-B-3065BDF6,FUNCTIONALLY_EQUIVALENT,"Different Manufacturer/MPN, identical critical attributes",NONE,CAT-FLG
CPI-FST-85998,CPI-B-E029AE4C,FUNCTIONALLY_EQUIVALENT,"Different Manufacturer/MPN, identical critical attributes",NONE,CAT-FST
CPI-CFL-59704,CPI-B-EDA8A83D,REQUIRES_ENGINEERING_REVIEW,Mismatched conditionally critical attribute,seal_type (Conditional),CAT-BRG
AHM-VLV-86448,AHM-B-518C03F9,NEAR_DUPLICATE,"Identical MPN, perturbed desc, dropped minor field",NONE,CAT-VLV
AHM-MTR-87036,AHM-B-0EF62929,EXACT_DUPLICATE,"Identical MPN/Attributes, perturbed description",NONE,CAT-MTR
AHM-DUP-51451,AHM-B-511D41DC,EXACT_DUPLICATE,"Identical MPN/Attributes, perturbed description",NONE,CAT-INS
CPI-BRG-34753,CPI-B-E3E7B2C6,REQUIRES_ENGINEERING_REVIEW,Mismatched conditionally critical attribute,seal_type (Conditional),CAT-BRG
AHM-FST-54835,AHM-B-E39AB089,FUNCTIONALLY_EQUIVALENT,"Different Manufacturer/MPN, identical critical attributes",NONE,CAT-FST
CPI-DUP-31211,CPI-B-35D30F61,RELATED,"Same category/mfg, different size/specs",NONE,CAT-INS
GME-PIP-84076,GME-B-14696EFA,EXACT_DUPLICATE,"Identical MPN/Attributes, perturbed description",NONE,CAT-PIP
BUS-BRG-33460,BUS-B-5EACEDFB,REQUIRES_ENGINEERING_REVIEW,Mismatched conditionally critical attribute,seal_type (Conditional),CAT-BRG
NEC-DUP-86810,NEC-B-BDE39574,NOT_EQUIVALENT,Completely different category,CATEGORY_MISMATCH,CAT-ELC
GME-PPE-33389,GME-B-702C18BA,FUNCTIONALLY_EQUIVALENT,"Different Manufacturer/MPN, identical critical attributes",NONE,CAT-PPE
CPI-FST-72188,CPI-B-602E735E,EXACT_DUPLICATE,"Identical MPN/Attributes, perturbed description",NONE,CAT-FST
BUS-ELC-99146,BUS-B-9706B6E1,NOT_EQUIVALENT,"Same category, critical attribute conflict",NONE,CAT-ELC
GME-BRG-37565,GME-B-9D412AAA,REQUIRES_ENGINEERING_REVIEW,Mismatched conditionally critical attribute,seal_type (Conditional),CAT-BRG
BUS-CBL-40294,BUS-B-F97E2EA0,NOT_EQUIVALENT,Completely different category,CATEGORY_MISMATCH,CAT-CBL
NEC-CBL-70264,NEC-B-8F6850D1,FUNCTIONALLY_EQUIVALENT,"Different Manufacturer/MPN, identical critical attributes",NONE,CAT-CBL
GME-CFL-48162,GME-B-90A0545A,FUNCTIONALLY_EQUIVALENT,"Different Manufacturer/MPN, identical critical attributes",NONE,CAT-INS
AHM-DUP-14853,AHM-B-5C567A87,REQUIRES_ENGINEERING_REVIEW,Mismatched conditionally critical attribute,seal_type (Conditional),CAT-BRG
AHM-ELC-15881,AHM-B-9D5F5111,NEAR_DUPLICATE,"Identical MPN, perturbed desc, dropped minor field",NONE,CAT-ELC
CPI-PPE-97582,CPI-B-703A0885,NEAR_DUPLICATE,"Identical MPN, perturbed desc, dropped minor field",NONE,CAT-PPE
BUS-PIP-42625,BUS-B-5634F72C,NEAR_DUPLICATE,"Identical MPN, perturbed desc, dropped minor field",NONE,CAT-PIP
AHM-BRG-21431,AHM-B-82E3AD0A,REQUIRES_ENGINEERING_REVIEW,Mismatched conditionally critical attribute,seal_type (Conditional),CAT-BRG
CPI-PIP-57332,CPI-B-2E6F956A,NOT_EQUIVALENT,Completely different category,CATEGORY_MISMATCH,CAT-PIP
NEC-PMP-91825,NEC-B-6AFAC7A7,NEAR_DUPLICATE,"Identical MPN, perturbed desc, dropped minor field",NONE,CAT-PMP
GME-BRG-69310,GME-B-90D1787E,REQUIRES_ENGINEERING_REVIEW,Mismatched conditionally critical attribute,seal_type (Conditional),CAT-BRG
CPI-LUB-13868,CPI-B-275C4062,NOT_EQUIVALENT,Completely different category,CATEGORY_MISMATCH,CAT-LUB
GME-BRG-82808,GME-B-7CD81757,REQUIRES_ENGINEERING_REVIEW,Mismatched conditionally critical attribute,seal_type (Conditional),CAT-BRG
GME-ELC-18477,GME-B-D5CBAADB,NOT_EQUIVALENT,Completely different category,CATEGORY_MISMATCH,CAT-ELC
AHM-ELC-42418,AHM-B-7463EF72,RELATED,"Same category/mfg, different size/specs",NONE,CAT-ELC
GME-LUB-45117,GME-B-2ADE06BB,FUNCTIONALLY_EQUIVALENT,"Different Manufacturer/MPN, identical critical attributes",NONE,CAT-LUB
NEC-MTR-36553,NEC-B-C28CDE90,NOT_EQUIVALENT,Completely different category,CATEGORY_MISMATCH,CAT-MTR
CPI-DUP-28952,CPI-B-052D9B8B,RELATED,"Same category/mfg, different size/specs",NONE,CAT-VLV
GME-LUB-29080,GME-B-F093E5A1,FUNCTIONALLY_EQUIVALENT,"Different Manufacturer/MPN, identical critical attributes",NONE,CAT-LUB
AHM-BRG-73232,AHM-B-F5FC18B2,REQUIRES_ENGINEERING_REVIEW,Mismatched conditionally critical attribute,seal_type (Conditional),CAT-BRG
NEC-PPE-31959,NEC-B-869B6C29,EXACT_DUPLICATE,"Identical MPN/Attributes, perturbed description",NONE,CAT-PPE
NEC-PMP-25701,NEC-B-E374BC66,NEAR_DUPLICATE,"Identical MPN, perturbed desc, dropped minor field",NONE,CAT-PMP
NEC-PPE-42962,NEC-B-12D831D1,RELATED,"Same category/mfg, different size/specs",NONE,CAT-PPE
